recorder_folder,DATE,TIME,LON,LAT,BAT,TEMP,HUMI,FILE,GAIN,SAMPLE RATE,CHANNEL,NOTE,wav_file,birdnet_start_s,birdnet_end_s,peak_time_s,gcc_start_s,gcc_end_s,tdoa_ms,lag_samples,bearing_1_deg,bearing_2_deg,detected_by
Recorder 6 - 1004 to 1704,04-10-2026,18:42:07,1.92444W,50.93974N,100%,9C,62%,6_20260410_184207.wav,AGC,48kHz,stereo,Part1,6_20260410_184207.wav,159.0,162.0,159.1236875,159.0,159.3736875,0.0013020833333333333,0.0625,0.1705944566832045,179.8294055433168,"left,right"
Recorder 6 - 1004 to 1704,04-10-2026,18:42:07,1.92444W,50.93974N,100%,9C,62%,6_20260410_184207.wav,AGC,48kHz,stereo,Part1,6_20260410_184207.wav,324.0,327.0,325.52135416666664,325.27135416666664,325.77135416666664,-0.01953125,-0.9375,357.4402354785634,182.5597645214366,"left,right"
Recorder 6 - 1004 to 1704,04-10-2026,18:42:07,1.92444W,50.93974N,100%,9C,62%,6_20260410_184207.wav,AGC,48kHz,stereo,Part1,6_20260410_184207.wav,480.0,483.0,480.08733333333333,480.0,480.33733333333333,-0.0013020833333333333,-0.0625,359.8294055433168,180.1705944566832,"left,right"
Recorder 6 - 1004 to 1704,04-10-2026,18:42:07,1.92444W,50.93974N,100%,9C,62%,6_20260410_184207.wav,AGC,48kHz,stereo,Part1,6_20260410_184207.wav,771.0,774.0,771.8505833333334,771.6005833333334,772.1005833333334,0.0,0.0,0.0,180.0,"left,right"
Recorder 6 - 1004 to 1704,04-10-2026,18:42:07,1.92444W,50.93974N,100%,9C,62%,6_20260410_184207.wav,AGC,48kHz,stereo,Part1,6_20260410_184207.wav,888.0,891.0,889.6740416666667,889.4240416666667,889.9240416666667,-0.01953125,-0.9375,357.4402354785634,182.5597645214366,"left,right"
Recorder 6 - 1004 to 1704,04-10-2026,18:42:07,1.92444W,50.93974N,100%,9C,62%,6_20260410_184207.wav,AGC,48kHz,stereo,Part1,6_20260410_184207.wav,996.0,999.0,997.5476041666667,997.2976041666667,997.7976041666667,0.022135416666666668,1.0625,2.9013412575649227,177.09865874243508,"left,right"
Recorder 6 - 1004 to 1704,04-10-2026,18:42:07,1.92444W,50.93974N,100%,9C,62%,6_20260410_184207.wav,AGC,48kHz,stereo,Part1,6_20260410_184207.wav,1089.0,1092.0,1091.1650625,1090.9150625,1091.4150625,0.0,0.0,0.0,180.0,"left,right"
Recorder 6 - 1004 to 1704,04-10-2026,18:42:07,1.92444W,50.93974N,100%,9C,62%,6_20260410_184207.wav,AGC,48kHz,stereo,Part1,6_20260410_184207.wav,1131.0,1134.0,1133.3969375,1133.1469375,1133.6469375,0.10286458333333333,4.9375,13.604415340680433,166.39558465931958,"left,right"
Recorder 6 - 1004 to 1704,04-10-2026,18:42:07,1.92444W,50.93974N,100%,9C,62%,6_20260410_184207.wav,AGC,48kHz,stereo,Part1,6_20260410_184207.wav,1545.0,1548.0,1546.8286458333334,1546.5786458333334,1547.0786458333334,-0.0013020833333333333,-0.0625,359.8294055433168,180.1705944566832,"left,right"
Recorder 6 - 1004 to 1704,04-10-2026,19:12:09,1.92444W,50.93974N,100%,9C,62%,6_20260410_191209.wav,AGC,48kHz,stereo,Part2,6_20260410_191209.wav,21.0,24.0,22.342208333333332,22.092208333333332,22.592208333333332,-0.0013020833333333333,-0.0625,359.8294055433168,180.1705944566832,"left,right"
Recorder 6 - 1004 to 1704,04-10-2026,19:12:09,1.92444W,50.93974N,100%,9C,62%,6_20260410_191209.wav,AGC,48kHz,stereo,Part2,6_20260410_191209.wav,108.0,111.0,110.98922916666666,110.73922916666666,111.0,0.01953125,0.9375,2.559764521436577,177.4402354785634,"left,right"
Recorder 6 - 1004 to 1704,04-10-2026,19:12:09,1.92444W,50.93974N,100%,9C,62%,6_20260410_191209.wav,AGC,48kHz,stereo,Part2,6_20260410_191209.wav,111.0,114.0,111.0208125,111.0,111.2708125,0.0,0.0,0.0,180.0,"left,right"
Recorder 6 - 1004 to 1704,04-10-2026,19:12:09,1.92444W,50.93974N,100%,9C,62%,6_20260410_191209.wav,AGC,48kHz,stereo,Part2,6_20260410_191209.wav,591.0,594.0,593.4089166666666,593.1589166666666,593.6589166666666,-0.01953125,-0.9375,357.4402354785634,182.5597645214366,"left,right"
Recorder 6 - 1004 to 1704,04-10-2026,19:12:09,1.92444W,50.93974N,100%,9C,62%,6_20260410_191209.wav,AGC,48kHz,stereo,Part2,6_20260410_191209.wav,702.0,705.0,702.4283958333333,702.1783958333333,702.6783958333333,0.0,0.0,0.0,180.0,"left,right"
Recorder 6 - 1004 to 1704,04-10-2026,19:12:09,1.92444W,50.93974N,100%,9C,62%,6_20260410_191209.wav,AGC,48kHz,stereo,Part2,6_20260410_191209.wav,771.0,774.0,773.8973125,773.6473125,774.0,0.0,0.0,0.0,180.0,"left,right"
Recorder 6 - 1004 to 1704,04-10-2026,19:12:09,1.92444W,50.93974N,100%,9C,62%,6_20260410_191209.wav,AGC,48kHz,stereo,Part2,6_20260410_191209.wav,774.0,777.0,775.670125,775.420125,775.920125,-0.018229166666666668,-0.8750000000000001,357.6109889533793,182.38901104662065,"left,right"
Recorder 6 - 1004 to 1704,04-10-2026,19:12:09,1.92444W,50.93974N,100%,9C,62%,6_20260410_191209.wav,AGC,48kHz,stereo,Part2,6_20260410_191209.wav,984.0,987.0,986.9899791666667,986.7399791666667,987.0,0.0013020833333333333,0.0625,0.1705944566832045,179.8294055433168,"left,right"
Recorder 6 - 1004 to 1704,04-10-2026,19:12:09,1.92444W,50.93974N,100%,9C,62%,6_20260410_191209.wav,AGC,48kHz,stereo,Part2,6_20260410_191209.wav,987.0,990.0,987.053,987.0,987.303,0.0,0.0,0.0,180.0,"left,right"
Recorder 6 - 1004 to 1704,04-10-2026,19:12:09,1.92444W,50.93974N,100%,9C,62%,6_20260410_191209.wav,AGC,48kHz,stereo,Part2,6_20260410_191209.wav,1080.0,1083.0,1082.6510416666667,1082.4010416666667,1082.9010416666667,-0.01953125,-0.9375,357.4402354785634,182.5597645214366,"left,right"
Recorder 6 - 1004 to 1704,04-10-2026,19:12:09,1.92444W,50.93974N,100%,9C,62%,6_20260410_191209.wav,AGC,48kHz,stereo,Part2,6_20260410_191209.wav,1470.0,1473.0,1470.9634375,1470.7134375,1471.2134375,-0.020833333333333332,-1.0,357.26945925055134,182.73054074944866,"left,right"
Recorder 6 - 1004 to 1704,04-10-2026,19:12:09,1.92444W,50.93974N,100%,9C,62%,6_20260410_191209.wav,AGC,48kHz,stereo,Part2,6_20260410_191209.wav,1476.0,1479.0,1477.4093541666666,1477.1593541666666,1477.6593541666666,0.0,0.0,0.0,180.0,"left,right"
Recorder 6 - 1004 to 1704,04-10-2026,19:12:09,1.92444W,50.93974N,100%,9C,62%,6_20260410_191209.wav,AGC,48kHz,stereo,Part2,6_20260410_191209.wav,1545.0,1548.0,1545.8593333333333,1545.6093333333333,1546.1093333333333,-0.0013020833333333333,-0.0625,359.8294055433168,180.1705944566832,"left,right"
Recorder 6 - 1004 to 1704,04-10-2026,19:12:09,1.92444W,50.93974N,100%,9C,62%,6_20260410_191209.wav,AGC,48kHz,stereo,Part2,6_20260410_191209.wav,1734.0,1737.0,1734.7606458333332,1734.5106458333332,1735.0106458333332,0.0013020833333333333,0.0625,0.1705944566832045,179.8294055433168,"left,right"
Recorder 6 - 1004 to 1704,04-11-2026,06:39:02,1.92444W,50.93976N,100%,8C,86%,6_20260411_063902.wav,AGC,48kHz,stereo,Part1,6_20260411_063902.wav,195.0,198.0,196.84972916666666,196.59972916666666,197.09972916666666,0.01953125,0.9375,2.559764521436577,177.4402354785634,"left,right"
Recorder 6 - 1004 to 1704,04-11-2026,06:39:02,1.92444W,50.93976N,100%,8C,86%,6_20260411_063902.wav,AGC,48kHz,stereo,Part1,6_20260411_063902.wav,291.0,294.0,292.0819583333333,291.8319583333333,292.3319583333333,0.0,0.0,0.0,180.0,"left,right"
Recorder 6 - 1004 to 1704,04-11-2026,06:39:02,1.92444W,50.93976N,100%,8C,86%,6_20260411_063902.wav,AGC,48kHz,stereo,Part1,6_20260411_063902.wav,1059.0,1062.0,1059.18125,1059.0,1059.43125,0.0,0.0,0.0,180.0,"left,right"
Recorder 6 - 1004 to 1704,04-11-2026,06:39:02,1.92444W,50.93976N,100%,8C,86%,6_20260411_063902.wav,AGC,48kHz,stereo,Part1,6_20260411_063902.wav,1464.0,1467.0,1466.5435416666667,1466.2935416666667,1466.7935416666667,-0.020833333333333332,-1.0,357.26945925055134,182.73054074944866,"left,right"
Recorder 6 - 1004 to 1704,04-11-2026,06:39:02,1.92444W,50.93976N,100%,8C,86%,6_20260411_063902.wav,AGC,48kHz,stereo,Part1,6_20260411_063902.wav,1686.0,1689.0,1687.2248125,1686.9748125,1687.4748125,-0.020833333333333332,-1.0,357.26945925055134,182.73054074944866,"left,right"
Recorder 6 - 1004 to 1704,04-11-2026,07:09:03,1.92444W,50.93976N,100%,8C,86%,6_20260411_070903.wav,AGC,48kHz,stereo,Part2,6_20260411_070903.wav,51.0,54.0,51.5538125,51.3038125,51.8038125,0.020833333333333332,1.0,2.730540749448636,177.26945925055136,"left,right"
Recorder 6 - 1004 to 1704,04-11-2026,07:09:03,1.92444W,50.93976N,100%,8C,86%,6_20260411_070903.wav,AGC,48kHz,stereo,Part2,6_20260411_070903.wav,192.0,195.0,192.79275,192.54275,193.04275,-0.0013020833333333333,-0.0625,359.8294055433168,180.1705944566832,"left,right"
Recorder 6 - 1004 to 1704,04-11-2026,07:09:03,1.92444W,50.93976N,100%,8C,86%,6_20260411_070903.wav,AGC,48kHz,stereo,Part2,6_20260411_070903.wav,333.0,336.0,334.8766875,334.6266875,335.1266875,0.0,0.0,0.0,180.0,"left,right"
Recorder 6 - 1004 to 1704,04-11-2026,07:09:03,1.92444W,50.93976N,100%,8C,86%,6_20260411_070903.wav,AGC,48kHz,stereo,Part2,6_20260411_070903.wav,492.0,495.0,493.57645833333333,493.32645833333333,493.82645833333333,0.0,0.0,0.0,180.0,"left,right"
Recorder 6 - 1004 to 1704,04-11-2026,07:09:03,1.92444W,50.93976N,100%,8C,86%,6_20260411_070903.wav,AGC,48kHz,stereo,Part2,6_20260411_070903.wav,624.0,627.0,624.7239583333334,624.4739583333334,624.9739583333334,0.0,0.0,0.0,180.0,"left,right"
Recorder 6 - 1004 to 1704,04-11-2026,07:09:03,1.92444W,50.93976N,100%,8C,86%,6_20260411_070903.wav,AGC,48kHz,stereo,Part2,6_20260411_070903.wav,714.0,717.0,715.0179791666667,714.7679791666667,715.2679791666667,0.0,0.0,0.0,180.0,"left,right"
Recorder 6 - 1004 to 1704,04-11-2026,07:09:03,1.92444W,50.93976N,100%,8C,86%,6_20260411_070903.wav,AGC,48kHz,stereo,Part2,6_20260411_070903.wav,891.0,894.0,893.587625,893.337625,893.837625,0.0013020833333333333,0.0625,0.1705944566832045,179.8294055433168,"left,right"
Recorder 6 - 1004 to 1704,04-11-2026,07:09:03,1.92444W,50.93976N,100%,8C,86%,6_20260411_070903.wav,AGC,48kHz,stereo,Part2,6_20260411_070903.wav,894.0,897.0,894.0100416666667,894.0,894.2600416666667,0.0,0.0,0.0,180.0,"left,right"
Recorder 6 - 1004 to 1704,04-11-2026,07:09:03,1.92444W,50.93976N,100%,8C,86%,6_20260411_070903.wav,AGC,48kHz,stereo,Part2,6_20260411_070903.wav,1026.0,1029.0,1027.7939583333334,1027.5439583333334,1028.0439583333334,-0.0013020833333333333,-0.0625,359.8294055433168,180.1705944566832,"left,right"
Recorder 6 - 1004 to 1704,04-11-2026,07:09:03,1.92444W,50.93976N,100%,8C,86%,6_20260411_070903.wav,AGC,48kHz,stereo,Part2,6_20260411_070903.wav,1029.0,1032.0,1031.20675,1030.95675,1031.45675,0.0013020833333333333,0.0625,0.1705944566832045,179.8294055433168,"left,right"
Recorder 6 - 1004 to 1704,04-11-2026,07:09:03,1.92444W,50.93976N,100%,8C,86%,6_20260411_070903.wav,AGC,48kHz,stereo,Part2,6_20260411_070903.wav,1398.0,1401.0,1398.9855,1398.7355,1399.2355,0.0,0.0,0.0,180.0,"left,right"
Recorder 6 - 1004 to 1704,04-11-2026,07:09:03,1.92444W,50.93976N,100%,8C,86%,6_20260411_070903.wav,AGC,48kHz,stereo,Part2,6_20260411_070903.wav,1494.0,1497.0,1496.6703541666666,1496.4203541666666,1496.9203541666666,0.01953125,0.9375,2.559764521436577,177.4402354785634,"left,right"
Recorder 6 - 1004 to 1704,04-11-2026,07:09:03,1.92444W,50.93976N,100%,8C,86%,6_20260411_070903.wav,AGC,48kHz,stereo,Part2,6_20260411_070903.wav,1596.0,1599.0,1598.6905,1598.4405,1598.9405,0.0,0.0,0.0,180.0,"left,right"
Recorder 6 - 1004 to 1704,04-11-2026,07:09:03,1.92444W,50.93976N,100%,8C,86%,6_20260411_070903.wav,AGC,48kHz,stereo,Part2,6_20260411_070903.wav,1599.0,1602.0,1599.211875,1599.0,1599.461875,-0.0013020833333333333,-0.0625,359.8294055433168,180.1705944566832,"left,right"
Recorder 6 - 1004 to 1704,04-11-2026,18:42:02,1.92444W,50.93976N,100%,10C,57%,6_20260411_184202.wav,AGC,48kHz,stereo,Part1,6_20260411_184202.wav,42.0,45.0,44.62052083333333,44.37052083333333,44.87052083333333,-0.041666666666666664,-2.0,354.5326921717127,185.4673078282873,"left,right"
Recorder 6 - 1004 to 1704,04-11-2026,18:42:02,1.92444W,50.93976N,100%,10C,57%,6_20260411_184202.wav,AGC,48kHz,stereo,Part1,6_20260411_184202.wav,45.0,48.0,45.06335416666667,45.0,45.31335416666667,0.0,0.0,0.0,180.0,"left,right"
Recorder 6 - 1004 to 1704,04-11-2026,18:42:02,1.92444W,50.93976N,100%,10C,57%,6_20260411_184202.wav,AGC,48kHz,stereo,Part1,6_20260411_184202.wav,153.0,156.0,153.87139583333334,153.62139583333334,154.12139583333334,0.0013020833333333333,0.0625,0.1705944566832045,179.8294055433168,"left,right"
Recorder 6 - 1004 to 1704,04-11-2026,18:42:02,1.92444W,50.93976N,100%,10C,57%,6_20260411_184202.wav,AGC,48kHz,stereo,Part1,6_20260411_184202.wav,420.0,423.0,422.1862291666667,421.9362291666667,422.4362291666667,0.0,0.0,0.0,180.0,"left,right"
Recorder 6 - 1004 to 1704,04-11-2026,18:42:02,1.92444W,50.93976N,100%,10C,57%,6_20260411_184202.wav,AGC,48kHz,stereo,Part1,6_20260411_184202.wav,558.0,561.0,560.5609583333334,560.3109583333334,560.8109583333334,-0.23046875,-11.0625,328.19666875824436,211.80333124175564,"left,right"
Recorder 6 - 1004 to 1704,04-11-2026,18:42:02,1.92444W,50.93976N,100%,10C,57%,6_20260411_184202.wav,AGC,48kHz,stereo,Part1,6_20260411_184202.wav,561.0,564.0,561.0105,561.0,561.2605,0.0,0.0,0.0,180.0,"left,right"
Recorder 6 - 1004 to 1704,04-11-2026,18:42:02,1.92444W,50.93976N,100%,10C,57%,6_20260411_184202.wav,AGC,48kHz,stereo,Part1,6_20260411_184202.wav,648.0,651.0,648.1259375,648.0,648.3759375,0.0,0.0,0.0,180.0,"left,right"
Recorder 6 - 1004 to 1704,04-11-2026,18:42:02,1.92444W,50.93976N,100%,10C,57%,6_20260411_184202.wav,AGC,48kHz,stereo,Part1,6_20260411_184202.wav,1380.0,1383.0,1380.8897291666667,1380.6397291666667,1381.1397291666667,-0.020833333333333332,-1.0,357.26945925055134,182.73054074944866,"left,right"
Recorder 6 - 1004 to 1704,04-11-2026,18:42:02,1.92444W,50.93976N,100%,10C,57%,6_20260411_184202.wav,AGC,48kHz,stereo,Part1,6_20260411_184202.wav,1671.0,1674.0,1672.6464791666667,1672.3964791666667,1672.8964791666667,0.0,0.0,0.0,180.0,"left,right"
Recorder 6 - 1004 to 1704,04-11-2026,19:12:03,1.92444W,50.93976N,100%,10C,57%,6_20260411_191203.wav,AGC,48kHz,stereo,Part2,6_20260411_191203.wav,87.0,90.0,87.069625,87.0,87.319625,0.0,0.0,0.0,180.0,"left,right"
Recorder 6 - 1004 to 1704,04-11-2026,19:12:03,1.92444W,50.93976N,100%,10C,57%,6_20260411_191203.wav,AGC,48kHz,stereo,Part2,6_20260411_191203.wav,195.0,198.0,195.44983333333334,195.19983333333334,195.69983333333334,-0.01953125,-0.9375,357.4402354785634,182.5597645214366,"left,right"
Recorder 6 - 1004 to 1704,04-11-2026,19:12:03,1.92444W,50.93976N,100%,10C,57%,6_20260411_191203.wav,AGC,48kHz,stereo,Part2,6_20260411_191203.wav,306.0,309.0,306.7483541666667,306.4983541666667,306.9983541666667,0.01953125,0.9375,2.559764521436577,177.4402354785634,"left,right"
Recorder 6 - 1004 to 1704,04-11-2026,19:12:03,1.92444W,50.93976N,100%,10C,57%,6_20260411_191203.wav,AGC,48kHz,stereo,Part2,6_20260411_191203.wav,399.0,402.0,401.0290625,400.7790625,401.2790625,0.018229166666666668,0.8750000000000001,2.389011046620638,177.61098895337938,"left,right"
Recorder 6 - 1004 to 1704,04-11-2026,19:12:03,1.92444W,50.93976N,100%,10C,57%,6_20260411_191203.wav,AGC,48kHz,stereo,Part2,6_20260411_191203.wav,507.0,510.0,508.4807083333333,508.2307083333333,508.7307083333333,0.0013020833333333333,0.0625,0.1705944566832045,179.8294055433168,"left,right"
Recorder 6 - 1004 to 1704,04-11-2026,19:12:03,1.92444W,50.93976N,100%,10C,57%,6_20260411_191203.wav,AGC,48kHz,stereo,Part2,6_20260411_191203.wav,600.0,603.0,602.99,602.74,603.0,0.0,0.0,0.0,180.0,"left,right"
Recorder 6 - 1004 to 1704,04-11-2026,19:12:03,1.92444W,50.93976N,100%,10C,57%,6_20260411_191203.wav,AGC,48kHz,stereo,Part2,6_20260411_191203.wav,603.0,606.0,603.0987708333333,603.0,603.3487708333333,0.0,0.0,0.0,180.0,"left,right"
Recorder 6 - 1004 to 1704,04-11-2026,19:12:03,1.92444W,50.93976N,100%,10C,57%,6_20260411_191203.wav,AGC,48kHz,stereo,Part2,6_20260411_191203.wav,696.0,699.0,697.8376875,697.5876875,698.0876875,0.0,0.0,0.0,180.0,"left,right"
Recorder 6 - 1004 to 1704,04-11-2026,19:12:03,1.92444W,50.93976N,100%,10C,57%,6_20260411_191203.wav,AGC,48kHz,stereo,Part2,6_20260411_191203.wav,798.0,801.0,798.5860625,798.3360625,798.8360625,0.0013020833333333333,0.0625,0.1705944566832045,179.8294055433168,"left,right"
Recorder 6 - 1004 to 1704,04-11-2026,19:12:03,1.92444W,50.93976N,100%,10C,57%,6_20260411_191203.wav,AGC,48kHz,stereo,Part2,6_20260411_191203.wav,927.0,930.0,928.0593541666667,927.8093541666667,928.3093541666667,0.020833333333333332,1.0,2.730540749448636,177.26945925055136,"left,right"
Recorder 6 - 1004 to 1704,04-11-2026,19:12:03,1.92444W,50.93976N,100%,10C,57%,6_20260411_191203.wav,AGC,48kHz,stereo,Part2,6_20260411_191203.wav,1182.0,1185.0,1184.3758125,1184.1258125,1184.6258125,-0.0013020833333333333,-0.0625,359.8294055433168,180.1705944566832,"left,right"
Recorder 6 - 1004 to 1704,04-12-2026,06:39:02,1.92444W,50.93976N,100%,5C,89%,6_20260412_063902.wav,AGC,48kHz,stereo,Part1,6_20260412_063902.wav,114.0,117.0,116.9190625,116.6690625,117.0,-0.0013020833333333333,-0.0625,359.8294055433168,180.1705944566832,"left,right"
Recorder 6 - 1004 to 1704,04-12-2026,06:39:02,1.92444W,50.93976N,100%,5C,89%,6_20260412_063902.wav,AGC,48kHz,stereo,Part1,6_20260412_063902.wav,117.0,120.0,117.13266666666667,117.0,117.38266666666667,0.0,0.0,0.0,180.0,"left,right"
Recorder 6 - 1004 to 1704,04-12-2026,06:39:02,1.92444W,50.93976N,100%,5C,89%,6_20260412_063902.wav,AGC,48kHz,stereo,Part1,6_20260412_063902.wav,378.0,381.0,380.831125,380.581125,381.0,-0.0013020833333333333,-0.0625,359.8294055433168,180.1705944566832,"left,right"
Recorder 6 - 1004 to 1704,04-12-2026,06:39:02,1.92444W,50.93976N,100%,5C,89%,6_20260412_063902.wav,AGC,48kHz,stereo,Part1,6_20260412_063902.wav,381.0,384.0,381.281375,381.031375,381.531375,-0.018229166666666668,-0.8750000000000001,357.6109889533793,182.38901104662065,"left,right"
Recorder 6 - 1004 to 1704,04-12-2026,06:39:02,1.92444W,50.93976N,100%,5C,89%,6_20260412_063902.wav,AGC,48kHz,stereo,Part1,6_20260412_063902.wav,492.0,495.0,494.36814583333336,494.11814583333336,494.61814583333336,0.0013020833333333333,0.0625,0.1705944566832045,179.8294055433168,"left,right"
Recorder 6 - 1004 to 1704,04-12-2026,06:39:02,1.92444W,50.93976N,100%,5C,89%,6_20260412_063902.wav,AGC,48kHz,stereo,Part1,6_20260412_063902.wav,633.0,636.0,633.9047708333334,633.6547708333334,634.1547708333334,-0.0026041666666666665,-0.125,359.65880957427,180.34119042573002,"left,right"
Recorder 6 - 1004 to 1704,04-12-2026,06:39:02,1.92444W,50.93976N,100%,5C,89%,6_20260412_063902.wav,AGC,48kHz,stereo,Part1,6_20260412_063902.wav,768.0,771.0,769.2109791666667,768.9609791666667,769.4609791666667,-0.0013020833333333333,-0.0625,359.8294055433168,180.1705944566832,"left,right"
Recorder 6 - 1004 to 1704,04-12-2026,06:39:02,1.92444W,50.93976N,100%,5C,89%,6_20260412_063902.wav,AGC,48kHz,stereo,Part1,6_20260412_063902.wav,870.0,873.0,870.7544791666667,870.5044791666667,871.0044791666667,0.0,0.0,0.0,180.0,"left,right"
Recorder 6 - 1004 to 1704,04-12-2026,06:39:02,1.92444W,50.93976N,100%,5C,89%,6_20260412_063902.wav,AGC,48kHz,stereo,Part1,6_20260412_063902.wav,993.0,996.0,994.5815833333334,994.3315833333334,994.8315833333334,0.0013020833333333333,0.0625,0.1705944566832045,179.8294055433168,"left,right"
Recorder 6 - 1004 to 1704,04-12-2026,06:39:02,1.92444W,50.93976N,100%,5C,89%,6_20260412_063902.wav,AGC,48kHz,stereo,Part1,6_20260412_063902.wav,1107.0,1110.0,1107.406625,1107.156625,1107.656625,-0.01953125,-0.9375,357.4402354785634,182.5597645214366,"left,right"
Recorder 6 - 1004 to 1704,04-12-2026,06:39:02,1.92444W,50.93976N,100%,5C,89%,6_20260412_063902.wav,AGC,48kHz,stereo,Part1,6_20260412_063902.wav,1248.0,1251.0,1249.9087916666667,1249.6587916666667,1250.1587916666667,0.0,0.0,0.0,180.0,"left,right"
Recorder 6 - 1004 to 1704,04-12-2026,06:39:02,1.92444W,50.93976N,100%,5C,89%,6_20260412_063902.wav,AGC,48kHz,stereo,Part1,6_20260412_063902.wav,1362.0,1365.0,1364.3097916666666,1364.0597916666666,1364.5597916666666,-0.0013020833333333333,-0.0625,359.8294055433168,180.1705944566832,"left,right"
Recorder 6 - 1004 to 1704,04-12-2026,06:39:02,1.92444W,50.93976N,100%,5C,89%,6_20260412_063902.wav,AGC,48kHz,stereo,Part1,6_20260412_063902.wav,1476.0,1479.0,1476.8290208333333,1476.5790208333333,1477.0790208333333,0.0,0.0,0.0,180.0,"left,right"
Recorder 6 - 1004 to 1704,04-12-2026,06:39:02,1.92444W,50.93976N,100%,5C,89%,6_20260412_063902.wav,AGC,48kHz,stereo,Part1,6_20260412_063902.wav,1716.0,1719.0,1717.6244583333332,1717.3744583333332,1717.8744583333332,-0.0013020833333333333,-0.0625,359.8294055433168,180.1705944566832,"left,right"
Recorder 6 - 1004 to 1704,04-12-2026,07:09:03,1.92444W,50.93976N,100%,5C,89%,6_20260412_070903.wav,AGC,48kHz,stereo,Part2,6_20260412_070903.wav,42.0,45.0,43.846916666666665,43.596916666666665,44.096916666666665,-0.10416666666666667,-5.0,346.22000051887755,193.77999948112247,"left,right"
Recorder 6 - 1004 to 1704,04-12-2026,07:09:03,1.92444W,50.93976N,100%,5C,89%,6_20260412_070903.wav,AGC,48kHz,stereo,Part2,6_20260412_070903.wav,261.0,264.0,261.879625,261.629625,262.129625,0.0,0.0,0.0,180.0,"left,right"
Recorder 6 - 1004 to 1704,04-12-2026,07:09:03,1.92444W,50.93976N,100%,5C,89%,6_20260412_070903.wav,AGC,48kHz,stereo,Part2,6_20260412_070903.wav,366.0,369.0,368.36266666666666,368.11266666666666,368.61266666666666,-0.020833333333333332,-1.0,357.26945925055134,182.73054074944866,"left,right"
Recorder 6 - 1004 to 1704,04-12-2026,07:09:03,1.92444W,50.93976N,100%,5C,89%,6_20260412_070903.wav,AGC,48kHz,stereo,Part2,6_20260412_070903.wav,969.0,972.0,970.8175416666667,970.5675416666667,971.0675416666667,-0.018229166666666668,-0.8750000000000001,357.6109889533793,182.38901104662065,"left,right"
Recorder 6 - 1004 to 1704,04-12-2026,07:09:03,1.92444W,50.93976N,100%,5C,89%,6_20260412_070903.wav,AGC,48kHz,stereo,Part2,6_20260412_070903.wav,1092.0,1095.0,1092.9725208333334,1092.7225208333334,1093.2225208333334,0.0,0.0,0.0,180.0,"left,right"
Recorder 6 - 1004 to 1704,04-12-2026,07:09:03,1.92444W,50.93976N,100%,5C,89%,6_20260412_070903.wav,AGC,48kHz,stereo,Part2,6_20260412_070903.wav,1101.0,1104.0,1101.4520208333333,1101.2020208333333,1101.7020208333333,-0.01953125,-0.9375,357.4402354785634,182.5597645214366,"left,right"
Recorder 6 - 1004 to 1704,04-12-2026,07:09:03,1.92444W,50.93976N,100%,5C,89%,6_20260412_070903.wav,AGC,48kHz,stereo,Part2,6_20260412_070903.wav,1266.0,1269.0,1266.3281458333333,1266.0781458333333,1266.5781458333333,0.0,0.0,0.0,180.0,"left,right"
Recorder 6 - 1004 to 1704,04-12-2026,07:09:03,1.92444W,50.93976N,100%,5C,89%,6_20260412_070903.wav,AGC,48kHz,stereo,Part2,6_20260412_070903.wav,1353.0,1356.0,1354.4324791666666,1354.1824791666666,1354.6824791666666,0.0,0.0,0.0,180.0,"left,right"
Recorder 6 - 1004 to 1704,04-12-2026,07:09:03,1.92444W,50.93976N,100%,5C,89%,6_20260412_070903.wav,AGC,48kHz,stereo,Part2,6_20260412_070903.wav,1521.0,1524.0,1521.0858958333333,1521.0,1521.3358958333333,-0.0013020833333333333,-0.0625,359.8294055433168,180.1705944566832,"left,right"
Recorder 6 - 1004 to 1704,04-12-2026,07:09:03,1.92444W,50.93976N,100%,5C,89%,6_20260412_070903.wav,AGC,48kHz,stereo,Part2,6_20260412_070903.wav,1662.0,1665.0,1662.9762916666666,1662.7262916666666,1663.2262916666666,0.01953125,0.9375,2.559764521436577,177.4402354785634,"left,right"
Recorder 6 - 1004 to 1704,04-12-2026,18:42:02,1.92444W,50.93976N,100%,11C,60%,6_20260412_184202.wav,AGC,48kHz,stereo,Part1,6_20260412_184202.wav,243.0,246.0,243.21058333333335,243.0,243.46058333333335,0.0,0.0,0.0,180.0,"left,right"
Recorder 6 - 1004 to 1704,04-12-2026,18:42:02,1.92444W,50.93976N,100%,11C,60%,6_20260412_184202.wav,AGC,48kHz,stereo,Part1,6_20260412_184202.wav,417.0,420.0,418.1743125,417.9243125,418.4243125,0.018229166666666668,0.8750000000000001,2.389011046620638,177.61098895337938,"left,right"
Recorder 6 - 1004 to 1704,04-12-2026,18:42:02,1.92444W,50.93976N,100%,11C,60%,6_20260412_184202.wav,AGC,48kHz,stereo,Part1,6_20260412_184202.wav,711.0,714.0,712.9594166666667,712.7094166666667,713.2094166666667,-0.022135416666666668,-1.0625,357.0986587424351,182.90134125756492,"left,right"
Recorder 6 - 1004 to 1704,04-12-2026,18:42:02,1.92444W,50.93976N,100%,11C,60%,6_20260412_184202.wav,AGC,48kHz,stereo,Part1,6_20260412_184202.wav,714.0,717.0,716.9318125,716.6818125,717.0,-0.022135416666666668,-1.0625,357.0986587424351,182.90134125756492,"left,right"
Recorder 6 - 1004 to 1704,04-12-2026,19:12:03,1.92444W,50.93976N,100%,11C,60%,6_20260412_191203.wav,AGC,48kHz,stereo,Part2,6_20260412_191203.wav,699.0,702.0,700.3605,700.1105,700.6105,0.22916666666666666,11.0,31.602816764442423,148.39718323555758,"left,right"
Recorder 6 - 1004 to 1704,04-12-2026,19:12:03,1.92444W,50.93976N,100%,11C,60%,6_20260412_191203.wav,AGC,48kHz,stereo,Part2,6_20260412_191203.wav,801.0,804.0,801.4146875,801.1646875,801.6646875,0.0,0.0,0.0,180.0,"left,right"
Recorder 6 - 1004 to 1704,04-12-2026,19:12:03,1.92444W,50.93976N,100%,11C,60%,6_20260412_191203.wav,AGC,48kHz,stereo,Part2,6_20260412_191203.wav,888.0,891.0,889.6311666666667,889.3811666666667,889.8811666666667,0.0013020833333333333,0.0625,0.1705944566832045,179.8294055433168,"left,right"
Recorder 6 - 1004 to 1704,04-12-2026,19:12:03,1.92444W,50.93976N,100%,11C,60%,6_20260412_191203.wav,AGC,48kHz,stereo,Part2,6_20260412_191203.wav,1017.0,1020.0,1017.0854583333333,1017.0,1017.3354583333333,0.0,0.0,0.0,180.0,"left,right"
Recorder 6 - 1004 to 1704,04-12-2026,19:12:03,1.92444W,50.93976N,100%,11C,60%,6_20260412_191203.wav,AGC,48kHz,stereo,Part2,6_20260412_191203.wav,1107.0,1110.0,1107.8032083333333,1107.5532083333333,1108.0532083333333,0.0,0.0,0.0,180.0,"left,right"
Recorder 6 - 1004 to 1704,04-12-2026,19:12:03,1.92444W,50.93976N,100%,11C,60%,6_20260412_191203.wav,AGC,48kHz,stereo,Part2,6_20260412_191203.wav,1227.0,1230.0,1229.7628333333334,1229.5128333333334,1230.0,-0.0013020833333333333,-0.0625,359.8294055433168,180.1705944566832,"left,right"
Recorder 6 - 1004 to 1704,04-12-2026,19:12:03,1.92444W,50.93976N,100%,11C,60%,6_20260412_191203.wav,AGC,48kHz,stereo,Part2,6_20260412_191203.wav,1344.0,1347.0,1344.9233125,1344.6733125,1345.1733125,-0.0013020833333333333,-0.0625,359.8294055433168,180.1705944566832,"left,right"
Recorder 6 - 1004 to 1704,04-12-2026,19:12:03,1.92444W,50.93976N,100%,11C,60%,6_20260412_191203.wav,AGC,48kHz,stereo,Part2,6_20260412_191203.wav,1440.0,1443.0,1440.1731041666667,1440.0,1440.4231041666667,0.0,0.0,0.0,180.0,"left,right"
Recorder 6 - 1004 to 1704,04-12-2026,19:12:03,1.92444W,50.93976N,100%,11C,60%,6_20260412_191203.wav,AGC,48kHz,stereo,Part2,6_20260412_191203.wav,1524.0,1527.0,1524.6509583333334,1524.4009583333334,1524.9009583333334,0.0,0.0,0.0,180.0,"left,right"
Recorder 6 - 1004 to 1704,04-12-2026,19:12:03,1.92444W,50.93976N,100%,11C,60%,6_20260412_191203.wav,AGC,48kHz,stereo,Part2,6_20260412_191203.wav,1641.0,1644.0,1642.15025,1641.90025,1642.40025,0.0,0.0,0.0,180.0,"left,right"
Recorder 6 - 1004 to 1704,04-12-2026,19:12:03,1.92444W,50.93976N,100%,11C,60%,6_20260412_191203.wav,AGC,48kHz,stereo,Part2,6_20260412_191203.wav,1749.0,1752.0,1750.0553958333333,1749.8053958333333,1750.3053958333333,0.375,18.0,59.03703129067228,120.96296870932773,"left,right"
Recorder 6 - 1004 to 1704,04-13-2026,06:39:02,1.92444W,50.93976N,100%,0C,97%,6_20260413_063902.wav,AGC,48kHz,stereo,Part1,6_20260413_063902.wav,333.0,336.0,334.95035416666667,334.70035416666667,335.20035416666667,0.0,0.0,0.0,180.0,"left,right"
Recorder 6 - 1004 to 1704,04-13-2026,06:39:02,1.92444W,50.93976N,100%,0C,97%,6_20260413_063902.wav,AGC,48kHz,stereo,Part1,6_20260413_063902.wav,348.0,351.0,349.9520625,349.7020625,350.2020625,-0.0013020833333333333,-0.0625,359.8294055433168,180.1705944566832,"left,right"
Recorder 6 - 1004 to 1704,04-13-2026,06:39:02,1.92444W,50.93976N,100%,0C,97%,6_20260413_063902.wav,AGC,48kHz,stereo,Part1,6_20260413_063902.wav,393.0,396.0,395.8090625,395.5590625,396.0,-0.01953125,-0.9375,357.4402354785634,182.5597645214366,"left,right"
Recorder 6 - 1004 to 1704,04-13-2026,06:39:02,1.92444W,50.93976N,100%,0C,97%,6_20260413_063902.wav,AGC,48kHz,stereo,Part1,6_20260413_063902.wav,423.0,426.0,424.8227083333333,424.5727083333333,425.0727083333333,0.01953125,0.9375,2.559764521436577,177.4402354785634,"left,right"
Recorder 6 - 1004 to 1704,04-13-2026,06:39:02,1.92444W,50.93976N,100%,0C,97%,6_20260413_063902.wav,AGC,48kHz,stereo,Part1,6_20260413_063902.wav,462.0,465.0,463.36283333333336,463.11283333333336,463.61283333333336,0.0,0.0,0.0,180.0,"left,right"
Recorder 6 - 1004 to 1704,04-13-2026,06:39:02,1.92444W,50.93976N,100%,0C,97%,6_20260413_063902.wav,AGC,48kHz,stereo,Part1,6_20260413_063902.wav,555.0,558.0,556.1695,555.9195,556.4195,0.0,0.0,0.0,180.0,"left,right"
Recorder 6 - 1004 to 1704,04-13-2026,06:39:02,1.92444W,50.93976N,100%,0C,97%,6_20260413_063902.wav,AGC,48kHz,stereo,Part1,6_20260413_063902.wav,597.0,600.0,599.9391666666667,599.6891666666667,600.0,0.0,0.0,0.0,180.0,"left,right"
Recorder 6 - 1004 to 1704,04-13-2026,06:39:02,1.92444W,50.93976N,100%,0C,97%,6_20260413_063902.wav,AGC,48kHz,stereo,Part1,6_20260413_063902.wav,600.0,603.0,600.3312916666666,600.0812916666666,600.5812916666666,0.0013020833333333333,0.0625,0.1705944566832045,179.8294055433168,"left,right"
Recorder 6 - 1004 to 1704,04-13-2026,06:39:02,1.92444W,50.93976N,100%,0C,97%,6_20260413_063902.wav,AGC,48kHz,stereo,Part1,6_20260413_063902.wav,615.0,618.0,616.6240208333334,616.3740208333334,616.8740208333334,-0.0013020833333333333,-0.0625,359.8294055433168,180.1705944566832,"left,right"
Recorder 6 - 1004 to 1704,04-13-2026,06:39:02,1.92444W,50.93976N,100%,0C,97%,6_20260413_063902.wav,AGC,48kHz,stereo,Part1,6_20260413_063902.wav,681.0,684.0,681.5007708333334,681.2507708333334,681.7507708333334,0.0,0.0,0.0,180.0,"left,right"
Recorder 6 - 1004 to 1704,04-13-2026,06:39:02,1.92444W,50.93976N,100%,0C,97%,6_20260413_063902.wav,AGC,48kHz,stereo,Part1,6_20260413_063902.wav,711.0,714.0,713.9889166666667,713.7389166666667,714.0,0.0,0.0,0.0,180.0,"left,right"
Recorder 6 - 1004 to 1704,04-13-2026,06:39:02,1.92444W,50.93976N,100%,0C,97%,6_20260413_063902.wav,AGC,48kHz,stereo,Part1,6_20260413_063902.wav,714.0,717.0,714.03975,714.0,714.28975,-0.0013020833333333333,-0.0625,359.8294055433168,180.1705944566832,"left,right"
Recorder 6 - 1004 to 1704,04-13-2026,06:39:02,1.92444W,50.93976N,100%,0C,97%,6_20260413_063902.wav,AGC,48kHz,stereo,Part1,6_20260413_063902.wav,819.0,822.0,819.05,819.0,819.3,0.0,0.0,0.0,180.0,"left,right"
Recorder 6 - 1004 to 1704,04-13-2026,06:39:02,1.92444W,50.93976N,100%,0C,97%,6_20260413_063902.wav,AGC,48kHz,stereo,Part1,6_20260413_063902.wav,837.0,840.0,839.6195833333334,839.3695833333334,839.8695833333334,0.0,0.0,0.0,180.0,"left,right"
Recorder 6 - 1004 to 1704,04-13-2026,06:39:02,1.92444W,50.93976N,100%,0C,97%,6_20260413_063902.wav,AGC,48kHz,stereo,Part1,6_20260413_063902.wav,840.0,843.0,840.0734375,840.0,840.3234375,-0.01953125,-0.9375,357.4402354785634,182.5597645214366,"left,right"
Recorder 6 - 1004 to 1704,04-13-2026,06:39:02,1.92444W,50.93976N,100%,0C,97%,6_20260413_063902.wav,AGC,48kHz,stereo,Part1,6_20260413_063902.wav,939.0,942.0,939.38575,939.13575,939.63575,0.26953125,12.937500000000002,38.04848772504897,141.95151227495103,"left,right"
Recorder 6 - 1004 to 1704,04-13-2026,06:39:02,1.92444W,50.93976N,100%,0C,97%,6_20260413_063902.wav,AGC,48kHz,stereo,Part1,6_20260413_063902.wav,1044.0,1047.0,1045.6311875,1045.3811875,1045.8811875,0.022135416666666668,1.0625,2.9013412575649227,177.09865874243508,"left,right"
Recorder 6 - 1004 to 1704,04-13-2026,06:39:02,1.92444W,50.93976N,100%,0C,97%,6_20260413_063902.wav,AGC,48kHz,stereo,Part1,6_20260413_063902.wav,1077.0,1080.0,1078.083875,1077.833875,1078.333875,0.0,0.0,0.0,180.0,"left,right"
Recorder 6 - 1004 to 1704,04-13-2026,06:39:02,1.92444W,50.93976N,100%,0C,97%,6_20260413_063902.wav,AGC,48kHz,stereo,Part1,6_20260413_063902.wav,1200.0,1203.0,1201.5854375,1201.3354375,1201.8354375,0.01953125,0.9375,2.559764521436577,177.4402354785634,"left,right"
Recorder 6 - 1004 to 1704,04-13-2026,06:39:02,1.92444W,50.93976N,100%,0C,97%,6_20260413_063902.wav,AGC,48kHz,stereo,Part1,6_20260413_063902.wav,1257.0,1260.0,1259.7005,1259.4505,1259.9505,0.0013020833333333333,0.0625,0.1705944566832045,179.8294055433168,"left,right"
Recorder 6 - 1004 to 1704,04-13-2026,06:39:02,1.92444W,50.93976N,100%,0C,97%,6_20260413_063902.wav,AGC,48kHz,stereo,Part1,6_20260413_063902.wav,1260.0,1263.0,1260.1967291666667,1260.0,1260.4467291666667,0.0,0.0,0.0,180.0,"left,right"
Recorder 6 - 1004 to 1704,04-13-2026,06:39:02,1.92444W,50.93976N,100%,0C,97%,6_20260413_063902.wav,AGC,48kHz,stereo,Part1,6_20260413_063902.wav,1299.0,1302.0,1299.5768541666666,1299.3268541666666,1299.8268541666666,0.0,0.0,0.0,180.0,"left,right"
Recorder 6 - 1004 to 1704,04-13-2026,06:39:02,1.92444W,50.93976N,100%,0C,97%,6_20260413_063902.wav,AGC,48kHz,stereo,Part1,6_20260413_063902.wav,1392.0,1395.0,1394.4325208333332,1394.1825208333332,1394.6825208333332,-0.0013020833333333333,-0.0625,359.8294055433168,180.1705944566832,"left,right"
Recorder 6 - 1004 to 1704,04-13-2026,06:39:02,1.92444W,50.93976N,100%,0C,97%,6_20260413_063902.wav,AGC,48kHz,stereo,Part1,6_20260413_063902.wav,1452.0,1455.0,1453.880625,1453.630625,1454.130625,0.020833333333333332,1.0,2.730540749448636,177.26945925055136,"left,right"
Recorder 6 - 1004 to 1704,04-13-2026,06:39:02,1.92444W,50.93976N,100%,0C,97%,6_20260413_063902.wav,AGC,48kHz,stereo,Part1,6_20260413_063902.wav,1494.0,1497.0,1494.6718541666667,1494.4218541666667,1494.9218541666667,0.0,0.0,0.0,180.0,"left,right"
Recorder 6 - 1004 to 1704,04-13-2026,06:39:02,1.92444W,50.93976N,100%,0C,97%,6_20260413_063902.wav,AGC,48kHz,stereo,Part1,6_20260413_063902.wav,1542.0,1545.0,1544.0007291666666,1543.7507291666666,1544.2507291666666,0.12239583333333333,5.875,16.252951687231345,163.74704831276864,"left,right"
Recorder 6 - 1004 to 1704,04-13-2026,06:39:02,1.92444W,50.93976N,100%,0C,97%,6_20260413_063902.wav,AGC,48kHz,stereo,Part1,6_20260413_063902.wav,1572.0,1575.0,1572.8087708333333,1572.5587708333333,1573.0587708333333,-0.0013020833333333333,-0.0625,359.8294055433168,180.1705944566832,"left,right"
Recorder 6 - 1004 to 1704,04-13-2026,06:39:02,1.92444W,50.93976N,100%,0C,97%,6_20260413_063902.wav,AGC,48kHz,stereo,Part1,6_20260413_063902.wav,1605.0,1608.0,1607.3832916666668,1607.1332916666668,1607.6332916666668,0.14583333333333334,7.000000000000001,19.479661319800442,160.52033868019956,"left,right"
Recorder 6 - 1004 to 1704,04-13-2026,06:39:02,1.92444W,50.93976N,100%,0C,97%,6_20260413_063902.wav,AGC,48kHz,stereo,Part1,6_20260413_063902.wav,1620.0,1623.0,1621.3788541666668,1621.1288541666668,1621.6288541666668,-0.020833333333333332,-1.0,357.26945925055134,182.73054074944866,"left,right"
Recorder 6 - 1004 to 1704,04-13-2026,07:09:03,1.92444W,50.93976N,100%,0C,97%,6_20260413_070903.wav,AGC,48kHz,stereo,Part2,6_20260413_070903.wav,75.0,78.0,77.97341666666667,77.72341666666667,78.0,0.0,0.0,0.0,180.0,"left,right"
Recorder 6 - 1004 to 1704,04-13-2026,07:09:03,1.92444W,50.93976N,100%,0C,97%,6_20260413_070903.wav,AGC,48kHz,stereo,Part2,6_20260413_070903.wav,78.0,81.0,78.09808333333334,78.0,78.34808333333334,0.0,0.0,0.0,180.0,"left,right"
Recorder 6 - 1004 to 1704,04-13-2026,07:09:03,1.92444W,50.93976N,100%,0C,97%,6_20260413_070903.wav,AGC,48kHz,stereo,Part2,6_20260413_070903.wav,441.0,444.0,443.2691458333333,443.0191458333333,443.5191458333333,0.020833333333333332,1.0,2.730540749448636,177.26945925055136,"left,right"
Recorder 6 - 1004 to 1704,04-13-2026,07:09:03,1.92444W,50.93976N,100%,0C,97%,6_20260413_070903.wav,AGC,48kHz,stereo,Part2,6_20260413_070903.wav,582.0,585.0,582.1601458333333,582.0,582.4101458333333,0.0,0.0,0.0,180.0,"left,right"
Recorder 6 - 1004 to 1704,04-13-2026,07:09:03,1.92444W,50.93976N,100%,0C,97%,6_20260413_070903.wav,AGC,48kHz,stereo,Part2,6_20260413_070903.wav,762.0,765.0,762.0565208333334,762.0,762.3065208333334,0.0,0.0,0.0,180.0,"left,right"
Recorder 6 - 1004 to 1704,04-13-2026,07:09:03,1.92444W,50.93976N,100%,0C,97%,6_20260413_070903.wav,AGC,48kHz,stereo,Part2,6_20260413_070903.wav,1077.0,1080.0,1078.62525,1078.37525,1078.87525,0.020833333333333332,1.0,2.730540749448636,177.26945925055136,"left,right"
Recorder 6 - 1004 to 1704,04-13-2026,07:09:03,1.92444W,50.93976N,100%,0C,97%,6_20260413_070903.wav,AGC,48kHz,stereo,Part2,6_20260413_070903.wav,1221.0,1224.0,1223.7973958333334,1223.5473958333334,1224.0,0.0,0.0,0.0,180.0,"left,right"
Recorder 6 - 1004 to 1704,04-13-2026,07:09:03,1.92444W,50.93976N,100%,0C,97%,6_20260413_070903.wav,AGC,48kHz,stereo,Part2,6_20260413_070903.wav,1521.0,1524.0,1522.8733125,1522.6233125,1523.1233125,-0.018229166666666668,-0.8750000000000001,357.6109889533793,182.38901104662065,"left,right"
Recorder 6 - 1004 to 1704,04-13-2026,07:09:03,1.92444W,50.93976N,100%,0C,97%,6_20260413_070903.wav,AGC,48kHz,stereo,Part2,6_20260413_070903.wav,1587.0,1590.0,1587.422875,1587.172875,1587.672875,0.020833333333333332,1.0,2.730540749448636,177.26945925055136,"left,right"
Recorder 6 - 1004 to 1704,04-13-2026,07:09:03,1.92444W,50.93976N,100%,0C,97%,6_20260413_070903.wav,AGC,48kHz,stereo,Part2,6_20260413_070903.wav,1734.0,1737.0,1734.8503125,1734.6003125,1735.1003125,-0.0013020833333333333,-0.0625,359.8294055433168,180.1705944566832,"left,right"
Recorder 6 - 1004 to 1704,04-13-2026,18:42:02,1.92444W,50.93976N,100%,10C,64%,6_20260413_184202.wav,AGC,48kHz,stereo,Part1,6_20260413_184202.wav,75.0,78.0,76.6293125,76.3793125,76.8793125,0.0,0.0,0.0,180.0,"left,right"
Recorder 6 - 1004 to 1704,04-13-2026,18:42:02,1.92444W,50.93976N,100%,10C,64%,6_20260413_184202.wav,AGC,48kHz,stereo,Part1,6_20260413_184202.wav,315.0,318.0,316.4615625,316.2115625,316.7115625,0.0,0.0,0.0,180.0,"left,right"
Recorder 6 - 1004 to 1704,04-13-2026,18:42:02,1.92444W,50.93976N,100%,10C,64%,6_20260413_184202.wav,AGC,48kHz,stereo,Part1,6_20260413_184202.wav,360.0,363.0,360.99283333333335,360.74283333333335,361.24283333333335,-0.125,-6.0,343.3913326437145,196.60866735628548,"left,right"
Recorder 6 - 1004 to 1704,04-13-2026,18:42:02,1.92444W,50.93976N,100%,10C,64%,6_20260413_184202.wav,AGC,48kHz,stereo,Part1,6_20260413_184202.wav,573.0,576.0,575.965125,575.715125,576.0,-0.020833333333333332,-1.0,357.26945925055134,182.73054074944866,"left,right"
Recorder 6 - 1004 to 1704,04-13-2026,18:42:02,1.92444W,50.93976N,100%,10C,64%,6_20260413_184202.wav,AGC,48kHz,stereo,Part1,6_20260413_184202.wav,576.0,579.0,576.0328958333333,576.0,576.2828958333333,0.0,0.0,0.0,180.0,"left,right"
Recorder 6 - 1004 to 1704,04-13-2026,18:42:02,1.92444W,50.93976N,100%,10C,64%,6_20260413_184202.wav,AGC,48kHz,stereo,Part1,6_20260413_184202.wav,714.0,717.0,715.0820208333333,714.8320208333333,715.3320208333333,0.0,0.0,0.0,180.0,"left,right"
Recorder 6 - 1004 to 1704,04-13-2026,18:42:02,1.92444W,50.93976N,100%,10C,64%,6_20260413_184202.wav,AGC,48kHz,stereo,Part1,6_20260413_184202.wav,945.0,948.0,945.5311875,945.2811875,945.7811875,0.020833333333333332,1.0,2.730540749448636,177.26945925055136,"left,right"
Recorder 6 - 1004 to 1704,04-13-2026,18:42:02,1.92444W,50.93976N,100%,10C,64%,6_20260413_184202.wav,AGC,48kHz,stereo,Part1,6_20260413_184202.wav,1119.0,1122.0,1120.5530625,1120.3030625,1120.8030625,-0.0013020833333333333,-0.0625,359.8294055433168,180.1705944566832,"left,right"
Recorder 6 - 1004 to 1704,04-13-2026,18:42:02,1.92444W,50.93976N,100%,10C,64%,6_20260413_184202.wav,AGC,48kHz,stereo,Part1,6_20260413_184202.wav,1236.0,1239.0,1238.1067916666666,1237.8567916666666,1238.3567916666666,-0.022135416666666668,-1.0625,357.0986587424351,182.90134125756492,"left,right"
Recorder 6 - 1004 to 1704,04-13-2026,18:42:02,1.92444W,50.93976N,100%,10C,64%,6_20260413_184202.wav,AGC,48kHz,stereo,Part1,6_20260413_184202.wav,1272.0,1275.0,1273.4890416666667,1273.2390416666667,1273.7390416666667,-0.0013020833333333333,-0.0625,359.8294055433168,180.1705944566832,"left,right"
Recorder 6 - 1004 to 1704,04-13-2026,18:42:02,1.92444W,50.93976N,100%,10C,64%,6_20260413_184202.wav,AGC,48kHz,stereo,Part1,6_20260413_184202.wav,1509.0,1512.0,1510.2965,1510.0465,1510.5465,-0.020833333333333332,-1.0,357.26945925055134,182.73054074944866,"left,right"
Recorder 6 - 1004 to 1704,04-13-2026,19:12:03,1.92444W,50.93976N,100%,10C,64%,6_20260413_191203.wav,AGC,48kHz,stereo,Part2,6_20260413_191203.wav,96.0,99.0,97.690875,97.440875,97.940875,0.0,0.0,0.0,180.0,"left,right"
Recorder 6 - 1004 to 1704,04-13-2026,19:12:03,1.92444W,50.93976N,100%,10C,64%,6_20260413_191203.wav,AGC,48kHz,stereo,Part2,6_20260413_191203.wav,243.0,246.0,243.34520833333335,243.09520833333335,243.59520833333335,0.0,0.0,0.0,180.0,"left,right"
Recorder 6 - 1004 to 1704,04-13-2026,19:12:03,1.92444W,50.93976N,100%,10C,64%,6_20260413_191203.wav,AGC,48kHz,stereo,Part2,6_20260413_191203.wav,459.0,462.0,460.6215208333333,460.3715208333333,460.8715208333333,0.0,0.0,0.0,180.0,"left,right"
Recorder 6 - 1004 to 1704,04-13-2026,19:12:03,1.92444W,50.93976N,100%,10C,64%,6_20260413_191203.wav,AGC,48kHz,stereo,Part2,6_20260413_191203.wav,696.0,699.0,696.7775208333334,696.5275208333334,697.0275208333334,-0.0013020833333333333,-0.0625,359.8294055433168,180.1705944566832,"left,right"
Recorder 6 - 1004 to 1704,04-13-2026,19:12:03,1.92444W,50.93976N,100%,10C,64%,6_20260413_191203.wav,AGC,48kHz,stereo,Part2,6_20260413_191203.wav,789.0,792.0,791.3831875,791.1331875,791.6331875,0.0,0.0,0.0,180.0,"left,right"
Recorder 6 - 1004 to 1704,04-13-2026,19:12:03,1.92444W,50.93976N,100%,10C,64%,6_20260413_191203.wav,AGC,48kHz,stereo,Part2,6_20260413_191203.wav,1626.0,1629.0,1626.1982291666666,1626.0,1626.4482291666666,0.020833333333333332,1.0,2.730540749448636,177.26945925055136,"left,right"
Recorder 6 - 1004 to 1704,04-13-2026,19:12:03,1.92444W,50.93976N,100%,10C,64%,6_20260413_191203.wav,AGC,48kHz,stereo,Part2,6_20260413_191203.wav,1716.0,1719.0,1716.0433541666666,1716.0,1716.2933541666666,0.0234375,1.125,3.0721675746425348,176.92783242535745,"left,right"
Recorder 6 - 1004 to 1704,04-13-2026,19:12:03,1.92444W,50.93976N,100%,10C,64%,6_20260413_191203.wav,AGC,48kHz,stereo,Part2,6_20260413_191203.wav,1749.0,1752.0,1751.8379583333333,1751.5879583333333,1752.0,-0.0013020833333333333,-0.0625,359.8294055433168,180.1705944566832,"left,right"
Recorder 6 - 1004 to 1704,04-14-2026,06:39:02,1.92444W,50.93976N,100%,5C,99%,6_20260414_063902.wav,AGC,48kHz,stereo,Part1,6_20260414_063902.wav,165.0,168.0,166.35772916666667,166.10772916666667,166.60772916666667,0.0,0.0,0.0,180.0,"left,right"
Recorder 6 - 1004 to 1704,04-14-2026,06:39:02,1.92444W,50.93976N,100%,5C,99%,6_20260414_063902.wav,AGC,48kHz,stereo,Part1,6_20260414_063902.wav,300.0,303.0,302.09520833333335,301.84520833333335,302.34520833333335,0.0013020833333333333,0.0625,0.1705944566832045,179.8294055433168,"left,right"
Recorder 6 - 1004 to 1704,04-14-2026,06:39:02,1.92444W,50.93976N,100%,5C,99%,6_20260414_063902.wav,AGC,48kHz,stereo,Part1,6_20260414_063902.wav,468.0,471.0,470.7595416666667,470.5095416666667,471.0,-0.0013020833333333333,-0.0625,359.8294055433168,180.1705944566832,"left,right"
Recorder 6 - 1004 to 1704,04-14-2026,06:39:02,1.92444W,50.93976N,100%,5C,99%,6_20260414_063902.wav,AGC,48kHz,stereo,Part1,6_20260414_063902.wav,471.0,474.0,471.2390833333333,471.0,471.4890833333333,-0.0013020833333333333,-0.0625,359.8294055433168,180.1705944566832,"left,right"
Recorder 6 - 1004 to 1704,04-14-2026,06:39:02,1.92444W,50.93976N,100%,5C,99%,6_20260414_063902.wav,AGC,48kHz,stereo,Part1,6_20260414_063902.wav,567.0,570.0,569.3856666666667,569.1356666666667,569.6356666666667,0.0013020833333333333,0.0625,0.1705944566832045,179.8294055433168,"left,right"
Recorder 6 - 1004 to 1704,04-14-2026,06:39:02,1.92444W,50.93976N,100%,5C,99%,6_20260414_063902.wav,AGC,48kHz,stereo,Part1,6_20260414_063902.wav,966.0,969.0,967.5184791666667,967.2684791666667,967.7684791666667,0.0013020833333333333,0.0625,0.1705944566832045,179.8294055433168,"left,right"
Recorder 6 - 1004 to 1704,04-14-2026,06:39:02,1.92444W,50.93976N,100%,5C,99%,6_20260414_063902.wav,AGC,48kHz,stereo,Part1,6_20260414_063902.wav,1383.0,1386.0,1383.5021666666667,1383.2521666666667,1383.7521666666667,-0.018229166666666668,-0.8750000000000001,357.6109889533793,182.38901104662065,"left,right"
Recorder 6 - 1004 to 1704,04-14-2026,06:39:02,1.92444W,50.93976N,100%,5C,99%,6_20260414_063902.wav,AGC,48kHz,stereo,Part1,6_20260414_063902.wav,1521.0,1524.0,1523.5870833333333,1523.3370833333333,1523.8370833333333,0.0,0.0,0.0,180.0,"left,right"
Recorder 6 - 1004 to 1704,04-14-2026,06:39:02,1.92444W,50.93976N,100%,5C,99%,6_20260414_063902.wav,AGC,48kHz,stereo,Part1,6_20260414_063902.wav,1524.0,1527.0,1526.7874583333332,1526.5374583333332,1527.0,-0.0026041666666666665,-0.125,359.65880957427,180.34119042573002,"left,right"
Recorder 6 - 1004 to 1704,04-14-2026,06:39:02,1.92444W,50.93976N,100%,5C,99%,6_20260414_063902.wav,AGC,48kHz,stereo,Part1,6_20260414_063902.wav,1527.0,1530.0,1528.8461875,1528.5961875,1529.0961875,0.0013020833333333333,0.0625,0.1705944566832045,179.8294055433168,"left,right"
Recorder 6 - 1004 to 1704,04-14-2026,06:39:02,1.92444W,50.93976N,100%,5C,99%,6_20260414_063902.wav,AGC,48kHz,stereo,Part1,6_20260414_063902.wav,1530.0,1533.0,1531.5919166666667,1531.3419166666667,1531.8419166666667,-0.2721354166666667,-13.0625,321.51695744599147,218.4830425540085,"left,right"
Recorder 6 - 1004 to 1704,04-14-2026,06:39:02,1.92444W,50.93976N,100%,5C,99%,6_20260414_063902.wav,AGC,48kHz,stereo,Part1,6_20260414_063902.wav,1677.0,1680.0,1678.2736458333334,1678.0236458333334,1678.5236458333334,0.4153645833333333,19.9375,71.76852826661482,108.23147173338518,"left,right"
Recorder 6 - 1004 to 1704,04-14-2026,06:39:02,1.92444W,50.93976N,100%,5C,99%,6_20260414_063902.wav,AGC,48kHz,stereo,Part1,6_20260414_063902.wav,1791.0,1794.0,1793.3381666666667,1793.0881666666667,1793.5881666666667,-0.01953125,-0.9375,357.4402354785634,182.5597645214366,"left,right"
Recorder 6 - 1004 to 1704,04-14-2026,07:09:03,1.92444W,50.93976N,100%,5C,99%,6_20260414_070903.wav,AGC,48kHz,stereo,Part2,6_20260414_070903.wav,258.0,261.0,258.22433333333333,258.0,258.47433333333333,0.0,0.0,0.0,180.0,"left,right"
Recorder 6 - 1004 to 1704,04-14-2026,07:09:03,1.92444W,50.93976N,100%,5C,99%,6_20260414_070903.wav,AGC,48kHz,stereo,Part2,6_20260414_070903.wav,459.0,462.0,460.9653333333333,460.7153333333333,461.2153333333333,0.0,0.0,0.0,180.0,"left,right"
Recorder 6 - 1004 to 1704,04-14-2026,07:09:03,1.92444W,50.93976N,100%,5C,99%,6_20260414_070903.wav,AGC,48kHz,stereo,Part2,6_20260414_070903.wav,606.0,609.0,608.1022291666667,607.8522291666667,608.3522291666667,-0.0013020833333333333,-0.0625,359.8294055433168,180.1705944566832,"left,right"
Recorder 6 - 1004 to 1704,04-14-2026,07:09:03,1.92444W,50.93976N,100%,5C,99%,6_20260414_070903.wav,AGC,48kHz,stereo,Part2,6_20260414_070903.wav,846.0,849.0,846.1759583333334,846.0,846.4259583333334,-0.0013020833333333333,-0.0625,359.8294055433168,180.1705944566832,"left,right"
Recorder 6 - 1004 to 1704,04-14-2026,07:09:03,1.92444W,50.93976N,100%,5C,99%,6_20260414_070903.wav,AGC,48kHz,stereo,Part2,6_20260414_070903.wav,978.0,981.0,979.6000625,979.3500625,979.8500625,-0.0013020833333333333,-0.0625,359.8294055433168,180.1705944566832,"left,right"
Recorder 6 - 1004 to 1704,04-14-2026,07:09:03,1.92444W,50.93976N,100%,5C,99%,6_20260414_070903.wav,AGC,48kHz,stereo,Part2,6_20260414_070903.wav,1098.0,1101.0,1100.3986875,1100.1486875,1100.6486875,0.0,0.0,0.0,180.0,"left,right"
Recorder 6 - 1004 to 1704,04-14-2026,07:09:03,1.92444W,50.93976N,100%,5C,99%,6_20260414_070903.wav,AGC,48kHz,stereo,Part2,6_20260414_070903.wav,1245.0,1248.0,1246.61625,1246.36625,1246.86625,-0.25,-12.0,325.1334705496143,214.8665294503857,"left,right"
Recorder 6 - 1004 to 1704,04-14-2026,18:42:02,1.92444W,50.93976N,100%,11C,94%,6_20260414_184202.wav,AGC,48kHz,stereo,Part1,6_20260414_184202.wav,234.0,237.0,236.59516666666667,236.34516666666667,236.84516666666667,0.0013020833333333333,0.0625,0.1705944566832045,179.8294055433168,"left,right"
Recorder 6 - 1004 to 1704,04-14-2026,18:42:02,1.92444W,50.93976N,100%,11C,94%,6_20260414_184202.wav,AGC,48kHz,stereo,Part1,6_20260414_184202.wav,237.0,240.0,237.01002083333333,237.0,237.26002083333333,0.0,0.0,0.0,180.0,"left,right"
Recorder 6 - 1004 to 1704,04-14-2026,18:42:02,1.92444W,50.93976N,100%,11C,94%,6_20260414_184202.wav,AGC,48kHz,stereo,Part1,6_20260414_184202.wav,549.0,552.0,549.2374166666667,549.0,549.4874166666667,0.0026041666666666665,0.125,0.34119042573000513,179.65880957426998,"left,right"
Recorder 6 - 1004 to 1704,04-14-2026,18:42:02,1.92444W,50.93976N,100%,11C,94%,6_20260414_184202.wav,AGC,48kHz,stereo,Part1,6_20260414_184202.wav,1746.0,1749.0,1747.1055625,1746.8555625,1747.3555625,0.0,0.0,0.0,180.0,"left,right"
Recorder 6 - 1004 to 1704,04-14-2026,19:12:03,1.92444W,50.93976N,100%,11C,94%,6_20260414_191203.wav,AGC,48kHz,stereo,Part2,6_20260414_191203.wav,189.0,192.0,191.82029166666666,191.57029166666666,192.0,0.0,0.0,0.0,180.0,"left,right"
Recorder 6 - 1004 to 1704,04-14-2026,19:12:03,1.92444W,50.93976N,100%,11C,94%,6_20260414_191203.wav,AGC,48kHz,stereo,Part2,6_20260414_191203.wav,234.0,237.0,236.40570833333334,236.15570833333334,236.65570833333334,0.0013020833333333333,0.0625,0.1705944566832045,179.8294055433168,"left,right"
Recorder 6 - 1004 to 1704,04-14-2026,19:12:03,1.92444W,50.93976N,100%,11C,94%,6_20260414_191203.wav,AGC,48kHz,stereo,Part2,6_20260414_191203.wav,432.0,435.0,432.87604166666665,432.62604166666665,433.12604166666665,-0.04296875,-2.0625,354.3612935470051,185.63870645299488,"left,right"
Recorder 6 - 1004 to 1704,04-14-2026,19:12:03,1.92444W,50.93976N,100%,11C,94%,6_20260414_191203.wav,AGC,48kHz,stereo,Part2,6_20260414_191203.wav,711.0,714.0,712.5017083333333,712.2517083333333,712.7517083333333,0.018229166666666668,0.8750000000000001,2.389011046620638,177.61098895337938,"left,right"
Recorder 6 - 1004 to 1704,04-14-2026,19:12:03,1.92444W,50.93976N,100%,11C,94%,6_20260414_191203.wav,AGC,48kHz,stereo,Part2,6_20260414_191203.wav,1017.0,1020.0,1018.1262916666667,1017.8762916666667,1018.3762916666667,0.022135416666666668,1.0625,2.9013412575649227,177.09865874243508,"left,right"
Recorder 6 - 1004 to 1704,04-14-2026,19:12:03,1.92444W,50.93976N,100%,11C,94%,6_20260414_191203.wav,AGC,48kHz,stereo,Part2,6_20260414_191203.wav,1185.0,1188.0,1187.7425833333334,1187.4925833333334,1187.9925833333334,-0.0013020833333333333,-0.0625,359.8294055433168,180.1705944566832,"left,right"
Recorder 6 - 1004 to 1704,04-14-2026,19:12:03,1.92444W,50.93976N,100%,11C,94%,6_20260414_191203.wav,AGC,48kHz,stereo,Part2,6_20260414_191203.wav,1188.0,1191.0,1188.2162708333333,1188.0,1188.4662708333333,-0.0234375,-1.125,356.92783242535745,183.07216757464255,"left,right"
Recorder 6 - 1004 to 1704,04-14-2026,19:12:03,1.92444W,50.93976N,100%,11C,94%,6_20260414_191203.wav,AGC,48kHz,stereo,Part2,6_20260414_191203.wav,1275.0,1278.0,1275.4599166666667,1275.2099166666667,1275.7099166666667,-0.01953125,-0.9375,357.4402354785634,182.5597645214366,"left,right"
Recorder 6 - 1004 to 1704,04-14-2026,19:12:03,1.92444W,50.93976N,100%,11C,94%,6_20260414_191203.wav,AGC,48kHz,stereo,Part2,6_20260414_191203.wav,1356.0,1359.0,1356.0100416666667,1356.0,1356.2600416666667,0.0013020833333333333,0.0625,0.1705944566832045,179.8294055433168,"left,right"
Recorder 6 - 1004 to 1704,04-14-2026,19:12:03,1.92444W,50.93976N,100%,11C,94%,6_20260414_191203.wav,AGC,48kHz,stereo,Part2,6_20260414_191203.wav,1485.0,1488.0,1486.7936041666667,1486.5436041666667,1487.0436041666667,0.0013020833333333333,0.0625,0.1705944566832045,179.8294055433168,"left,right"
Recorder 6 - 1004 to 1704,04-14-2026,19:12:03,1.92444W,50.93976N,100%,11C,94%,6_20260414_191203.wav,AGC,48kHz,stereo,Part2,6_20260414_191203.wav,1488.0,1491.0,1488.0130625,1488.0,1488.2630625,0.0,0.0,0.0,180.0,"left,right"
Recorder 6 - 1004 to 1704,04-14-2026,19:12:03,1.92444W,50.93976N,100%,11C,94%,6_20260414_191203.wav,AGC,48kHz,stereo,Part2,6_20260414_191203.wav,1629.0,1632.0,1631.0764583333332,1630.8264583333332,1631.3264583333332,0.0,0.0,0.0,180.0,"left,right"
Recorder 6 - 1004 to 1704,04-15-2026,06:39:02,1.92444W,50.93976N,100%,11C,99%,6_20260415_063902.wav,AGC,48kHz,stereo,Part1,6_20260415_063902.wav,159.0,162.0,161.96777083333333,161.71777083333333,162.0,-0.022135416666666668,-1.0625,357.0986587424351,182.90134125756492,"left,right"
Recorder 6 - 1004 to 1704,04-15-2026,06:39:02,1.92444W,50.93976N,100%,11C,99%,6_20260415_063902.wav,AGC,48kHz,stereo,Part1,6_20260415_063902.wav,162.0,165.0,162.4269375,162.1769375,162.6769375,0.018229166666666668,0.8750000000000001,2.389011046620638,177.61098895337938,"left,right"
Recorder 6 - 1004 to 1704,04-15-2026,06:39:02,1.92444W,50.93976N,100%,11C,99%,6_20260415_063902.wav,AGC,48kHz,stereo,Part1,6_20260415_063902.wav,639.0,642.0,641.7746666666667,641.5246666666667,642.0,-0.022135416666666668,-1.0625,357.0986587424351,182.90134125756492,"left,right"
Recorder 6 - 1004 to 1704,04-15-2026,06:39:02,1.92444W,50.93976N,100%,11C,99%,6_20260415_063902.wav,AGC,48kHz,stereo,Part1,6_20260415_063902.wav,642.0,645.0,642.1735625,642.0,642.4235625,0.0,0.0,0.0,180.0,"left,right"
Recorder 6 - 1004 to 1704,04-15-2026,06:39:02,1.92444W,50.93976N,100%,11C,99%,6_20260415_063902.wav,AGC,48kHz,stereo,Part1,6_20260415_063902.wav,915.0,918.0,915.894375,915.644375,916.144375,-0.0013020833333333333,-0.0625,359.8294055433168,180.1705944566832,"left,right"
Recorder 6 - 1004 to 1704,04-15-2026,06:39:02,1.92444W,50.93976N,100%,11C,99%,6_20260415_063902.wav,AGC,48kHz,stereo,Part1,6_20260415_063902.wav,951.0,954.0,952.2238541666667,951.9738541666667,952.4738541666667,-0.0013020833333333333,-0.0625,359.8294055433168,180.1705944566832,"left,right"
Recorder 6 - 1004 to 1704,04-15-2026,07:09:03,1.92444W,50.93976N,100%,11C,99%,6_20260415_070903.wav,AGC,48kHz,stereo,Part2,6_20260415_070903.wav,30.0,33.0,30.616625,30.366625,30.866625,0.0013020833333333333,0.0625,0.1705944566832045,179.8294055433168,"left,right"
Recorder 6 - 1004 to 1704,04-15-2026,07:09:03,1.92444W,50.93976N,100%,11C,99%,6_20260415_070903.wav,AGC,48kHz,stereo,Part2,6_20260415_070903.wav,231.0,234.0,231.744625,231.494625,231.994625,0.0013020833333333333,0.0625,0.1705944566832045,179.8294055433168,"left,right"
Recorder 6 - 1004 to 1704,04-15-2026,07:09:03,1.92444W,50.93976N,100%,11C,99%,6_20260415_070903.wav,AGC,48kHz,stereo,Part2,6_20260415_070903.wav,486.0,489.0,488.9661458333333,488.7161458333333,489.0,0.0013020833333333333,0.0625,0.1705944566832045,179.8294055433168,"left,right"
Recorder 6 - 1004 to 1704,04-15-2026,07:09:03,1.92444W,50.93976N,100%,11C,99%,6_20260415_070903.wav,AGC,48kHz,stereo,Part2,6_20260415_070903.wav,489.0,492.0,489.03816666666665,489.0,489.28816666666665,0.022135416666666668,1.0625,2.9013412575649227,177.09865874243508,"left,right"
Recorder 6 - 1004 to 1704,04-15-2026,07:09:03,1.92444W,50.93976N,100%,11C,99%,6_20260415_070903.wav,AGC,48kHz,stereo,Part2,6_20260415_070903.wav,723.0,726.0,724.577875,724.327875,724.827875,0.020833333333333332,1.0,2.730540749448636,177.26945925055136,"left,right"
Recorder 6 - 1004 to 1704,04-15-2026,07:09:03,1.92444W,50.93976N,100%,11C,99%,6_20260415_070903.wav,AGC,48kHz,stereo,Part2,6_20260415_070903.wav,876.0,879.0,877.7507708333334,877.5007708333334,878.0007708333334,0.0,0.0,0.0,180.0,"left,right"
Recorder 6 - 1004 to 1704,04-15-2026,07:09:03,1.92444W,50.93976N,100%,11C,99%,6_20260415_070903.wav,AGC,48kHz,stereo,Part2,6_20260415_070903.wav,963.0,966.0,964.5394166666666,964.2894166666666,964.7894166666666,-0.040364583333333336,-1.9375,354.7040417348786,185.29595826512139,"left,right"
Recorder 6 - 1004 to 1704,04-15-2026,07:09:03,1.92444W,50.93976N,100%,11C,99%,6_20260415_070903.wav,AGC,48kHz,stereo,Part2,6_20260415_070903.wav,1206.0,1209.0,1207.9008125,1207.6508125,1208.1508125,0.0,0.0,0.0,180.0,"left,right"
Recorder 6 - 1004 to 1704,04-15-2026,07:09:03,1.92444W,50.93976N,100%,11C,99%,6_20260415_070903.wav,AGC,48kHz,stereo,Part2,6_20260415_070903.wav,1473.0,1476.0,1474.4153333333334,1474.1653333333334,1474.6653333333334,0.0,0.0,0.0,180.0,"left,right"
Recorder 6 - 1004 to 1704,04-15-2026,07:09:03,1.92444W,50.93976N,100%,11C,99%,6_20260415_070903.wav,AGC,48kHz,stereo,Part2,6_20260415_070903.wav,1731.0,1734.0,1733.9607916666666,1733.7107916666666,1734.0,0.0013020833333333333,0.0625,0.1705944566832045,179.8294055433168,"left,right"
Recorder 6 - 1004 to 1704,04-15-2026,07:09:03,1.92444W,50.93976N,100%,11C,99%,6_20260415_070903.wav,AGC,48kHz,stereo,Part2,6_20260415_070903.wav,1734.0,1737.0,1734.41275,1734.16275,1734.66275,0.0,0.0,0.0,180.0,"left,right"
Recorder 6 - 1004 to 1704,04-15-2026,18:42:02,1.92444W,50.93976N,100%,13C,79%,6_20260415_184202.wav,AGC,48kHz,stereo,Part1,6_20260415_184202.wav,195.0,198.0,197.98989583333332,197.73989583333332,198.0,0.0013020833333333333,0.0625,0.1705944566832045,179.8294055433168,"left,right"
Recorder 6 - 1004 to 1704,04-15-2026,18:42:02,1.92444W,50.93976N,100%,13C,79%,6_20260415_184202.wav,AGC,48kHz,stereo,Part1,6_20260415_184202.wav,399.0,402.0,400.1990625,399.9490625,400.4490625,0.022135416666666668,1.0625,2.9013412575649227,177.09865874243508,"left,right"
Recorder 6 - 1004 to 1704,04-15-2026,18:42:02,1.92444W,50.93976N,100%,13C,79%,6_20260415_184202.wav,AGC,48kHz,stereo,Part1,6_20260415_184202.wav,594.0,597.0,594.9531875,594.7031875,595.2031875,0.0013020833333333333,0.0625,0.1705944566832045,179.8294055433168,"left,right"
Recorder 6 - 1004 to 1704,04-15-2026,18:42:02,1.92444W,50.93976N,100%,13C,79%,6_20260415_184202.wav,AGC,48kHz,stereo,Part1,6_20260415_184202.wav,936.0,939.0,938.0129791666667,937.7629791666667,938.2629791666667,0.0,0.0,0.0,180.0,"left,right"
Recorder 6 - 1004 to 1704,04-15-2026,18:42:02,1.92444W,50.93976N,100%,13C,79%,6_20260415_184202.wav,AGC,48kHz,stereo,Part1,6_20260415_184202.wav,1050.0,1053.0,1051.3665,1051.1165,1051.6165,0.0,0.0,0.0,180.0,"left,right"
Recorder 6 - 1004 to 1704,04-15-2026,18:42:02,1.92444W,50.93976N,100%,13C,79%,6_20260415_184202.wav,AGC,48kHz,stereo,Part1,6_20260415_184202.wav,1209.0,1212.0,1209.5496458333334,1209.2996458333334,1209.7996458333334,-0.018229166666666668,-0.8750000000000001,357.6109889533793,182.38901104662065,"left,right"
Recorder 6 - 1004 to 1704,04-15-2026,18:42:02,1.92444W,50.93976N,100%,13C,79%,6_20260415_184202.wav,AGC,48kHz,stereo,Part1,6_20260415_184202.wav,1239.0,1242.0,1240.5875833333334,1240.3375833333334,1240.8375833333334,0.01953125,0.9375,2.559764521436577,177.4402354785634,"left,right"
Recorder 6 - 1004 to 1704,04-15-2026,18:42:02,1.92444W,50.93976N,100%,13C,79%,6_20260415_184202.wav,AGC,48kHz,stereo,Part1,6_20260415_184202.wav,1476.0,1479.0,1477.1145208333332,1476.8645208333332,1477.3645208333332,0.0,0.0,0.0,180.0,"left,right"
Recorder 6 - 1004 to 1704,04-15-2026,19:12:03,1.92444W,50.93976N,100%,13C,79%,6_20260415_191203.wav,AGC,48kHz,stereo,Part2,6_20260415_191203.wav,630.0,633.0,630.0923541666667,630.0,630.3423541666667,0.0,0.0,0.0,180.0,"left,right"
Recorder 6 - 1004 to 1704,04-15-2026,19:12:03,1.92444W,50.93976N,100%,13C,79%,6_20260415_191203.wav,AGC,48kHz,stereo,Part2,6_20260415_191203.wav,1353.0,1356.0,1353.8377916666666,1353.5877916666666,1354.0877916666666,0.4166666666666667,20.0,72.32192951701641,107.67807048298359,"left,right"
Recorder 6 - 1004 to 1704,04-15-2026,19:12:03,1.92444W,50.93976N,100%,13C,79%,6_20260415_191203.wav,AGC,48kHz,stereo,Part2,6_20260415_191203.wav,1503.0,1506.0,1505.542125,1505.292125,1505.792125,0.0,0.0,0.0,180.0,"left,right"
Recorder 6 - 1004 to 1704,04-15-2026,19:12:03,1.92444W,50.93976N,100%,13C,79%,6_20260415_191203.wav,AGC,48kHz,stereo,Part2,6_20260415_191203.wav,1722.0,1725.0,1722.3670625,1722.1170625,1722.6170625,0.018229166666666668,0.8750000000000001,2.389011046620638,177.61098895337938,"left,right"
Recorder 6 - 1004 to 1704,04-16-2026,06:39:02,1.92444W,50.93976N,100%,10C,95%,6_20260416_063902.wav,AGC,48kHz,stereo,Part1,6_20260416_063902.wav,132.0,135.0,133.79660416666667,133.54660416666667,134.04660416666667,0.0,0.0,0.0,180.0,"left,right"
Recorder 6 - 1004 to 1704,04-16-2026,06:39:02,1.92444W,50.93976N,100%,10C,95%,6_20260416_063902.wav,AGC,48kHz,stereo,Part1,6_20260416_063902.wav,237.0,240.0,238.0216875,237.7716875,238.2716875,0.0,0.0,0.0,180.0,"left,right"
Recorder 6 - 1004 to 1704,04-16-2026,06:39:02,1.92444W,50.93976N,100%,10C,95%,6_20260416_063902.wav,AGC,48kHz,stereo,Part1,6_20260416_063902.wav,600.0,603.0,601.9415,601.6915,602.1915,0.0,0.0,0.0,180.0,"left,right"
Recorder 6 - 1004 to 1704,04-16-2026,06:39:02,1.92444W,50.93976N,100%,10C,95%,6_20260416_063902.wav,AGC,48kHz,stereo,Part1,6_20260416_063902.wav,603.0,606.0,603.0919791666666,603.0,603.3419791666666,0.0,0.0,0.0,180.0,"left,right"
Recorder 6 - 1004 to 1704,04-16-2026,06:39:02,1.92444W,50.93976N,100%,10C,95%,6_20260416_063902.wav,AGC,48kHz,stereo,Part1,6_20260416_063902.wav,1002.0,1005.0,1002.1507708333334,1002.0,1002.4007708333334,-0.01953125,-0.9375,357.4402354785634,182.5597645214366,"left,right"
Recorder 6 - 1004 to 1704,04-16-2026,06:39:02,1.92444W,50.93976N,100%,10C,95%,6_20260416_063902.wav,AGC,48kHz,stereo,Part1,6_20260416_063902.wav,1392.0,1395.0,1393.35775,1393.10775,1393.60775,0.10416666666666667,5.0,13.779999481122474,166.22000051887753,"left,right"
Recorder 6 - 1004 to 1704,04-16-2026,06:39:02,1.92444W,50.93976N,100%,10C,95%,6_20260416_063902.wav,AGC,48kHz,stereo,Part1,6_20260416_063902.wav,1584.0,1587.0,1586.179,1585.929,1586.429,0.020833333333333332,1.0,2.730540749448636,177.26945925055136,"left,right"
Recorder 6 - 1004 to 1704,04-16-2026,07:09:03,1.92444W,50.93976N,100%,10C,95%,6_20260416_070903.wav,AGC,48kHz,stereo,Part2,6_20260416_070903.wav,99.0,102.0,100.4126875,100.1626875,100.6626875,-0.0234375,-1.125,356.92783242535745,183.07216757464255,"left,right"
Recorder 6 - 1004 to 1704,04-16-2026,07:09:03,1.92444W,50.93976N,100%,10C,95%,6_20260416_070903.wav,AGC,48kHz,stereo,Part2,6_20260416_070903.wav,765.0,768.0,767.5353333333334,767.2853333333334,767.7853333333334,0.018229166666666668,0.8750000000000001,2.389011046620638,177.61098895337938,"left,right"
Recorder 6 - 1004 to 1704,04-16-2026,07:09:03,1.92444W,50.93976N,100%,10C,95%,6_20260416_070903.wav,AGC,48kHz,stereo,Part2,6_20260416_070903.wav,1077.0,1080.0,1077.4470208333332,1077.1970208333332,1077.6970208333332,-0.10546875,-5.0625,346.0442843123119,193.9557156876881,"left,right"
Recorder 6 - 1004 to 1704,04-16-2026,07:09:03,1.92444W,50.93976N,100%,10C,95%,6_20260416_070903.wav,AGC,48kHz,stereo,Part2,6_20260416_070903.wav,1203.0,1206.0,1203.754625,1203.504625,1204.004625,0.0013020833333333333,0.0625,0.1705944566832045,179.8294055433168,"left,right"
Recorder 6 - 1004 to 1704,04-16-2026,07:09:03,1.92444W,50.93976N,100%,10C,95%,6_20260416_070903.wav,AGC,48kHz,stereo,Part2,6_20260416_070903.wav,1371.0,1374.0,1372.7261666666666,1372.4761666666666,1372.9761666666666,0.01953125,0.9375,2.559764521436577,177.4402354785634,"left,right"
Recorder 6 - 1004 to 1704,04-16-2026,07:09:03,1.92444W,50.93976N,100%,10C,95%,6_20260416_070903.wav,AGC,48kHz,stereo,Part2,6_20260416_070903.wav,1533.0,1536.0,1533.1162708333334,1533.0,1533.3662708333334,0.0013020833333333333,0.0625,0.1705944566832045,179.8294055433168,"left,right"
Recorder 6 - 1004 to 1704,04-16-2026,07:09:03,1.92444W,50.93976N,100%,10C,95%,6_20260416_070903.wav,AGC,48kHz,stereo,Part2,6_20260416_070903.wav,1731.0,1734.0,1731.2873125,1731.0373125,1731.5373125,-0.022135416666666668,-1.0625,357.0986587424351,182.90134125756492,"left,right"
Recorder 6 - 1004 to 1704,04-16-2026,18:42:02,1.92444W,50.93976N,100%,13C,74%,6_20260416_184202.wav,AGC,48kHz,stereo,Part1,6_20260416_184202.wav,15.0,18.0,17.963729166666667,17.713729166666667,18.0,0.0,0.0,0.0,180.0,"left,right"
Recorder 6 - 1004 to 1704,04-16-2026,18:42:02,1.92444W,50.93976N,100%,13C,74%,6_20260416_184202.wav,AGC,48kHz,stereo,Part1,6_20260416_184202.wav,18.0,21.0,18.455395833333334,18.205395833333334,18.705395833333334,0.0,0.0,0.0,180.0,"left,right"
Recorder 6 - 1004 to 1704,04-16-2026,18:42:02,1.92444W,50.93976N,100%,13C,74%,6_20260416_184202.wav,AGC,48kHz,stereo,Part1,6_20260416_184202.wav,105.0,108.0,105.7165625,105.4665625,105.9665625,0.0,0.0,0.0,180.0,"left,right"
Recorder 6 - 1004 to 1704,04-16-2026,18:42:02,1.92444W,50.93976N,100%,13C,74%,6_20260416_184202.wav,AGC,48kHz,stereo,Part1,6_20260416_184202.wav,294.0,297.0,294.6829375,294.4329375,294.9329375,0.0,0.0,0.0,180.0,"left,right"
Recorder 6 - 1004 to 1704,04-16-2026,18:42:02,1.92444W,50.93976N,100%,13C,74%,6_20260416_184202.wav,AGC,48kHz,stereo,Part1,6_20260416_184202.wav,396.0,399.0,398.3535625,398.1035625,398.6035625,0.01953125,0.9375,2.559764521436577,177.4402354785634,"left,right"
Recorder 6 - 1004 to 1704,04-16-2026,18:42:02,1.92444W,50.93976N,100%,13C,74%,6_20260416_184202.wav,AGC,48kHz,stereo,Part1,6_20260416_184202.wav,561.0,564.0,561.7946041666667,561.5446041666667,562.0446041666667,-0.01953125,-0.9375,357.4402354785634,182.5597645214366,"left,right"
Recorder 6 - 1004 to 1704,04-16-2026,18:42:02,1.92444W,50.93976N,100%,13C,74%,6_20260416_184202.wav,AGC,48kHz,stereo,Part1,6_20260416_184202.wav,645.0,648.0,646.6617708333333,646.4117708333333,646.9117708333333,0.0,0.0,0.0,180.0,"left,right"
Recorder 6 - 1004 to 1704,04-16-2026,18:42:02,1.92444W,50.93976N,100%,13C,74%,6_20260416_184202.wav,AGC,48kHz,stereo,Part1,6_20260416_184202.wav,777.0,780.0,778.4727916666667,778.2227916666667,778.7227916666667,-0.0013020833333333333,-0.0625,359.8294055433168,180.1705944566832,"left,right"
Recorder 6 - 1004 to 1704,04-16-2026,18:42:02,1.92444W,50.93976N,100%,13C,74%,6_20260416_184202.wav,AGC,48kHz,stereo,Part1,6_20260416_184202.wav,909.0,912.0,909.3528958333334,909.1028958333334,909.6028958333334,0.01953125,0.9375,2.559764521436577,177.4402354785634,"left,right"
Recorder 6 - 1004 to 1704,04-16-2026,18:42:02,1.92444W,50.93976N,100%,13C,74%,6_20260416_184202.wav,AGC,48kHz,stereo,Part1,6_20260416_184202.wav,1020.0,1023.0,1022.1240208333334,1021.8740208333334,1022.3740208333334,0.16536458333333334,7.9375,22.21812635470566,157.78187364529435,"left,right"
Recorder 6 - 1004 to 1704,04-16-2026,18:42:02,1.92444W,50.93976N,100%,13C,74%,6_20260416_184202.wav,AGC,48kHz,stereo,Part1,6_20260416_184202.wav,1122.0,1125.0,1123.7654583333333,1123.5154583333333,1124.0154583333333,0.0,0.0,0.0,180.0,"left,right"
Recorder 6 - 1004 to 1704,04-16-2026,18:42:02,1.92444W,50.93976N,100%,13C,74%,6_20260416_184202.wav,AGC,48kHz,stereo,Part1,6_20260416_184202.wav,1377.0,1380.0,1377.5951041666667,1377.3451041666667,1377.8451041666667,0.0013020833333333333,0.0625,0.1705944566832045,179.8294055433168,"left,right"
Recorder 6 - 1004 to 1704,04-16-2026,18:42:02,1.92444W,50.93976N,100%,13C,74%,6_20260416_184202.wav,AGC,48kHz,stereo,Part1,6_20260416_184202.wav,1569.0,1572.0,1571.703125,1571.453125,1571.953125,0.018229166666666668,0.8750000000000001,2.389011046620638,177.61098895337938,"left,right"
Recorder 6 - 1004 to 1704,04-16-2026,18:42:02,1.92444W,50.93976N,100%,13C,74%,6_20260416_184202.wav,AGC,48kHz,stereo,Part1,6_20260416_184202.wav,1572.0,1575.0,1572.1472916666667,1572.0,1572.3972916666667,0.0,0.0,0.0,180.0,"left,right"
Recorder 6 - 1004 to 1704,04-16-2026,18:42:02,1.92444W,50.93976N,100%,13C,74%,6_20260416_184202.wav,AGC,48kHz,stereo,Part1,6_20260416_184202.wav,1656.0,1659.0,1657.1696041666667,1656.9196041666667,1657.4196041666667,0.0,0.0,0.0,180.0,"left,right"
Recorder 6 - 1004 to 1704,04-16-2026,18:42:02,1.92444W,50.93976N,100%,13C,74%,6_20260416_184202.wav,AGC,48kHz,stereo,Part1,6_20260416_184202.wav,1698.0,1701.0,1700.6933125,1700.4433125,1700.9433125,0.020833333333333332,1.0,2.730540749448636,177.26945925055136,"left,right"
Recorder 6 - 1004 to 1704,04-16-2026,18:42:02,1.92444W,50.93976N,100%,13C,74%,6_20260416_184202.wav,AGC,48kHz,stereo,Part1,6_20260416_184202.wav,1749.0,1752.0,1749.014125,1749.0,1749.264125,-0.0013020833333333333,-0.0625,359.8294055433168,180.1705944566832,"left,right"
Recorder 6 - 1004 to 1704,04-16-2026,18:42:02,1.92444W,50.93976N,100%,13C,74%,6_20260416_184202.wav,AGC,48kHz,stereo,Part1,6_20260416_184202.wav,1794.0,1797.0,1794.489375,1794.239375,1794.739375,0.0,0.0,0.0,180.0,"left,right"
Recorder 6 - 1004 to 1704,04-16-2026,19:12:03,1.92444W,50.93976N,100%,13C,74%,6_20260416_191203.wav,AGC,48kHz,stereo,Part2,6_20260416_191203.wav,36.0,39.0,36.26379166666667,36.01379166666667,36.51379166666667,0.0,0.0,0.0,180.0,"left,right"
Recorder 6 - 1004 to 1704,04-16-2026,19:12:03,1.92444W,50.93976N,100%,13C,74%,6_20260416_191203.wav,AGC,48kHz,stereo,Part2,6_20260416_191203.wav,120.0,123.0,121.8240625,121.5740625,122.0740625,-0.0013020833333333333,-0.0625,359.8294055433168,180.1705944566832,"left,right"
Recorder 6 - 1004 to 1704,04-16-2026,19:12:03,1.92444W,50.93976N,100%,13C,74%,6_20260416_191203.wav,AGC,48kHz,stereo,Part2,6_20260416_191203.wav,150.0,153.0,150.6955625,150.4455625,150.9455625,-0.020833333333333332,-1.0,357.26945925055134,182.73054074944866,"left,right"
Recorder 6 - 1004 to 1704,04-16-2026,19:12:03,1.92444W,50.93976N,100%,13C,74%,6_20260416_191203.wav,AGC,48kHz,stereo,Part2,6_20260416_191203.wav,234.0,237.0,236.64860416666667,236.39860416666667,236.89860416666667,0.01953125,0.9375,2.559764521436577,177.4402354785634,"left,right"
Recorder 6 - 1004 to 1704,04-16-2026,19:12:03,1.92444W,50.93976N,100%,13C,74%,6_20260416_191203.wav,AGC,48kHz,stereo,Part2,6_20260416_191203.wav,237.0,240.0,237.0100625,237.0,237.2600625,-0.022135416666666668,-1.0625,357.0986587424351,182.90134125756492,"left,right"
Recorder 6 - 1004 to 1704,04-16-2026,19:12:03,1.92444W,50.93976N,100%,13C,74%,6_20260416_191203.wav,AGC,48kHz,stereo,Part2,6_20260416_191203.wav,300.0,303.0,302.3559375,302.1059375,302.6059375,0.0,0.0,0.0,180.0,"left,right"
Recorder 6 - 1004 to 1704,04-16-2026,19:12:03,1.92444W,50.93976N,100%,13C,74%,6_20260416_191203.wav,AGC,48kHz,stereo,Part2,6_20260416_191203.wav,336.0,339.0,336.2742083333333,336.0242083333333,336.5242083333333,0.0,0.0,0.0,180.0,"left,right"
Recorder 6 - 1004 to 1704,04-16-2026,19:12:03,1.92444W,50.93976N,100%,13C,74%,6_20260416_191203.wav,AGC,48kHz,stereo,Part2,6_20260416_191203.wav,417.0,420.0,418.5879791666667,418.3379791666667,418.8379791666667,-0.0013020833333333333,-0.0625,359.8294055433168,180.1705944566832,"left,right"
Recorder 6 - 1004 to 1704,04-16-2026,19:12:03,1.92444W,50.93976N,100%,13C,74%,6_20260416_191203.wav,AGC,48kHz,stereo,Part2,6_20260416_191203.wav,444.0,447.0,445.8924166666667,445.6424166666667,446.1424166666667,0.43619791666666663,20.9375,85.89876061475425,94.10123938524575,"left,right"
Recorder 6 - 1004 to 1704,04-16-2026,19:12:03,1.92444W,50.93976N,100%,13C,74%,6_20260416_191203.wav,AGC,48kHz,stereo,Part2,6_20260416_191203.wav,489.0,492.0,490.64545833333335,490.39545833333335,490.89545833333335,0.040364583333333336,1.9375,5.295958265121399,174.70404173487861,"left,right"
Recorder 6 - 1004 to 1704,04-16-2026,19:12:03,1.92444W,50.93976N,100%,13C,74%,6_20260416_191203.wav,AGC,48kHz,stereo,Part2,6_20260416_191203.wav,519.0,522.0,521.1814791666667,520.9314791666667,521.4314791666667,0.0013020833333333333,0.0625,0.1705944566832045,179.8294055433168,"left,right"
Recorder 6 - 1004 to 1704,04-16-2026,19:12:03,1.92444W,50.93976N,100%,13C,74%,6_20260416_191203.wav,AGC,48kHz,stereo,Part2,6_20260416_191203.wav,618.0,621.0,619.074375,618.824375,619.324375,0.0,0.0,0.0,180.0,"left,right"
Recorder 6 - 1004 to 1704,04-16-2026,19:12:03,1.92444W,50.93976N,100%,13C,74%,6_20260416_191203.wav,AGC,48kHz,stereo,Part2,6_20260416_191203.wav,657.0,660.0,658.3074375,658.0574375,658.5574375,-0.01953125,-0.9375,357.4402354785634,182.5597645214366,"left,right"
Recorder 6 - 1004 to 1704,04-16-2026,19:12:03,1.92444W,50.93976N,100%,13C,74%,6_20260416_191203.wav,AGC,48kHz,stereo,Part2,6_20260416_191203.wav,702.0,705.0,704.5641875,704.3141875,704.8141875,-0.0013020833333333333,-0.0625,359.8294055433168,180.1705944566832,"left,right"
Recorder 6 - 1004 to 1704,04-16-2026,19:12:03,1.92444W,50.93976N,100%,13C,74%,6_20260416_191203.wav,AGC,48kHz,stereo,Part2,6_20260416_191203.wav,744.0,747.0,745.310375,745.060375,745.560375,-0.01953125,-0.9375,357.4402354785634,182.5597645214366,"left,right"
Recorder 6 - 1004 to 1704,04-16-2026,19:12:03,1.92444W,50.93976N,100%,13C,74%,6_20260416_191203.wav,AGC,48kHz,stereo,Part2,6_20260416_191203.wav,792.0,795.0,794.6785833333333,794.4285833333333,794.9285833333333,0.0,0.0,0.0,180.0,"left,right"
Recorder 6 - 1004 to 1704,04-16-2026,19:12:03,1.92444W,50.93976N,100%,13C,74%,6_20260416_191203.wav,AGC,48kHz,stereo,Part2,6_20260416_191203.wav,795.0,798.0,795.0100208333333,795.0,795.2600208333333,0.0,0.0,0.0,180.0,"left,right"
Recorder 6 - 1004 to 1704,04-16-2026,19:12:03,1.92444W,50.93976N,100%,13C,74%,6_20260416_191203.wav,AGC,48kHz,stereo,Part2,6_20260416_191203.wav,840.0,843.0,842.3363541666666,842.0863541666666,842.5863541666666,0.020833333333333332,1.0,2.730540749448636,177.26945925055136,"left,right"
Recorder 6 - 1004 to 1704,04-16-2026,19:12:03,1.92444W,50.93976N,100%,13C,74%,6_20260416_191203.wav,AGC,48kHz,stereo,Part2,6_20260416_191203.wav,885.0,888.0,885.1907083333333,885.0,885.4407083333333,0.0,0.0,0.0,180.0,"left,right"
Recorder 6 - 1004 to 1704,04-16-2026,19:12:03,1.92444W,50.93976N,100%,13C,74%,6_20260416_191203.wav,AGC,48kHz,stereo,Part2,6_20260416_191203.wav,930.0,933.0,931.9080625,931.6580625,932.1580625,0.01953125,0.9375,2.559764521436577,177.4402354785634,"left,right"
Recorder 6 - 1004 to 1704,04-16-2026,19:12:03,1.92444W,50.93976N,100%,13C,74%,6_20260416_191203.wav,AGC,48kHz,stereo,Part2,6_20260416_191203.wav,999.0,1002.0,1001.9826666666667,1001.7326666666667,1002.0,-0.020833333333333332,-1.0,357.26945925055134,182.73054074944866,"left,right"
Recorder 6 - 1004 to 1704,04-16-2026,19:12:03,1.92444W,50.93976N,100%,13C,74%,6_20260416_191203.wav,AGC,48kHz,stereo,Part2,6_20260416_191203.wav,1002.0,1005.0,1002.356,1002.106,1002.606,-0.016927083333333332,-0.8125,357.78172120008213,182.21827879991787,"left,right"
Recorder 6 - 1004 to 1704,04-16-2026,19:12:03,1.92444W,50.93976N,100%,13C,74%,6_20260416_191203.wav,AGC,48kHz,stereo,Part2,6_20260416_191203.wav,1107.0,1110.0,1108.1269166666666,1107.8769166666666,1108.3769166666666,-0.022135416666666668,-1.0625,357.0986587424351,182.90134125756492,"left,right"
Recorder 6 - 1004 to 1704,04-16-2026,19:12:03,1.92444W,50.93976N,100%,13C,74%,6_20260416_191203.wav,AGC,48kHz,stereo,Part2,6_20260416_191203.wav,1257.0,1260.0,1258.0432916666666,1257.7932916666666,1258.2932916666666,0.43619791666666663,20.9375,85.89876061475425,94.10123938524575,"left,right"
Recorder 6 - 1004 to 1704,04-16-2026,19:12:03,1.92444W,50.93976N,100%,13C,74%,6_20260416_191203.wav,AGC,48kHz,stereo,Part2,6_20260416_191203.wav,1323.0,1326.0,1323.6009166666668,1323.3509166666668,1323.8509166666668,-0.0013020833333333333,-0.0625,359.8294055433168,180.1705944566832,"left,right"
Recorder 6 - 1004 to 1704,04-16-2026,19:12:03,1.92444W,50.93976N,100%,13C,74%,6_20260416_191203.wav,AGC,48kHz,stereo,Part2,6_20260416_191203.wav,1647.0,1650.0,1649.6439583333333,1649.3939583333333,1649.8939583333333,0.018229166666666668,0.8750000000000001,2.389011046620638,177.61098895337938,"left,right"
Recorder 6 - 1004 to 1704,04-16-2026,19:12:03,1.92444W,50.93976N,100%,13C,74%,6_20260416_191203.wav,AGC,48kHz,stereo,Part2,6_20260416_191203.wav,1692.0,1695.0,1694.7272916666666,1694.4772916666666,1694.9772916666666,0.01953125,0.9375,2.559764521436577,177.4402354785634,"left,right"
Recorder 6 - 1004 to 1704,04-17-2026,06:39:02,1.92444W,50.93976N,100%,11C,94%,6_20260417_063902.wav,AGC,48kHz,stereo,Part1,6_20260417_063902.wav,66.0,69.0,66.8564375,66.6064375,67.1064375,0.375,18.0,59.03703129067228,120.96296870932773,"left,right"
Recorder 6 - 1004 to 1704,04-17-2026,06:39:02,1.92444W,50.93976N,100%,11C,94%,6_20260417_063902.wav,AGC,48kHz,stereo,Part1,6_20260417_063902.wav,195.0,198.0,195.8199375,195.5699375,196.0699375,-0.020833333333333332,-1.0,357.26945925055134,182.73054074944866,"left,right"
Recorder 6 - 1004 to 1704,04-17-2026,06:39:02,1.92444W,50.93976N,100%,11C,94%,6_20260417_063902.wav,AGC,48kHz,stereo,Part1,6_20260417_063902.wav,246.0,249.0,247.89577083333333,247.64577083333333,248.14577083333333,0.0013020833333333333,0.0625,0.1705944566832045,179.8294055433168,"left,right"
Recorder 6 - 1004 to 1704,04-17-2026,06:39:02,1.92444W,50.93976N,100%,11C,94%,6_20260417_063902.wav,AGC,48kHz,stereo,Part1,6_20260417_063902.wav,297.0,300.0,298.01458333333335,297.76458333333335,298.26458333333335,-0.01953125,-0.9375,357.4402354785634,182.5597645214366,"left,right"
Recorder 6 - 1004 to 1704,04-17-2026,06:39:02,1.92444W,50.93976N,100%,11C,94%,6_20260417_063902.wav,AGC,48kHz,stereo,Part1,6_20260417_063902.wav,426.0,429.0,426.42679166666665,426.17679166666665,426.67679166666665,0.0,0.0,0.0,180.0,"left,right"
Recorder 6 - 1004 to 1704,04-17-2026,06:39:02,1.92444W,50.93976N,100%,11C,94%,6_20260417_063902.wav,AGC,48kHz,stereo,Part1,6_20260417_063902.wav,618.0,621.0,619.59425,619.34425,619.84425,0.10286458333333333,4.9375,13.604415340680433,166.39558465931958,"left,right"
Recorder 6 - 1004 to 1704,04-17-2026,06:39:02,1.92444W,50.93976N,100%,11C,94%,6_20260417_063902.wav,AGC,48kHz,stereo,Part1,6_20260417_063902.wav,714.0,717.0,715.8454166666667,715.5954166666667,716.0954166666667,-0.01953125,-0.9375,357.4402354785634,182.5597645214366,"left,right"
Recorder 6 - 1004 to 1704,04-17-2026,06:39:02,1.92444W,50.93976N,100%,11C,94%,6_20260417_063902.wav,AGC,48kHz,stereo,Part1,6_20260417_063902.wav,819.0,822.0,819.050625,819.0,819.300625,0.0,0.0,0.0,180.0,"left,right"
Recorder 6 - 1004 to 1704,04-17-2026,06:39:02,1.92444W,50.93976N,100%,11C,94%,6_20260417_063902.wav,AGC,48kHz,stereo,Part1,6_20260417_063902.wav,924.0,927.0,925.7102916666666,925.4602916666666,925.9602916666666,0.0,0.0,0.0,180.0,"left,right"
Recorder 6 - 1004 to 1704,04-17-2026,06:39:02,1.92444W,50.93976N,100%,11C,94%,6_20260417_063902.wav,AGC,48kHz,stereo,Part1,6_20260417_063902.wav,1011.0,1014.0,1013.5970208333333,1013.3470208333333,1013.8470208333333,0.020833333333333332,1.0,2.730540749448636,177.26945925055136,"left,right"
Recorder 6 - 1004 to 1704,04-17-2026,06:39:02,1.92444W,50.93976N,100%,11C,94%,6_20260417_063902.wav,AGC,48kHz,stereo,Part1,6_20260417_063902.wav,1128.0,1131.0,1130.4066875,1130.1566875,1130.6566875,0.43489583333333337,20.875,83.96715221412849,96.03284778587151,"left,right"
Recorder 6 - 1004 to 1704,04-17-2026,06:39:02,1.92444W,50.93976N,100%,11C,94%,6_20260417_063902.wav,AGC,48kHz,stereo,Part1,6_20260417_063902.wav,1149.0,1152.0,1149.7300416666667,1149.4800416666667,1149.9800416666667,-0.0013020833333333333,-0.0625,359.8294055433168,180.1705944566832,"left,right"
Recorder 6 - 1004 to 1704,04-17-2026,06:39:02,1.92444W,50.93976N,100%,11C,94%,6_20260417_063902.wav,AGC,48kHz,stereo,Part1,6_20260417_063902.wav,1368.0,1371.0,1368.6889166666667,1368.4389166666667,1368.9389166666667,-0.10416666666666667,-5.0,346.22000051887755,193.77999948112247,"left,right"
Recorder 6 - 1004 to 1704,04-17-2026,06:39:02,1.92444W,50.93976N,100%,11C,94%,6_20260417_063902.wav,AGC,48kHz,stereo,Part1,6_20260417_063902.wav,1476.0,1479.0,1476.1502708333333,1476.0,1476.4002708333333,0.0,0.0,0.0,180.0,"left,right"
Recorder 6 - 1004 to 1704,04-17-2026,06:39:02,1.92444W,50.93976N,100%,11C,94%,6_20260417_063902.wav,AGC,48kHz,stereo,Part1,6_20260417_063902.wav,1602.0,1605.0,1603.7095833333333,1603.4595833333333,1603.9595833333333,0.0234375,1.125,3.0721675746425348,176.92783242535745,"left,right"
Recorder 6 - 1004 to 1704,04-17-2026,06:39:02,1.92444W,50.93976N,100%,11C,94%,6_20260417_063902.wav,AGC,48kHz,stereo,Part1,6_20260417_063902.wav,1740.0,1743.0,1742.7717083333334,1742.5217083333334,1743.0,0.0,0.0,0.0,180.0,"left,right"
Recorder 6 - 1004 to 1704,04-17-2026,06:39:02,1.92444W,50.93976N,100%,11C,94%,6_20260417_063902.wav,AGC,48kHz,stereo,Part1,6_20260417_063902.wav,1743.0,1746.0,1743.1852708333333,1743.0,1743.4352708333333,-0.10416666666666667,-5.0,346.22000051887755,193.77999948112247,"left,right"
Recorder 6 - 1004 to 1704,04-17-2026,07:09:03,1.92444W,50.93976N,100%,11C,94%,6_20260417_070903.wav,AGC,48kHz,stereo,Part2,6_20260417_070903.wav,102.0,105.0,102.30275,102.05275,102.55275,-0.0026041666666666665,-0.125,359.65880957427,180.34119042573002,"left,right"
Recorder 6 - 1004 to 1704,04-17-2026,07:09:03,1.92444W,50.93976N,100%,11C,94%,6_20260417_070903.wav,AGC,48kHz,stereo,Part2,6_20260417_070903.wav,201.0,204.0,203.50102083333334,203.25102083333334,203.75102083333334,0.020833333333333332,1.0,2.730540749448636,177.26945925055136,"left,right"
Recorder 6 - 1004 to 1704,04-17-2026,07:09:03,1.92444W,50.93976N,100%,11C,94%,6_20260417_070903.wav,AGC,48kHz,stereo,Part2,6_20260417_070903.wav,327.0,330.0,328.62272916666666,328.37272916666666,328.87272916666666,-0.10286458333333333,-4.9375,346.3955846593196,193.60441534068042,"left,right"
Recorder 6 - 1004 to 1704,04-17-2026,07:09:03,1.92444W,50.93976N,100%,11C,94%,6_20260417_070903.wav,AGC,48kHz,stereo,Part2,6_20260417_070903.wav,414.0,417.0,416.98997916666667,416.73997916666667,417.0,0.0,0.0,0.0,180.0,"left,right"
Recorder 6 - 1004 to 1704,04-17-2026,07:09:03,1.92444W,50.93976N,100%,11C,94%,6_20260417_070903.wav,AGC,48kHz,stereo,Part2,6_20260417_070903.wav,417.0,420.0,417.4113125,417.1613125,417.6613125,0.0,0.0,0.0,180.0,"left,right"
Recorder 6 - 1004 to 1704,04-17-2026,07:09:03,1.92444W,50.93976N,100%,11C,94%,6_20260417_070903.wav,AGC,48kHz,stereo,Part2,6_20260417_070903.wav,549.0,552.0,549.4175416666667,549.1675416666667,549.6675416666667,0.01953125,0.9375,2.559764521436577,177.4402354785634,"left,right"
Recorder 6 - 1004 to 1704,04-17-2026,07:09:03,1.92444W,50.93976N,100%,11C,94%,6_20260417_070903.wav,AGC,48kHz,stereo,Part2,6_20260417_070903.wav,687.0,690.0,687.1656875,687.0,687.4156875,0.0,0.0,0.0,180.0,"left,right"
Recorder 6 - 1004 to 1704,04-17-2026,07:09:03,1.92444W,50.93976N,100%,11C,94%,6_20260417_070903.wav,AGC,48kHz,stereo,Part2,6_20260417_070903.wav,810.0,813.0,812.5903958333333,812.3403958333333,812.8403958333333,0.01953125,0.9375,2.559764521436577,177.4402354785634,"left,right"
Recorder 6 - 1004 to 1704,04-17-2026,07:09:03,1.92444W,50.93976N,100%,11C,94%,6_20260417_070903.wav,AGC,48kHz,stereo,Part2,6_20260417_070903.wav,1005.0,1008.0,1006.2670833333333,1006.0170833333333,1006.5170833333333,0.022135416666666668,1.0625,2.9013412575649227,177.09865874243508,"left,right"
Recorder 6 - 1004 to 1704,04-17-2026,07:09:03,1.92444W,50.93976N,100%,11C,94%,6_20260417_070903.wav,AGC,48kHz,stereo,Part2,6_20260417_070903.wav,1134.0,1137.0,1135.6243333333334,1135.3743333333334,1135.8743333333334,-0.01953125,-0.9375,357.4402354785634,182.5597645214366,"left,right"
Recorder 6 - 1004 to 1704,04-17-2026,07:09:03,1.92444W,50.93976N,100%,11C,94%,6_20260417_070903.wav,AGC,48kHz,stereo,Part2,6_20260417_070903.wav,1224.0,1227.0,1225.7948333333334,1225.5448333333334,1226.0448333333334,-0.10416666666666667,-5.0,346.22000051887755,193.77999948112247,"left,right"
Recorder 6 - 1004 to 1704,04-17-2026,07:09:03,1.92444W,50.93976N,100%,11C,94%,6_20260417_070903.wav,AGC,48kHz,stereo,Part2,6_20260417_070903.wav,1641.0,1644.0,1642.4559791666666,1642.2059791666666,1642.7059791666666,0.0,0.0,0.0,180.0,"left,right"
Recorder 6 1704 to 2804,04-17-2026,18:42:02,1.92444W,50.93976N,100%,13C,83%,6_20260417_184202.wav,AGC,48kHz,stereo,Part1,6_20260417_184202.wav,69.0,72.0,69.52841666666667,69.27841666666667,69.77841666666667,0.0,0.0,0.0,180.0,"left,right"
Recorder 6 1704 to 2804,04-17-2026,18:42:02,1.92444W,50.93976N,100%,13C,83%,6_20260417_184202.wav,AGC,48kHz,stereo,Part1,6_20260417_184202.wav,183.0,186.0,185.63539583333332,185.38539583333332,185.88539583333332,0.10416666666666667,5.0,13.779999481122474,166.22000051887753,"left,right"
Recorder 6 1704 to 2804,04-17-2026,18:42:02,1.92444W,50.93976N,100%,13C,83%,6_20260417_184202.wav,AGC,48kHz,stereo,Part1,6_20260417_184202.wav,186.0,189.0,186.070875,186.0,186.320875,0.0026041666666666665,0.125,0.34119042573000513,179.65880957426998,"left,right"
Recorder 6 1704 to 2804,04-17-2026,18:42:02,1.92444W,50.93976N,100%,13C,83%,6_20260417_184202.wav,AGC,48kHz,stereo,Part1,6_20260417_184202.wav,426.0,429.0,428.4074375,428.1574375,428.6574375,0.10286458333333333,4.9375,13.604415340680433,166.39558465931958,"left,right"
Recorder 6 1704 to 2804,04-17-2026,18:42:02,1.92444W,50.93976N,100%,13C,83%,6_20260417_184202.wav,AGC,48kHz,stereo,Part1,6_20260417_184202.wav,522.0,525.0,523.4010416666666,523.1510416666666,523.6510416666666,-0.0013020833333333333,-0.0625,359.8294055433168,180.1705944566832,"left,right"
Recorder 6 1704 to 2804,04-17-2026,18:42:02,1.92444W,50.93976N,100%,13C,83%,6_20260417_184202.wav,AGC,48kHz,stereo,Part1,6_20260417_184202.wav,1140.0,1143.0,1142.9779375,1142.7279375,1143.0,-0.0013020833333333333,-0.0625,359.8294055433168,180.1705944566832,"left,right"
Recorder 6 1704 to 2804,04-17-2026,18:42:02,1.92444W,50.93976N,100%,13C,83%,6_20260417_184202.wav,AGC,48kHz,stereo,Part1,6_20260417_184202.wav,1281.0,1284.0,1283.0670833333334,1282.8170833333334,1283.3170833333334,0.0013020833333333333,0.0625,0.1705944566832045,179.8294055433168,"left,right"
Recorder 6 1704 to 2804,04-17-2026,18:42:02,1.92444W,50.93976N,100%,13C,83%,6_20260417_184202.wav,AGC,48kHz,stereo,Part1,6_20260417_184202.wav,1788.0,1791.0,1789.715,1789.465,1789.965,-0.01953125,-0.9375,357.4402354785634,182.5597645214366,"left,right"
Recorder 6 1704 to 2804,04-17-2026,19:12:03,1.92444W,50.93976N,100%,13C,83%,6_20260417_191203.wav,AGC,48kHz,stereo,Part2,6_20260417_191203.wav,120.0,123.0,121.0819375,120.8319375,121.3319375,-0.0013020833333333333,-0.0625,359.8294055433168,180.1705944566832,"left,right"
Recorder 6 1704 to 2804,04-17-2026,19:12:03,1.92444W,50.93976N,100%,13C,83%,6_20260417_191203.wav,AGC,48kHz,stereo,Part2,6_20260417_191203.wav,207.0,210.0,209.12379166666668,208.87379166666668,209.37379166666668,-0.12369791666666667,-5.937500000000001,343.5692718864695,196.4307281135305,"left,right"
Recorder 6 1704 to 2804,04-17-2026,19:12:03,1.92444W,50.93976N,100%,13C,83%,6_20260417_191203.wav,AGC,48kHz,stereo,Part2,6_20260417_191203.wav,540.0,543.0,541.678875,541.428875,541.928875,-0.0013020833333333333,-0.0625,359.8294055433168,180.1705944566832,"left,right"
Recorder 6 1704 to 2804,04-17-2026,19:12:03,1.92444W,50.93976N,100%,13C,83%,6_20260417_191203.wav,AGC,48kHz,stereo,Part2,6_20260417_191203.wav,699.0,702.0,701.39425,701.14425,701.64425,0.0013020833333333333,0.0625,0.1705944566832045,179.8294055433168,"left,right"
Recorder 6 1704 to 2804,04-17-2026,19:12:03,1.92444W,50.93976N,100%,13C,83%,6_20260417_191203.wav,AGC,48kHz,stereo,Part2,6_20260417_191203.wav,807.0,810.0,807.4149791666666,807.1649791666666,807.6649791666666,0.0,0.0,0.0,180.0,"left,right"
Recorder 6 1704 to 2804,04-17-2026,19:12:03,1.92444W,50.93976N,100%,13C,83%,6_20260417_191203.wav,AGC,48kHz,stereo,Part2,6_20260417_191203.wav,891.0,894.0,893.7935,893.5435,894.0,0.0,0.0,0.0,180.0,"left,right"
Recorder 6 1704 to 2804,04-17-2026,19:12:03,1.92444W,50.93976N,100%,13C,83%,6_20260417_191203.wav,AGC,48kHz,stereo,Part2,6_20260417_191203.wav,915.0,918.0,917.6245,917.3745,917.8745,-0.0013020833333333333,-0.0625,359.8294055433168,180.1705944566832,"left,right"
Recorder 6 1704 to 2804,04-17-2026,19:12:03,1.92444W,50.93976N,100%,13C,83%,6_20260417_191203.wav,AGC,48kHz,stereo,Part2,6_20260417_191203.wav,1041.0,1044.0,1043.434125,1043.184125,1043.684125,-0.018229166666666668,-0.8750000000000001,357.6109889533793,182.38901104662065,"left,right"
Recorder 6 1704 to 2804,04-17-2026,19:12:03,1.92444W,50.93976N,100%,13C,83%,6_20260417_191203.wav,AGC,48kHz,stereo,Part2,6_20260417_191203.wav,1176.0,1179.0,1178.7005625,1178.4505625,1178.9505625,-0.020833333333333332,-1.0,357.26945925055134,182.73054074944866,"left,right"
Recorder 6 1704 to 2804,04-17-2026,19:12:03,1.92444W,50.93976N,100%,13C,83%,6_20260417_191203.wav,AGC,48kHz,stereo,Part2,6_20260417_191203.wav,1179.0,1182.0,1179.1744166666667,1179.0,1179.4244166666667,0.0,0.0,0.0,180.0,"left,right"
Recorder 6 1704 to 2804,04-17-2026,19:12:03,1.92444W,50.93976N,100%,13C,83%,6_20260417_191203.wav,AGC,48kHz,stereo,Part2,6_20260417_191203.wav,1308.0,1311.0,1310.8391458333333,1310.5891458333333,1311.0,0.0026041666666666665,0.125,0.34119042573000513,179.65880957426998,"left,right"
Recorder 6 1704 to 2804,04-17-2026,19:12:03,1.92444W,50.93976N,100%,13C,83%,6_20260417_191203.wav,AGC,48kHz,stereo,Part2,6_20260417_191203.wav,1311.0,1314.0,1311.2855,1311.0355,1311.5355,-0.0013020833333333333,-0.0625,359.8294055433168,180.1705944566832,"left,right"
Recorder 6 1704 to 2804,04-17-2026,19:12:03,1.92444W,50.93976N,100%,13C,83%,6_20260417_191203.wav,AGC,48kHz,stereo,Part2,6_20260417_191203.wav,1440.0,1443.0,1442.9149166666666,1442.6649166666666,1443.0,0.020833333333333332,1.0,2.730540749448636,177.26945925055136,"left,right"
Recorder 6 1704 to 2804,04-17-2026,19:12:03,1.92444W,50.93976N,100%,13C,83%,6_20260417_191203.wav,AGC,48kHz,stereo,Part2,6_20260417_191203.wav,1542.0,1545.0,1544.8185833333334,1544.5685833333334,1545.0,-0.0013020833333333333,-0.0625,359.8294055433168,180.1705944566832,"left,right"
Recorder 6 1704 to 2804,04-17-2026,19:12:03,1.92444W,50.93976N,100%,13C,83%,6_20260417_191203.wav,AGC,48kHz,stereo,Part2,6_20260417_191203.wav,1545.0,1548.0,1545.3035416666667,1545.0535416666667,1545.5535416666667,0.0,0.0,0.0,180.0,"left,right"
Recorder 6 1704 to 2804,04-17-2026,19:12:03,1.92444W,50.93976N,100%,13C,83%,6_20260417_191203.wav,AGC,48kHz,stereo,Part2,6_20260417_191203.wav,1665.0,1668.0,1666.590625,1666.340625,1666.840625,-0.0013020833333333333,-0.0625,359.8294055433168,180.1705944566832,"left,right"
Recorder 6 1704 to 2804,04-18-2026,06:39:02,1.92442W,50.93975N,100%,3C,99%,6_20260418_063902.wav,AGC,48kHz,stereo,Part1,6_20260418_063902.wav,66.0,69.0,66.88125,66.63125,67.13125,0.0013020833333333333,0.0625,0.1705944566832045,179.8294055433168,"left,right"
Recorder 6 1704 to 2804,04-18-2026,06:39:02,1.92442W,50.93975N,100%,3C,99%,6_20260418_063902.wav,AGC,48kHz,stereo,Part1,6_20260418_063902.wav,126.0,129.0,127.9076875,127.6576875,128.1576875,0.01953125,0.9375,2.559764521436577,177.4402354785634,"left,right"
Recorder 6 1704 to 2804,04-18-2026,06:39:02,1.92442W,50.93975N,100%,3C,99%,6_20260418_063902.wav,AGC,48kHz,stereo,Part1,6_20260418_063902.wav,222.0,225.0,222.33077083333333,222.08077083333333,222.58077083333333,-0.0013020833333333333,-0.0625,359.8294055433168,180.1705944566832,"left,right"
Recorder 6 1704 to 2804,04-18-2026,06:39:02,1.92442W,50.93975N,100%,3C,99%,6_20260418_063902.wav,AGC,48kHz,stereo,Part1,6_20260418_063902.wav,306.0,309.0,308.97375,308.72375,309.0,-0.0013020833333333333,-0.0625,359.8294055433168,180.1705944566832,"left,right"
Recorder 6 1704 to 2804,04-18-2026,06:39:02,1.92442W,50.93975N,100%,3C,99%,6_20260418_063902.wav,AGC,48kHz,stereo,Part1,6_20260418_063902.wav,309.0,312.0,309.0650625,309.0,309.3150625,0.0,0.0,0.0,180.0,"left,right"
Recorder 6 1704 to 2804,04-18-2026,06:39:02,1.92442W,50.93975N,100%,3C,99%,6_20260418_063902.wav,AGC,48kHz,stereo,Part1,6_20260418_063902.wav,420.0,423.0,420.41614583333336,420.16614583333336,420.66614583333336,-0.0013020833333333333,-0.0625,359.8294055433168,180.1705944566832,"left,right"
Recorder 6 1704 to 2804,04-18-2026,06:39:02,1.92442W,50.93975N,100%,3C,99%,6_20260418_063902.wav,AGC,48kHz,stereo,Part1,6_20260418_063902.wav,495.0,498.0,497.75947916666667,497.50947916666667,498.0,0.0,0.0,0.0,180.0,"left,right"
Recorder 6 1704 to 2804,04-18-2026,06:39:02,1.92442W,50.93975N,100%,3C,99%,6_20260418_063902.wav,AGC,48kHz,stereo,Part1,6_20260418_063902.wav,624.0,627.0,626.8044166666666,626.5544166666666,627.0,0.020833333333333332,1.0,2.730540749448636,177.26945925055136,"left,right"
Recorder 6 1704 to 2804,04-18-2026,06:39:02,1.92442W,50.93975N,100%,3C,99%,6_20260418_063902.wav,AGC,48kHz,stereo,Part1,6_20260418_063902.wav,627.0,630.0,627.251125,627.001125,627.501125,0.0,0.0,0.0,180.0,"left,right"
Recorder 6 1704 to 2804,04-18-2026,06:39:02,1.92442W,50.93975N,100%,3C,99%,6_20260418_063902.wav,AGC,48kHz,stereo,Part1,6_20260418_063902.wav,906.0,909.0,908.698125,908.448125,908.948125,0.0013020833333333333,0.0625,0.1705944566832045,179.8294055433168,"left,right"
Recorder 6 1704 to 2804,04-18-2026,06:39:02,1.92442W,50.93975N,100%,3C,99%,6_20260418_063902.wav,AGC,48kHz,stereo,Part1,6_20260418_063902.wav,1014.0,1017.0,1016.3120625,1016.0620625,1016.5620625,0.0,0.0,0.0,180.0,"left,right"
Recorder 6 1704 to 2804,04-18-2026,06:39:02,1.92442W,50.93975N,100%,3C,99%,6_20260418_063902.wav,AGC,48kHz,stereo,Part1,6_20260418_063902.wav,1125.0,1128.0,1127.7836458333334,1127.5336458333334,1128.0,0.0013020833333333333,0.0625,0.1705944566832045,179.8294055433168,"left,right"
Recorder 6 1704 to 2804,04-18-2026,06:39:02,1.92442W,50.93975N,100%,3C,99%,6_20260418_063902.wav,AGC,48kHz,stereo,Part1,6_20260418_063902.wav,1257.0,1260.0,1258.6881875,1258.4381875,1258.9381875,0.0,0.0,0.0,180.0,"left,right"
Recorder 6 1704 to 2804,04-18-2026,06:39:02,1.92442W,50.93975N,100%,3C,99%,6_20260418_063902.wav,AGC,48kHz,stereo,Part1,6_20260418_063902.wav,1353.0,1356.0,1355.0200833333333,1354.7700833333333,1355.2700833333333,0.01953125,0.9375,2.559764521436577,177.4402354785634,"left,right"
Recorder 6 1704 to 2804,04-18-2026,06:39:02,1.92442W,50.93975N,100%,3C,99%,6_20260418_063902.wav,AGC,48kHz,stereo,Part1,6_20260418_063902.wav,1482.0,1485.0,1484.55475,1484.30475,1484.80475,0.0,0.0,0.0,180.0,"left,right"
Recorder 6 1704 to 2804,04-18-2026,06:39:02,1.92442W,50.93975N,100%,3C,99%,6_20260418_063902.wav,AGC,48kHz,stereo,Part1,6_20260418_063902.wav,1485.0,1488.0,1485.0100416666667,1485.0,1485.2600416666667,0.0,0.0,0.0,180.0,"left,right"
Recorder 6 1704 to 2804,04-18-2026,06:39:02,1.92442W,50.93975N,100%,3C,99%,6_20260418_063902.wav,AGC,48kHz,stereo,Part1,6_20260418_063902.wav,1569.0,1572.0,1571.67,1571.42,1571.92,-0.018229166666666668,-0.8750000000000001,357.6109889533793,182.38901104662065,"left,right"
Recorder 6 1704 to 2804,04-18-2026,06:39:02,1.92442W,50.93975N,100%,3C,99%,6_20260418_063902.wav,AGC,48kHz,stereo,Part1,6_20260418_063902.wav,1572.0,1575.0,1572.1613333333332,1572.0,1572.4113333333332,0.0,0.0,0.0,180.0,"left,right"
Recorder 6 1704 to 2804,04-18-2026,06:39:02,1.92442W,50.93975N,100%,3C,99%,6_20260418_063902.wav,AGC,48kHz,stereo,Part1,6_20260418_063902.wav,1677.0,1680.0,1678.62075,1678.37075,1678.87075,0.018229166666666668,0.8750000000000001,2.389011046620638,177.61098895337938,"left,right"
Recorder 6 1704 to 2804,04-18-2026,06:39:02,1.92442W,50.93975N,100%,3C,99%,6_20260418_063902.wav,AGC,48kHz,stereo,Part1,6_20260418_063902.wav,1782.0,1785.0,1783.1222916666666,1782.8722916666666,1783.3722916666666,0.0,0.0,0.0,180.0,"left,right"
Recorder 6 1704 to 2804,04-18-2026,07:09:03,1.92442W,50.93975N,100%,3C,99%,6_20260418_070903.wav,AGC,48kHz,stereo,Part2,6_20260418_070903.wav,105.0,108.0,107.25683333333333,107.00683333333333,107.50683333333333,0.0,0.0,0.0,180.0,"left,right"
Recorder 6 1704 to 2804,04-18-2026,07:09:03,1.92442W,50.93975N,100%,3C,99%,6_20260418_070903.wav,AGC,48kHz,stereo,Part2,6_20260418_070903.wav,195.0,198.0,197.368625,197.118625,197.618625,0.0,0.0,0.0,180.0,"left,right"
Recorder 6 1704 to 2804,04-18-2026,07:09:03,1.92442W,50.93975N,100%,3C,99%,6_20260418_070903.wav,AGC,48kHz,stereo,Part2,6_20260418_070903.wav,321.0,324.0,322.33479166666666,322.08479166666666,322.58479166666666,-0.14583333333333334,-7.000000000000001,340.52033868019953,199.47966131980044,"left,right"
Recorder 6 1704 to 2804,04-18-2026,07:09:03,1.92442W,50.93975N,100%,3C,99%,6_20260418_070903.wav,AGC,48kHz,stereo,Part2,6_20260418_070903.wav,453.0,456.0,455.635875,455.385875,455.885875,0.018229166666666668,0.8750000000000001,2.389011046620638,177.61098895337938,"left,right"
Recorder 6 1704 to 2804,04-18-2026,07:09:03,1.92442W,50.93975N,100%,3C,99%,6_20260418_070903.wav,AGC,48kHz,stereo,Part2,6_20260418_070903.wav,456.0,459.0,456.1073333333333,456.0,456.3573333333333,0.0,0.0,0.0,180.0,"left,right"
Recorder 6 1704 to 2804,04-18-2026,07:09:03,1.92442W,50.93975N,100%,3C,99%,6_20260418_070903.wav,AGC,48kHz,stereo,Part2,6_20260418_070903.wav,573.0,576.0,574.4658333333333,574.2158333333333,574.7158333333333,0.0013020833333333333,0.0625,0.1705944566832045,179.8294055433168,"left,right"
Recorder 6 1704 to 2804,04-18-2026,07:09:03,1.92442W,50.93975N,100%,3C,99%,6_20260418_070903.wav,AGC,48kHz,stereo,Part2,6_20260418_070903.wav,690.0,693.0,692.6145833333334,692.3645833333334,692.8645833333334,0.0013020833333333333,0.0625,0.1705944566832045,179.8294055433168,"left,right"
Recorder 6 1704 to 2804,04-18-2026,07:09:03,1.92442W,50.93975N,100%,3C,99%,6_20260418_070903.wav,AGC,48kHz,stereo,Part2,6_20260418_070903.wav,693.0,696.0,693.0908125,693.0,693.3408125,0.0013020833333333333,0.0625,0.1705944566832045,179.8294055433168,"left,right"
Recorder 6 1704 to 2804,04-18-2026,07:09:03,1.92442W,50.93975N,100%,3C,99%,6_20260418_070903.wav,AGC,48kHz,stereo,Part2,6_20260418_070903.wav,795.0,798.0,797.6907916666667,797.4407916666667,797.9407916666667,0.0,0.0,0.0,180.0,"left,right"
Recorder 6 1704 to 2804,04-18-2026,07:09:03,1.92442W,50.93975N,100%,3C,99%,6_20260418_070903.wav,AGC,48kHz,stereo,Part2,6_20260418_070903.wav,798.0,801.0,798.1588125,798.0,798.4088125,-0.0013020833333333333,-0.0625,359.8294055433168,180.1705944566832,"left,right"
Recorder 6 1704 to 2804,04-18-2026,07:09:03,1.92442W,50.93975N,100%,3C,99%,6_20260418_070903.wav,AGC,48kHz,stereo,Part2,6_20260418_070903.wav,1035.0,1038.0,1035.0100208333333,1035.0,1035.2600208333333,0.0,0.0,0.0,180.0,"left,right"
Recorder 6 1704 to 2804,04-18-2026,07:09:03,1.92442W,50.93975N,100%,3C,99%,6_20260418_070903.wav,AGC,48kHz,stereo,Part2,6_20260418_070903.wav,1200.0,1203.0,1202.9448958333332,1202.6948958333332,1203.0,0.0,0.0,0.0,180.0,"left,right"
Recorder 6 1704 to 2804,04-18-2026,07:09:03,1.92442W,50.93975N,100%,3C,99%,6_20260418_070903.wav,AGC,48kHz,stereo,Part2,6_20260418_070903.wav,1203.0,1206.0,1203.0688958333333,1203.0,1203.3188958333333,0.022135416666666668,1.0625,2.9013412575649227,177.09865874243508,"left,right"
Recorder 6 1704 to 2804,04-18-2026,07:09:03,1.92442W,50.93975N,100%,3C,99%,6_20260418_070903.wav,AGC,48kHz,stereo,Part2,6_20260418_070903.wav,1311.0,1314.0,1313.4752708333333,1313.2252708333333,1313.7252708333333,-0.0013020833333333333,-0.0625,359.8294055433168,180.1705944566832,"left,right"
Recorder 6 1704 to 2804,04-18-2026,07:09:03,1.92442W,50.93975N,100%,3C,99%,6_20260418_070903.wav,AGC,48kHz,stereo,Part2,6_20260418_070903.wav,1422.0,1425.0,1423.8542916666668,1423.6042916666668,1424.1042916666668,0.0,0.0,0.0,180.0,"left,right"
Recorder 6 1704 to 2804,04-18-2026,18:42:02,1.92442W,50.93975N,100%,14C,59%,6_20260418_184202.wav,AGC,48kHz,stereo,Part1,6_20260418_184202.wav,60.0,63.0,60.778020833333336,60.528020833333336,61.028020833333336,0.0,0.0,0.0,180.0,"left,right"
Recorder 6 1704 to 2804,04-18-2026,18:42:02,1.92442W,50.93975N,100%,14C,59%,6_20260418_184202.wav,AGC,48kHz,stereo,Part1,6_20260418_184202.wav,231.0,234.0,232.9885,232.7385,233.2385,-0.0013020833333333333,-0.0625,359.8294055433168,180.1705944566832,"left,right"
Recorder 6 1704 to 2804,04-18-2026,18:42:02,1.92442W,50.93975N,100%,14C,59%,6_20260418_184202.wav,AGC,48kHz,stereo,Part1,6_20260418_184202.wav,363.0,366.0,365.4339375,365.1839375,365.6839375,0.0013020833333333333,0.0625,0.1705944566832045,179.8294055433168,"left,right"
Recorder 6 1704 to 2804,04-18-2026,18:42:02,1.92442W,50.93975N,100%,14C,59%,6_20260418_184202.wav,AGC,48kHz,stereo,Part1,6_20260418_184202.wav,453.0,456.0,454.9657291666667,454.7157291666667,455.2157291666667,0.0013020833333333333,0.0625,0.1705944566832045,179.8294055433168,"left,right"
Recorder 6 1704 to 2804,04-18-2026,18:42:02,1.92442W,50.93975N,100%,14C,59%,6_20260418_184202.wav,AGC,48kHz,stereo,Part1,6_20260418_184202.wav,558.0,561.0,559.5785416666666,559.3285416666666,559.8285416666666,0.0,0.0,0.0,180.0,"left,right"
Recorder 6 1704 to 2804,04-18-2026,18:42:02,1.92442W,50.93975N,100%,14C,59%,6_20260418_184202.wav,AGC,48kHz,stereo,Part1,6_20260418_184202.wav,651.0,654.0,653.4024791666667,653.1524791666667,653.6524791666667,0.0,0.0,0.0,180.0,"left,right"
Recorder 6 1704 to 2804,04-18-2026,18:42:02,1.92442W,50.93975N,100%,14C,59%,6_20260418_184202.wav,AGC,48kHz,stereo,Part1,6_20260418_184202.wav,783.0,786.0,784.6422916666667,784.3922916666667,784.8922916666667,0.018229166666666668,0.8750000000000001,2.389011046620638,177.61098895337938,"left,right"
Recorder 6 1704 to 2804,04-18-2026,18:42:02,1.92442W,50.93975N,100%,14C,59%,6_20260418_184202.wav,AGC,48kHz,stereo,Part1,6_20260418_184202.wav,885.0,888.0,887.261875,887.011875,887.511875,-0.0013020833333333333,-0.0625,359.8294055433168,180.1705944566832,"left,right"
Recorder 6 1704 to 2804,04-18-2026,18:42:02,1.92442W,50.93975N,100%,14C,59%,6_20260418_184202.wav,AGC,48kHz,stereo,Part1,6_20260418_184202.wav,1011.0,1014.0,1012.7761666666667,1012.5261666666667,1013.0261666666667,0.0,0.0,0.0,180.0,"left,right"
Recorder 6 1704 to 2804,04-18-2026,18:42:02,1.92442W,50.93975N,100%,14C,59%,6_20260418_184202.wav,AGC,48kHz,stereo,Part1,6_20260418_184202.wav,1152.0,1155.0,1154.6647291666666,1154.4147291666666,1154.9147291666666,-0.0013020833333333333,-0.0625,359.8294055433168,180.1705944566832,"left,right"
Recorder 6 1704 to 2804,04-18-2026,18:42:02,1.92442W,50.93975N,100%,14C,59%,6_20260418_184202.wav,AGC,48kHz,stereo,Part1,6_20260418_184202.wav,1155.0,1158.0,1155.0398958333333,1155.0,1155.2898958333333,0.0013020833333333333,0.0625,0.1705944566832045,179.8294055433168,"left,right"
Recorder 6 1704 to 2804,04-18-2026,18:42:02,1.92442W,50.93975N,100%,14C,59%,6_20260418_184202.wav,AGC,48kHz,stereo,Part1,6_20260418_184202.wav,1266.0,1269.0,1268.2956875,1268.0456875,1268.5456875,-0.018229166666666668,-0.8750000000000001,357.6109889533793,182.38901104662065,"left,right"
Recorder 6 1704 to 2804,04-18-2026,18:42:02,1.92442W,50.93975N,100%,14C,59%,6_20260418_184202.wav,AGC,48kHz,stereo,Part1,6_20260418_184202.wav,1374.0,1377.0,1375.5774375,1375.3274375,1375.8274375,-0.0013020833333333333,-0.0625,359.8294055433168,180.1705944566832,"left,right"
Recorder 6 1704 to 2804,04-18-2026,18:42:02,1.92442W,50.93975N,100%,14C,59%,6_20260418_184202.wav,AGC,48kHz,stereo,Part1,6_20260418_184202.wav,1584.0,1587.0,1584.0985208333334,1584.0,1584.3485208333334,0.0,0.0,0.0,180.0,"left,right"
Recorder 6 1704 to 2804,04-18-2026,18:42:02,1.92442W,50.93975N,100%,14C,59%,6_20260418_184202.wav,AGC,48kHz,stereo,Part1,6_20260418_184202.wav,1707.0,1710.0,1709.7413333333334,1709.4913333333334,1709.9913333333334,0.0,0.0,0.0,180.0,"left,right"
Recorder 6 1704 to 2804,04-18-2026,18:42:02,1.92442W,50.93975N,100%,14C,59%,6_20260418_184202.wav,AGC,48kHz,stereo,Part1,6_20260418_184202.wav,1710.0,1713.0,1710.1653541666667,1710.0,1710.4153541666667,0.0,0.0,0.0,180.0,"left,right"
Recorder 6 1704 to 2804,04-18-2026,19:12:03,1.92442W,50.93975N,100%,14C,59%,6_20260418_191203.wav,AGC,48kHz,stereo,Part2,6_20260418_191203.wav,12.0,15.0,13.069083333333333,12.819083333333333,13.319083333333333,-0.0013020833333333333,-0.0625,359.8294055433168,180.1705944566832,"left,right"
Recorder 6 1704 to 2804,04-18-2026,19:12:03,1.92442W,50.93975N,100%,14C,59%,6_20260418_191203.wav,AGC,48kHz,stereo,Part2,6_20260418_191203.wav,147.0,150.0,147.08085416666665,147.0,147.33085416666665,0.0,0.0,0.0,180.0,"left,right"
Recorder 6 1704 to 2804,04-18-2026,19:12:03,1.92442W,50.93975N,100%,14C,59%,6_20260418_191203.wav,AGC,48kHz,stereo,Part2,6_20260418_191203.wav,276.0,279.0,277.8413541666667,277.5913541666667,278.0913541666667,0.0,0.0,0.0,180.0,"left,right"
Recorder 6 1704 to 2804,04-18-2026,19:12:03,1.92442W,50.93975N,100%,14C,59%,6_20260418_191203.wav,AGC,48kHz,stereo,Part2,6_20260418_191203.wav,375.0,378.0,377.97010416666666,377.72010416666666,378.0,0.0013020833333333333,0.0625,0.1705944566832045,179.8294055433168,"left,right"
Recorder 6 1704 to 2804,04-18-2026,19:12:03,1.92442W,50.93975N,100%,14C,59%,6_20260418_191203.wav,AGC,48kHz,stereo,Part2,6_20260418_191203.wav,696.0,699.0,696.4739583333334,696.2239583333334,696.7239583333334,0.0,0.0,0.0,180.0,"left,right"
Recorder 6 1704 to 2804,04-18-2026,19:12:03,1.92442W,50.93975N,100%,14C,59%,6_20260418_191203.wav,AGC,48kHz,stereo,Part2,6_20260418_191203.wav,834.0,837.0,835.0019166666667,834.7519166666667,835.2519166666667,0.020833333333333332,1.0,2.730540749448636,177.26945925055136,"left,right"
Recorder 6 1704 to 2804,04-18-2026,19:12:03,1.92442W,50.93975N,100%,14C,59%,6_20260418_191203.wav,AGC,48kHz,stereo,Part2,6_20260418_191203.wav,906.0,909.0,907.0641875,906.8141875,907.3141875,0.020833333333333332,1.0,2.730540749448636,177.26945925055136,"left,right"
Recorder 6 1704 to 2804,04-18-2026,19:12:03,1.92442W,50.93975N,100%,14C,59%,6_20260418_191203.wav,AGC,48kHz,stereo,Part2,6_20260418_191203.wav,1005.0,1008.0,1006.4205625,1006.1705625,1006.6705625,0.10416666666666667,5.0,13.779999481122474,166.22000051887753,"left,right"
Recorder 6 1704 to 2804,04-18-2026,19:12:03,1.92442W,50.93975N,100%,14C,59%,6_20260418_191203.wav,AGC,48kHz,stereo,Part2,6_20260418_191203.wav,1146.0,1149.0,1146.23325,1146.0,1146.48325,0.0,0.0,0.0,180.0,"left,right"
Recorder 6 1704 to 2804,04-18-2026,19:12:03,1.92442W,50.93975N,100%,14C,59%,6_20260418_191203.wav,AGC,48kHz,stereo,Part2,6_20260418_191203.wav,1242.0,1245.0,1243.03275,1242.78275,1243.28275,-0.0026041666666666665,-0.125,359.65880957427,180.34119042573002,"left,right"
Recorder 6 1704 to 2804,04-18-2026,19:12:03,1.92442W,50.93975N,100%,14C,59%,6_20260418_191203.wav,AGC,48kHz,stereo,Part2,6_20260418_191203.wav,1308.0,1311.0,1308.2012083333334,1308.0,1308.4512083333334,0.0,0.0,0.0,180.0,"left,right"
Recorder 6 1704 to 2804,04-18-2026,19:12:03,1.92442W,50.93975N,100%,14C,59%,6_20260418_191203.wav,AGC,48kHz,stereo,Part2,6_20260418_191203.wav,1341.0,1344.0,1342.5777916666666,1342.3277916666666,1342.8277916666666,0.0,0.0,0.0,180.0,"left,right"
Recorder 6 1704 to 2804,04-18-2026,19:12:03,1.92442W,50.93975N,100%,14C,59%,6_20260418_191203.wav,AGC,48kHz,stereo,Part2,6_20260418_191203.wav,1458.0,1461.0,1459.9566458333334,1459.7066458333334,1460.2066458333334,-0.12630208333333331,-6.0625,343.21322841536914,196.78677158463086,"left,right"
Recorder 6 1704 to 2804,04-18-2026,19:12:03,1.92442W,50.93975N,100%,14C,59%,6_20260418_191203.wav,AGC,48kHz,stereo,Part2,6_20260418_191203.wav,1527.0,1530.0,1528.220625,1527.970625,1528.470625,0.020833333333333332,1.0,2.730540749448636,177.26945925055136,"left,right"
Recorder 6 1704 to 2804,04-18-2026,19:12:03,1.92442W,50.93975N,100%,14C,59%,6_20260418_191203.wav,AGC,48kHz,stereo,Part2,6_20260418_191203.wav,1725.0,1728.0,1725.5035208333334,1725.2535208333334,1725.7535208333334,-0.022135416666666668,-1.0625,357.0986587424351,182.90134125756492,"left,right"
Recorder 6 1704 to 2804,04-19-2026,06:39:02,1.92442W,50.93975N,100%,6C,92%,6_20260419_063902.wav,AGC,48kHz,stereo,Part1,6_20260419_063902.wav,72.0,75.0,74.17852083333334,73.92852083333334,74.42852083333334,0.0026041666666666665,0.125,0.34119042573000513,179.65880957426998,"left,right"
Recorder 6 1704 to 2804,04-19-2026,06:39:02,1.92442W,50.93975N,100%,6C,92%,6_20260419_063902.wav,AGC,48kHz,stereo,Part1,6_20260419_063902.wav,183.0,186.0,185.54777083333335,185.29777083333335,185.79777083333335,0.0,0.0,0.0,180.0,"left,right"
Recorder 6 1704 to 2804,04-19-2026,06:39:02,1.92442W,50.93975N,100%,6C,92%,6_20260419_063902.wav,AGC,48kHz,stereo,Part1,6_20260419_063902.wav,426.0,429.0,428.9755,428.7255,429.0,0.020833333333333332,1.0,2.730540749448636,177.26945925055136,"left,right"
Recorder 6 1704 to 2804,04-19-2026,06:39:02,1.92442W,50.93975N,100%,6C,92%,6_20260419_063902.wav,AGC,48kHz,stereo,Part1,6_20260419_063902.wav,429.0,432.0,429.0656875,429.0,429.3156875,-0.022135416666666668,-1.0625,357.0986587424351,182.90134125756492,"left,right"
Recorder 6 1704 to 2804,04-19-2026,06:39:02,1.92442W,50.93975N,100%,6C,92%,6_20260419_063902.wav,AGC,48kHz,stereo,Part1,6_20260419_063902.wav,531.0,534.0,531.0787083333333,531.0,531.3287083333333,0.0,0.0,0.0,180.0,"left,right"
Recorder 6 1704 to 2804,04-19-2026,06:39:02,1.92442W,50.93975N,100%,6C,92%,6_20260419_063902.wav,AGC,48kHz,stereo,Part1,6_20260419_063902.wav,534.0,537.0,534.3730208333334,534.1230208333334,534.6230208333334,0.0013020833333333333,0.0625,0.1705944566832045,179.8294055433168,"left,right"
Recorder 6 1704 to 2804,04-19-2026,06:39:02,1.92442W,50.93975N,100%,6C,92%,6_20260419_063902.wav,AGC,48kHz,stereo,Part1,6_20260419_063902.wav,624.0,627.0,626.4941458333333,626.2441458333333,626.7441458333333,0.0,0.0,0.0,180.0,"left,right"
Recorder 6 1704 to 2804,04-19-2026,06:39:02,1.92442W,50.93975N,100%,6C,92%,6_20260419_063902.wav,AGC,48kHz,stereo,Part1,6_20260419_063902.wav,729.0,732.0,731.4966458333333,731.2466458333333,731.7466458333333,0.0,0.0,0.0,180.0,"left,right"
Recorder 6 1704 to 2804,04-19-2026,06:39:02,1.92442W,50.93975N,100%,6C,92%,6_20260419_063902.wav,AGC,48kHz,stereo,Part1,6_20260419_063902.wav,732.0,735.0,732.0100208333333,732.0,732.2600208333333,0.0,0.0,0.0,180.0,"left,right"
Recorder 6 1704 to 2804,04-19-2026,06:39:02,1.92442W,50.93975N,100%,6C,92%,6_20260419_063902.wav,AGC,48kHz,stereo,Part1,6_20260419_063902.wav,837.0,840.0,838.89025,838.64025,839.14025,-0.0013020833333333333,-0.0625,359.8294055433168,180.1705944566832,"left,right"
Recorder 6 1704 to 2804,04-19-2026,06:39:02,1.92442W,50.93975N,100%,6C,92%,6_20260419_063902.wav,AGC,48kHz,stereo,Part1,6_20260419_063902.wav,903.0,906.0,903.8284583333333,903.5784583333333,904.0784583333333,-0.0234375,-1.125,356.92783242535745,183.07216757464255,"left,right"
Recorder 6 1704 to 2804,04-19-2026,06:39:02,1.92442W,50.93975N,100%,6C,92%,6_20260419_063902.wav,AGC,48kHz,stereo,Part1,6_20260419_063902.wav,1020.0,1023.0,1021.2895833333333,1021.0395833333333,1021.5395833333333,-0.20833333333333334,-10.0,331.5501809760295,208.44981902397052,"left,right"
Recorder 6 1704 to 2804,04-19-2026,06:39:02,1.92442W,50.93975N,100%,6C,92%,6_20260419_063902.wav,AGC,48kHz,stereo,Part1,6_20260419_063902.wav,1101.0,1104.0,1102.4212291666668,1102.1712291666668,1102.6712291666668,0.0,0.0,0.0,180.0,"left,right"
Recorder 6 1704 to 2804,04-19-2026,06:39:02,1.92442W,50.93975N,100%,6C,92%,6_20260419_063902.wav,AGC,48kHz,stereo,Part1,6_20260419_063902.wav,1203.0,1206.0,1205.0134583333333,1204.7634583333333,1205.2634583333333,0.0013020833333333333,0.0625,0.1705944566832045,179.8294055433168,"left,right"
Recorder 6 1704 to 2804,04-19-2026,06:39:02,1.92442W,50.93975N,100%,6C,92%,6_20260419_063902.wav,AGC,48kHz,stereo,Part1,6_20260419_063902.wav,1284.0,1287.0,1286.7777291666666,1286.5277291666666,1287.0,0.0013020833333333333,0.0625,0.1705944566832045,179.8294055433168,"left,right"
Recorder 6 1704 to 2804,04-19-2026,06:39:02,1.92442W,50.93975N,100%,6C,92%,6_20260419_063902.wav,AGC,48kHz,stereo,Part1,6_20260419_063902.wav,1287.0,1290.0,1287.3003541666667,1287.0503541666667,1287.5503541666667,-0.0013020833333333333,-0.0625,359.8294055433168,180.1705944566832,"left,right"
Recorder 6 1704 to 2804,04-19-2026,06:39:02,1.92442W,50.93975N,100%,6C,92%,6_20260419_063902.wav,AGC,48kHz,stereo,Part1,6_20260419_063902.wav,1338.0,1341.0,1339.9758958333334,1339.7258958333334,1340.2258958333334,0.022135416666666668,1.0625,2.9013412575649227,177.09865874243508,"left,right"
Recorder 6 1704 to 2804,04-19-2026,06:39:02,1.92442W,50.93975N,100%,6C,92%,6_20260419_063902.wav,AGC,48kHz,stereo,Part1,6_20260419_063902.wav,1362.0,1365.0,1364.0069375,1363.7569375,1364.2569375,0.0013020833333333333,0.0625,0.1705944566832045,179.8294055433168,"left,right"
Recorder 6 1704 to 2804,04-19-2026,06:39:02,1.92442W,50.93975N,100%,6C,92%,6_20260419_063902.wav,AGC,48kHz,stereo,Part1,6_20260419_063902.wav,1455.0,1458.0,1455.1392708333333,1455.0,1455.3892708333333,0.0013020833333333333,0.0625,0.1705944566832045,179.8294055433168,"left,right"
Recorder 6 1704 to 2804,04-19-2026,06:39:02,1.92442W,50.93975N,100%,6C,92%,6_20260419_063902.wav,AGC,48kHz,stereo,Part1,6_20260419_063902.wav,1545.0,1548.0,1547.1029375,1546.8529375,1547.3529375,0.018229166666666668,0.8750000000000001,2.389011046620638,177.61098895337938,"left,right"
Recorder 6 1704 to 2804,04-19-2026,06:39:02,1.92442W,50.93975N,100%,6C,92%,6_20260419_063902.wav,AGC,48kHz,stereo,Part1,6_20260419_063902.wav,1656.0,1659.0,1656.5219375,1656.2719375,1656.7719375,-0.10286458333333333,-4.9375,346.3955846593196,193.60441534068042,"left,right"
Recorder 6 1704 to 2804,04-19-2026,06:39:02,1.92442W,50.93975N,100%,6C,92%,6_20260419_063902.wav,AGC,48kHz,stereo,Part1,6_20260419_063902.wav,1779.0,1782.0,1781.5540833333334,1781.3040833333334,1781.8040833333334,0.018229166666666668,0.8750000000000001,2.389011046620638,177.61098895337938,"left,right"
Recorder 6 1704 to 2804,04-19-2026,07:09:03,1.92442W,50.93975N,100%,6C,92%,6_20260419_070903.wav,AGC,48kHz,stereo,Part2,6_20260419_070903.wav,69.0,72.0,70.60377083333333,70.35377083333333,70.85377083333333,0.0026041666666666665,0.125,0.34119042573000513,179.65880957426998,"left,right"
Recorder 6 1704 to 2804,04-19-2026,07:09:03,1.92442W,50.93975N,100%,6C,92%,6_20260419_070903.wav,AGC,48kHz,stereo,Part2,6_20260419_070903.wav,159.0,162.0,159.40125,159.15125,159.65125,-0.0013020833333333333,-0.0625,359.8294055433168,180.1705944566832,"left,right"
Recorder 6 1704 to 2804,04-19-2026,07:09:03,1.92442W,50.93975N,100%,6C,92%,6_20260419_070903.wav,AGC,48kHz,stereo,Part2,6_20260419_070903.wav,243.0,246.0,245.48904166666668,245.23904166666668,245.73904166666668,0.0013020833333333333,0.0625,0.1705944566832045,179.8294055433168,"left,right"
Recorder 6 1704 to 2804,04-19-2026,07:09:03,1.92442W,50.93975N,100%,6C,92%,6_20260419_070903.wav,AGC,48kHz,stereo,Part2,6_20260419_070903.wav,375.0,378.0,375.2231458333333,375.0,375.4731458333333,0.0,0.0,0.0,180.0,"left,right"
Recorder 6 1704 to 2804,04-19-2026,07:09:03,1.92442W,50.93975N,100%,6C,92%,6_20260419_070903.wav,AGC,48kHz,stereo,Part2,6_20260419_070903.wav,483.0,486.0,485.5135,485.2635,485.7635,0.01953125,0.9375,2.559764521436577,177.4402354785634,"left,right"
Recorder 6 1704 to 2804,04-19-2026,07:09:03,1.92442W,50.93975N,100%,6C,92%,6_20260419_070903.wav,AGC,48kHz,stereo,Part2,6_20260419_070903.wav,573.0,576.0,575.9419375,575.6919375,576.0,-0.0390625,-1.875,354.87534380982993,185.12465619017007,"left,right"
Recorder 6 1704 to 2804,04-19-2026,07:09:03,1.92442W,50.93975N,100%,6C,92%,6_20260419_070903.wav,AGC,48kHz,stereo,Part2,6_20260419_070903.wav,576.0,579.0,576.3076875,576.0576875,576.5576875,-0.018229166666666668,-0.8750000000000001,357.6109889533793,182.38901104662065,"left,right"
Recorder 6 1704 to 2804,04-19-2026,07:09:03,1.92442W,50.93975N,100%,6C,92%,6_20260419_070903.wav,AGC,48kHz,stereo,Part2,6_20260419_070903.wav,714.0,717.0,716.1136875,715.8636875,716.3636875,0.0013020833333333333,0.0625,0.1705944566832045,179.8294055433168,"left,right"
Recorder 6 1704 to 2804,04-19-2026,07:09:03,1.92442W,50.93975N,100%,6C,92%,6_20260419_070903.wav,AGC,48kHz,stereo,Part2,6_20260419_070903.wav,816.0,819.0,816.8930833333334,816.6430833333334,817.1430833333334,0.0,0.0,0.0,180.0,"left,right"
Recorder 6 1704 to 2804,04-19-2026,07:09:03,1.92442W,50.93975N,100%,6C,92%,6_20260419_070903.wav,AGC,48kHz,stereo,Part2,6_20260419_070903.wav,900.0,903.0,901.4875833333333,901.2375833333333,901.7375833333333,0.0,0.0,0.0,180.0,"left,right"
Recorder 6 1704 to 2804,04-19-2026,07:09:03,1.92442W,50.93975N,100%,6C,92%,6_20260419_070903.wav,AGC,48kHz,stereo,Part2,6_20260419_070903.wav,1044.0,1047.0,1045.4982083333334,1045.2482083333334,1045.7482083333334,0.0013020833333333333,0.0625,0.1705944566832045,179.8294055433168,"left,right"
Recorder 6 1704 to 2804,04-19-2026,07:09:03,1.92442W,50.93975N,100%,6C,92%,6_20260419_070903.wav,AGC,48kHz,stereo,Part2,6_20260419_070903.wav,1140.0,1143.0,1142.6536666666666,1142.4036666666666,1142.9036666666666,0.0013020833333333333,0.0625,0.1705944566832045,179.8294055433168,"left,right"
Recorder 6 1704 to 2804,04-19-2026,07:09:03,1.92442W,50.93975N,100%,6C,92%,6_20260419_070903.wav,AGC,48kHz,stereo,Part2,6_20260419_070903.wav,1143.0,1146.0,1143.0484166666668,1143.0,1143.2984166666668,0.0026041666666666665,0.125,0.34119042573000513,179.65880957426998,"left,right"
Recorder 6 1704 to 2804,04-19-2026,07:09:03,1.92442W,50.93975N,100%,6C,92%,6_20260419_070903.wav,AGC,48kHz,stereo,Part2,6_20260419_070903.wav,1248.0,1251.0,1250.0456041666666,1249.7956041666666,1250.2956041666666,-0.0013020833333333333,-0.0625,359.8294055433168,180.1705944566832,"left,right"
Recorder 6 1704 to 2804,04-19-2026,07:09:03,1.92442W,50.93975N,100%,6C,92%,6_20260419_070903.wav,AGC,48kHz,stereo,Part2,6_20260419_070903.wav,1383.0,1386.0,1383.2982916666667,1383.0482916666667,1383.5482916666667,0.0,0.0,0.0,180.0,"left,right"
Recorder 6 1704 to 2804,04-19-2026,07:09:03,1.92442W,50.93975N,100%,6C,92%,6_20260419_070903.wav,AGC,48kHz,stereo,Part2,6_20260419_070903.wav,1470.0,1473.0,1470.3638958333333,1470.1138958333333,1470.6138958333333,0.2916666666666667,14.000000000000002,41.831671332575254,138.16832866742476,"left,right"
Recorder 6 1704 to 2804,04-19-2026,07:09:03,1.92442W,50.93975N,100%,6C,92%,6_20260419_070903.wav,AGC,48kHz,stereo,Part2,6_20260419_070903.wav,1566.0,1569.0,1568.6488333333334,1568.3988333333334,1568.8988333333334,-0.018229166666666668,-0.8750000000000001,357.6109889533793,182.38901104662065,"left,right"
Recorder 6 1704 to 2804,04-19-2026,07:09:03,1.92442W,50.93975N,100%,6C,92%,6_20260419_070903.wav,AGC,48kHz,stereo,Part2,6_20260419_070903.wav,1569.0,1572.0,1569.1093333333333,1569.0,1569.3593333333333,0.0,0.0,0.0,180.0,"left,right"
Recorder 6 1704 to 2804,04-19-2026,07:09:03,1.92442W,50.93975N,100%,6C,92%,6_20260419_070903.wav,AGC,48kHz,stereo,Part2,6_20260419_070903.wav,1674.0,1677.0,1675.329,1675.079,1675.579,0.0013020833333333333,0.0625,0.1705944566832045,179.8294055433168,"left,right"
Recorder 6 1704 to 2804,04-19-2026,07:09:03,1.92442W,50.93975N,100%,6C,92%,6_20260419_070903.wav,AGC,48kHz,stereo,Part2,6_20260419_070903.wav,1764.0,1767.0,1766.0957708333333,1765.8457708333333,1766.3457708333333,0.0,0.0,0.0,180.0,"left,right"
Recorder 6 1704 to 2804,04-19-2026,18:42:02,1.92442W,50.93975N,100%,13C,47%,6_20260419_184202.wav,AGC,48kHz,stereo,Part1,6_20260419_184202.wav,495.0,498.0,496.9370416666667,496.6870416666667,497.1870416666667,-0.020833333333333332,-1.0,357.26945925055134,182.73054074944866,"left,right"
Recorder 6 1704 to 2804,04-19-2026,18:42:02,1.92442W,50.93975N,100%,13C,47%,6_20260419_184202.wav,AGC,48kHz,stereo,Part1,6_20260419_184202.wav,690.0,693.0,691.3837708333333,691.1337708333333,691.6337708333333,0.01953125,0.9375,2.559764521436577,177.4402354785634,"left,right"
Recorder 6 1704 to 2804,04-19-2026,18:42:02,1.92442W,50.93975N,100%,13C,47%,6_20260419_184202.wav,AGC,48kHz,stereo,Part1,6_20260419_184202.wav,1029.0,1032.0,1029.8674375,1029.6174375,1030.1174375,0.01953125,0.9375,2.559764521436577,177.4402354785634,"left,right"
Recorder 6 1704 to 2804,04-19-2026,18:42:02,1.92442W,50.93975N,100%,13C,47%,6_20260419_184202.wav,AGC,48kHz,stereo,Part1,6_20260419_184202.wav,1128.0,1131.0,1129.7474375,1129.4974375,1129.9974375,-0.0234375,-1.125,356.92783242535745,183.07216757464255,"left,right"
Recorder 6 1704 to 2804,04-19-2026,18:42:02,1.92442W,50.93975N,100%,13C,47%,6_20260419_184202.wav,AGC,48kHz,stereo,Part1,6_20260419_184202.wav,1230.0,1233.0,1231.0600625,1230.8100625,1231.3100625,0.020833333333333332,1.0,2.730540749448636,177.26945925055136,"left,right"
Recorder 6 1704 to 2804,04-19-2026,18:42:02,1.92442W,50.93975N,100%,13C,47%,6_20260419_184202.wav,AGC,48kHz,stereo,Part1,6_20260419_184202.wav,1458.0,1461.0,1459.7289791666667,1459.4789791666667,1459.9789791666667,0.01953125,0.9375,2.559764521436577,177.4402354785634,"left,right"
Recorder 6 1704 to 2804,04-19-2026,18:42:02,1.92442W,50.93975N,100%,13C,47%,6_20260419_184202.wav,AGC,48kHz,stereo,Part1,6_20260419_184202.wav,1575.0,1578.0,1576.6743333333334,1576.4243333333334,1576.9243333333334,0.0013020833333333333,0.0625,0.1705944566832045,179.8294055433168,"left,right"
Recorder 6 1704 to 2804,04-19-2026,18:42:02,1.92442W,50.93975N,100%,13C,47%,6_20260419_184202.wav,AGC,48kHz,stereo,Part1,6_20260419_184202.wav,1674.0,1677.0,1676.3290625,1676.0790625,1676.5790625,0.01953125,0.9375,2.559764521436577,177.4402354785634,"left,right"
Recorder 6 1704 to 2804,04-19-2026,19:12:03,1.92442W,50.93975N,100%,13C,47%,6_20260419_191203.wav,AGC,48kHz,stereo,Part2,6_20260419_191203.wav,27.0,30.0,27.891875,27.641875,28.141875,0.0,0.0,0.0,180.0,"left,right"
Recorder 6 1704 to 2804,04-19-2026,19:12:03,1.92442W,50.93975N,100%,13C,47%,6_20260419_191203.wav,AGC,48kHz,stereo,Part2,6_20260419_191203.wav,117.0,120.0,119.80175,119.55175,120.0,0.018229166666666668,0.8750000000000001,2.389011046620638,177.61098895337938,"left,right"
Recorder 6 1704 to 2804,04-19-2026,19:12:03,1.92442W,50.93975N,100%,13C,47%,6_20260419_191203.wav,AGC,48kHz,stereo,Part2,6_20260419_191203.wav,555.0,558.0,556.6471666666666,556.3971666666666,556.8971666666666,-0.020833333333333332,-1.0,357.26945925055134,182.73054074944866,"left,right"
Recorder 6 1704 to 2804,04-19-2026,19:12:03,1.92442W,50.93975N,100%,13C,47%,6_20260419_191203.wav,AGC,48kHz,stereo,Part2,6_20260419_191203.wav,702.0,705.0,702.5383333333333,702.2883333333333,702.7883333333333,0.0013020833333333333,0.0625,0.1705944566832045,179.8294055433168,"left,right"
Recorder 6 1704 to 2804,04-19-2026,19:12:03,1.92442W,50.93975N,100%,13C,47%,6_20260419_191203.wav,AGC,48kHz,stereo,Part2,6_20260419_191203.wav,840.0,843.0,841.3494791666667,841.0994791666667,841.5994791666667,0.020833333333333332,1.0,2.730540749448636,177.26945925055136,"left,right"
Recorder 6 1704 to 2804,04-19-2026,19:12:03,1.92442W,50.93975N,100%,13C,47%,6_20260419_191203.wav,AGC,48kHz,stereo,Part2,6_20260419_191203.wav,957.0,960.0,958.1062916666667,957.8562916666667,958.3562916666667,0.0,0.0,0.0,180.0,"left,right"
Recorder 6 1704 to 2804,04-19-2026,19:12:03,1.92442W,50.93975N,100%,13C,47%,6_20260419_191203.wav,AGC,48kHz,stereo,Part2,6_20260419_191203.wav,1053.0,1056.0,1053.1432083333334,1053.0,1053.3932083333334,0.0,0.0,0.0,180.0,"left,right"
Recorder 6 1704 to 2804,04-19-2026,19:12:03,1.92442W,50.93975N,100%,13C,47%,6_20260419_191203.wav,AGC,48kHz,stereo,Part2,6_20260419_191203.wav,1173.0,1176.0,1175.5020833333333,1175.2520833333333,1175.7520833333333,-0.018229166666666668,-0.8750000000000001,357.6109889533793,182.38901104662065,"left,right"
Recorder 6 1704 to 2804,04-19-2026,19:12:03,1.92442W,50.93975N,100%,13C,47%,6_20260419_191203.wav,AGC,48kHz,stereo,Part2,6_20260419_191203.wav,1749.0,1752.0,1750.5099583333333,1750.2599583333333,1750.7599583333333,0.0013020833333333333,0.0625,0.1705944566832045,179.8294055433168,"left,right"
Recorder 6 1704 to 2804,04-20-2026,06:39:02,1.92442W,50.93975N,100%,5C,97%,6_20260420_063902.wav,AGC,48kHz,stereo,Part1,6_20260420_063902.wav,30.0,33.0,31.995333333333335,31.745333333333335,32.245333333333335,-0.10286458333333333,-4.9375,346.3955846593196,193.60441534068042,"left,right"
Recorder 6 1704 to 2804,04-20-2026,06:39:02,1.92442W,50.93975N,100%,5C,97%,6_20260420_063902.wav,AGC,48kHz,stereo,Part1,6_20260420_063902.wav,138.0,141.0,139.57114583333333,139.32114583333333,139.82114583333333,-0.0013020833333333333,-0.0625,359.8294055433168,180.1705944566832,"left,right"
Recorder 6 1704 to 2804,04-20-2026,06:39:02,1.92442W,50.93975N,100%,5C,97%,6_20260420_063902.wav,AGC,48kHz,stereo,Part1,6_20260420_063902.wav,237.0,240.0,238.562875,238.312875,238.812875,0.0,0.0,0.0,180.0,"left,right"
Recorder 6 1704 to 2804,04-20-2026,06:39:02,1.92442W,50.93975N,100%,5C,97%,6_20260420_063902.wav,AGC,48kHz,stereo,Part1,6_20260420_063902.wav,411.0,414.0,412.4594583333333,412.2094583333333,412.7094583333333,-0.0013020833333333333,-0.0625,359.8294055433168,180.1705944566832,"left,right"
Recorder 6 1704 to 2804,04-20-2026,06:39:02,1.92442W,50.93975N,100%,5C,97%,6_20260420_063902.wav,AGC,48kHz,stereo,Part1,6_20260420_063902.wav,486.0,489.0,486.734625,486.484625,486.984625,0.0,0.0,0.0,180.0,"left,right"
Recorder 6 1704 to 2804,04-20-2026,06:39:02,1.92442W,50.93975N,100%,5C,97%,6_20260420_063902.wav,AGC,48kHz,stereo,Part1,6_20260420_063902.wav,570.0,573.0,572.7715208333333,572.5215208333333,573.0,0.0,0.0,0.0,180.0,"left,right"
Recorder 6 1704 to 2804,04-20-2026,06:39:02,1.92442W,50.93975N,100%,5C,97%,6_20260420_063902.wav,AGC,48kHz,stereo,Part1,6_20260420_063902.wav,573.0,576.0,573.230375,573.0,573.480375,0.0,0.0,0.0,180.0,"left,right"
Recorder 6 1704 to 2804,04-20-2026,06:39:02,1.92442W,50.93975N,100%,5C,97%,6_20260420_063902.wav,AGC,48kHz,stereo,Part1,6_20260420_063902.wav,675.0,678.0,675.4110416666666,675.1610416666666,675.6610416666666,0.01953125,0.9375,2.559764521436577,177.4402354785634,"left,right"
Recorder 6 1704 to 2804,04-20-2026,06:39:02,1.92442W,50.93975N,100%,5C,97%,6_20260420_063902.wav,AGC,48kHz,stereo,Part1,6_20260420_063902.wav,759.0,762.0,759.6365416666666,759.3865416666666,759.8865416666666,-0.0013020833333333333,-0.0625,359.8294055433168,180.1705944566832,"left,right"
Recorder 6 1704 to 2804,04-20-2026,06:39:02,1.92442W,50.93975N,100%,5C,97%,6_20260420_063902.wav,AGC,48kHz,stereo,Part1,6_20260420_063902.wav,861.0,864.0,863.8993541666666,863.6493541666666,864.0,-0.0013020833333333333,-0.0625,359.8294055433168,180.1705944566832,"left,right"
Recorder 6 1704 to 2804,04-20-2026,06:39:02,1.92442W,50.93975N,100%,5C,97%,6_20260420_063902.wav,AGC,48kHz,stereo,Part1,6_20260420_063902.wav,864.0,867.0,864.3896875,864.1396875,864.6396875,0.0013020833333333333,0.0625,0.1705944566832045,179.8294055433168,"left,right"
Recorder 6 1704 to 2804,04-20-2026,06:39:02,1.92442W,50.93975N,100%,5C,97%,6_20260420_063902.wav,AGC,48kHz,stereo,Part1,6_20260420_063902.wav,969.0,972.0,970.0138541666666,969.7638541666666,970.2638541666666,-0.0013020833333333333,-0.0625,359.8294055433168,180.1705944566832,"left,right"
Recorder 6 1704 to 2804,04-20-2026,06:39:02,1.92442W,50.93975N,100%,5C,97%,6_20260420_063902.wav,AGC,48kHz,stereo,Part1,6_20260420_063902.wav,1071.0,1074.0,1072.8944583333334,1072.6444583333334,1073.1444583333334,-0.0013020833333333333,-0.0625,359.8294055433168,180.1705944566832,"left,right"
Recorder 6 1704 to 2804,04-20-2026,06:39:02,1.92442W,50.93975N,100%,5C,97%,6_20260420_063902.wav,AGC,48kHz,stereo,Part1,6_20260420_063902.wav,1179.0,1182.0,1181.9892916666668,1181.7392916666668,1182.0,0.0,0.0,0.0,180.0,"left,right"
Recorder 6 1704 to 2804,04-20-2026,06:39:02,1.92442W,50.93975N,100%,5C,97%,6_20260420_063902.wav,AGC,48kHz,stereo,Part1,6_20260420_063902.wav,1182.0,1185.0,1182.010125,1182.0,1182.260125,-0.022135416666666668,-1.0625,357.0986587424351,182.90134125756492,"left,right"
Recorder 6 1704 to 2804,04-20-2026,06:39:02,1.92442W,50.93975N,100%,5C,97%,6_20260420_063902.wav,AGC,48kHz,stereo,Part1,6_20260420_063902.wav,1272.0,1275.0,1272.4443125,1272.1943125,1272.6943125,-0.0013020833333333333,-0.0625,359.8294055433168,180.1705944566832,"left,right"
Recorder 6 1704 to 2804,04-20-2026,06:39:02,1.92442W,50.93975N,100%,5C,97%,6_20260420_063902.wav,AGC,48kHz,stereo,Part1,6_20260420_063902.wav,1383.0,1386.0,1385.1985416666666,1384.9485416666666,1385.4485416666666,0.018229166666666668,0.8750000000000001,2.389011046620638,177.61098895337938,"left,right"
Recorder 6 1704 to 2804,04-20-2026,06:39:02,1.92442W,50.93975N,100%,5C,97%,6_20260420_063902.wav,AGC,48kHz,stereo,Part1,6_20260420_063902.wav,1485.0,1488.0,1487.9899583333333,1487.7399583333333,1488.0,-0.01953125,-0.9375,357.4402354785634,182.5597645214366,"left,right"
Recorder 6 1704 to 2804,04-20-2026,06:39:02,1.92442W,50.93975N,100%,5C,97%,6_20260420_063902.wav,AGC,48kHz,stereo,Part1,6_20260420_063902.wav,1488.0,1491.0,1488.0147083333334,1488.0,1488.2647083333334,0.0,0.0,0.0,180.0,"left,right"
Recorder 6 1704 to 2804,04-20-2026,06:39:02,1.92442W,50.93975N,100%,5C,97%,6_20260420_063902.wav,AGC,48kHz,stereo,Part1,6_20260420_063902.wav,1602.0,1605.0,1602.858125,1602.608125,1603.108125,0.0,0.0,0.0,180.0,"left,right"
Recorder 6 1704 to 2804,04-20-2026,07:09:03,1.92442W,50.93975N,100%,5C,97%,6_20260420_070903.wav,AGC,48kHz,stereo,Part2,6_20260420_070903.wav,9.0,12.0,11.99,11.74,12.0,0.0,0.0,0.0,180.0,"left,right"
Recorder 6 1704 to 2804,04-20-2026,07:09:03,1.92442W,50.93975N,100%,5C,97%,6_20260420_070903.wav,AGC,48kHz,stereo,Part2,6_20260420_070903.wav,12.0,15.0,12.010020833333334,12.0,12.260020833333334,0.0,0.0,0.0,180.0,"left,right"
Recorder 6 1704 to 2804,04-20-2026,07:09:03,1.92442W,50.93975N,100%,5C,97%,6_20260420_070903.wav,AGC,48kHz,stereo,Part2,6_20260420_070903.wav,132.0,135.0,134.37679166666666,134.12679166666666,134.62679166666666,0.018229166666666668,0.8750000000000001,2.389011046620638,177.61098895337938,"left,right"
Recorder 6 1704 to 2804,04-20-2026,07:09:03,1.92442W,50.93975N,100%,5C,97%,6_20260420_070903.wav,AGC,48kHz,stereo,Part2,6_20260420_070903.wav,219.0,222.0,221.53752083333333,221.28752083333333,221.78752083333333,0.01953125,0.9375,2.559764521436577,177.4402354785634,"left,right"
Recorder 6 1704 to 2804,04-20-2026,07:09:03,1.92442W,50.93975N,100%,5C,97%,6_20260420_070903.wav,AGC,48kHz,stereo,Part2,6_20260420_070903.wav,405.0,408.0,405.2980625,405.0480625,405.5480625,-0.022135416666666668,-1.0625,357.0986587424351,182.90134125756492,"left,right"
Recorder 6 1704 to 2804,04-20-2026,18:42:02,1.92442W,50.93975N,100%,12C,59%,6_20260420_184202.wav,AGC,48kHz,stereo,Part1,6_20260420_184202.wav,276.0,279.0,277.92720833333334,277.67720833333334,278.17720833333334,0.0013020833333333333,0.0625,0.1705944566832045,179.8294055433168,"left,right"
Recorder 6 1704 to 2804,04-20-2026,18:42:02,1.92442W,50.93975N,100%,12C,59%,6_20260420_184202.wav,AGC,48kHz,stereo,Part1,6_20260420_184202.wav,453.0,456.0,453.8919375,453.6419375,454.1419375,0.0,0.0,0.0,180.0,"left,right"
Recorder 6 1704 to 2804,04-20-2026,18:42:02,1.92442W,50.93975N,100%,12C,59%,6_20260420_184202.wav,AGC,48kHz,stereo,Part1,6_20260420_184202.wav,477.0,480.0,477.712625,477.462625,477.962625,0.0,0.0,0.0,180.0,"left,right"
Recorder 6 1704 to 2804,04-20-2026,18:42:02,1.92442W,50.93975N,100%,12C,59%,6_20260420_184202.wav,AGC,48kHz,stereo,Part1,6_20260420_184202.wav,549.0,552.0,550.0450416666666,549.7950416666666,550.2950416666666,0.0,0.0,0.0,180.0,"left,right"
Recorder 6 1704 to 2804,04-20-2026,18:42:02,1.92442W,50.93975N,100%,12C,59%,6_20260420_184202.wav,AGC,48kHz,stereo,Part1,6_20260420_184202.wav,738.0,741.0,738.0168333333334,738.0,738.2668333333334,0.020833333333333332,1.0,2.730540749448636,177.26945925055136,"left,right"
Recorder 6 1704 to 2804,04-20-2026,18:42:02,1.92442W,50.93975N,100%,12C,59%,6_20260420_184202.wav,AGC,48kHz,stereo,Part1,6_20260420_184202.wav,1005.0,1008.0,1005.4993958333333,1005.2493958333333,1005.7493958333333,0.01953125,0.9375,2.559764521436577,177.4402354785634,"left,right"
Recorder 6 1704 to 2804,04-20-2026,18:42:02,1.92442W,50.93975N,100%,12C,59%,6_20260420_184202.wav,AGC,48kHz,stereo,Part1,6_20260420_184202.wav,1056.0,1059.0,1058.3818125,1058.1318125,1058.6318125,-0.0013020833333333333,-0.0625,359.8294055433168,180.1705944566832,"left,right"
Recorder 6 1704 to 2804,04-20-2026,18:42:02,1.92442W,50.93975N,100%,12C,59%,6_20260420_184202.wav,AGC,48kHz,stereo,Part1,6_20260420_184202.wav,1089.0,1092.0,1090.2354583333333,1089.9854583333333,1090.4854583333333,0.01953125,0.9375,2.559764521436577,177.4402354785634,"left,right"
Recorder 6 1704 to 2804,04-20-2026,18:42:02,1.92442W,50.93975N,100%,12C,59%,6_20260420_184202.wav,AGC,48kHz,stereo,Part1,6_20260420_184202.wav,1647.0,1650.0,1648.3572291666667,1648.1072291666667,1648.6072291666667,0.01953125,0.9375,2.559764521436577,177.4402354785634,"left,right"
Recorder 6 1704 to 2804,04-20-2026,18:42:02,1.92442W,50.93975N,100%,12C,59%,6_20260420_184202.wav,AGC,48kHz,stereo,Part1,6_20260420_184202.wav,1764.0,1767.0,1765.6499166666667,1765.3999166666667,1765.8999166666667,0.01953125,0.9375,2.559764521436577,177.4402354785634,"left,right"
Recorder 6 1704 to 2804,04-20-2026,19:12:03,1.92442W,50.93975N,100%,12C,59%,6_20260420_191203.wav,AGC,48kHz,stereo,Part2,6_20260420_191203.wav,48.0,51.0,50.1705625,49.9205625,50.4205625,0.0,0.0,0.0,180.0,"left,right"
Recorder 6 1704 to 2804,04-20-2026,19:12:03,1.92442W,50.93975N,100%,12C,59%,6_20260420_191203.wav,AGC,48kHz,stereo,Part2,6_20260420_191203.wav,150.0,153.0,151.70533333333333,151.45533333333333,151.95533333333333,0.0,0.0,0.0,180.0,"left,right"
Recorder 6 1704 to 2804,04-20-2026,19:12:03,1.92442W,50.93975N,100%,12C,59%,6_20260420_191203.wav,AGC,48kHz,stereo,Part2,6_20260420_191203.wav,255.0,258.0,257.67710416666665,257.42710416666665,257.92710416666665,0.0,0.0,0.0,180.0,"left,right"
Recorder 6 1704 to 2804,04-20-2026,19:12:03,1.92442W,50.93975N,100%,12C,59%,6_20260420_191203.wav,AGC,48kHz,stereo,Part2,6_20260420_191203.wav,258.0,261.0,258.0110625,258.0,258.2610625,0.0,0.0,0.0,180.0,"left,right"
Recorder 6 1704 to 2804,04-20-2026,19:12:03,1.92442W,50.93975N,100%,12C,59%,6_20260420_191203.wav,AGC,48kHz,stereo,Part2,6_20260420_191203.wav,345.0,348.0,345.195875,345.0,345.445875,-0.14453125,-6.9375,340.70118992585884,199.29881007414116,"left,right"
Recorder 6 1704 to 2804,04-20-2026,19:12:03,1.92442W,50.93975N,100%,12C,59%,6_20260420_191203.wav,AGC,48kHz,stereo,Part2,6_20260420_191203.wav,537.0,540.0,538.9675208333333,538.7175208333333,539.2175208333333,0.0,0.0,0.0,180.0,"left,right"
Recorder 6 1704 to 2804,04-20-2026,19:12:03,1.92442W,50.93975N,100%,12C,59%,6_20260420_191203.wav,AGC,48kHz,stereo,Part2,6_20260420_191203.wav,609.0,612.0,610.2969375,610.0469375,610.5469375,-0.0013020833333333333,-0.0625,359.8294055433168,180.1705944566832,"left,right"
Recorder 6 1704 to 2804,04-20-2026,19:12:03,1.92442W,50.93975N,100%,12C,59%,6_20260420_191203.wav,AGC,48kHz,stereo,Part2,6_20260420_191203.wav,735.0,738.0,736.6224166666667,736.3724166666667,736.8724166666667,0.01953125,0.9375,2.559764521436577,177.4402354785634,"left,right"
Recorder 6 1704 to 2804,04-20-2026,19:12:03,1.92442W,50.93975N,100%,12C,59%,6_20260420_191203.wav,AGC,48kHz,stereo,Part2,6_20260420_191203.wav,801.0,804.0,803.4159166666667,803.1659166666667,803.6659166666667,0.0,0.0,0.0,180.0,"left,right"
Recorder 6 1704 to 2804,04-20-2026,19:12:03,1.92442W,50.93975N,100%,12C,59%,6_20260420_191203.wav,AGC,48kHz,stereo,Part2,6_20260420_191203.wav,912.0,915.0,913.9980208333334,913.7480208333334,914.2480208333334,-0.01953125,-0.9375,357.4402354785634,182.5597645214366,"left,right"
Recorder 6 1704 to 2804,04-20-2026,19:12:03,1.92442W,50.93975N,100%,12C,59%,6_20260420_191203.wav,AGC,48kHz,stereo,Part2,6_20260420_191203.wav,999.0,1002.0,1000.76325,1000.51325,1001.01325,-0.020833333333333332,-1.0,357.26945925055134,182.73054074944866,"left,right"
Recorder 6 1704 to 2804,04-20-2026,19:12:03,1.92442W,50.93975N,100%,12C,59%,6_20260420_191203.wav,AGC,48kHz,stereo,Part2,6_20260420_191203.wav,1107.0,1110.0,1109.67275,1109.42275,1109.92275,0.0,0.0,0.0,180.0,"left,right"
Recorder 6 1704 to 2804,04-20-2026,19:12:03,1.92442W,50.93975N,100%,12C,59%,6_20260420_191203.wav,AGC,48kHz,stereo,Part2,6_20260420_191203.wav,1110.0,1113.0,1110.1367916666666,1110.0,1110.3867916666666,0.0,0.0,0.0,180.0,"left,right"
Recorder 6 1704 to 2804,04-20-2026,19:12:03,1.92442W,50.93975N,100%,12C,59%,6_20260420_191203.wav,AGC,48kHz,stereo,Part2,6_20260420_191203.wav,1200.0,1203.0,1200.1677708333334,1200.0,1200.4177708333334,0.0,0.0,0.0,180.0,"left,right"
Recorder 6 1704 to 2804,04-20-2026,19:12:03,1.92442W,50.93975N,100%,12C,59%,6_20260420_191203.wav,AGC,48kHz,stereo,Part2,6_20260420_191203.wav,1296.0,1299.0,1298.0861458333334,1297.8361458333334,1298.3361458333334,0.0,0.0,0.0,180.0,"left,right"
Recorder 6 1704 to 2804,04-20-2026,19:12:03,1.92442W,50.93975N,100%,12C,59%,6_20260420_191203.wav,AGC,48kHz,stereo,Part2,6_20260420_191203.wav,1329.0,1332.0,1331.2318958333333,1330.9818958333333,1331.4818958333333,0.375,18.0,59.03703129067228,120.96296870932773,"left,right"
Recorder 6 1704 to 2804,04-20-2026,19:12:03,1.92442W,50.93975N,100%,12C,59%,6_20260420_191203.wav,AGC,48kHz,stereo,Part2,6_20260420_191203.wav,1458.0,1461.0,1459.7195416666666,1459.4695416666666,1459.9695416666666,0.0013020833333333333,0.0625,0.1705944566832045,179.8294055433168,"left,right"
Recorder 6 1704 to 2804,04-21-2026,06:39:02,1.92442W,50.93975N,100%,4C,93%,6_20260421_063902.wav,AGC,48kHz,stereo,Part1,6_20260421_063902.wav,1218.0,1221.0,1218.8051458333334,1218.5551458333334,1219.0551458333334,-0.020833333333333332,-1.0,357.26945925055134,182.73054074944866,"left,right"
Recorder 6 1704 to 2804,04-21-2026,06:39:02,1.92442W,50.93975N,100%,4C,93%,6_20260421_063902.wav,AGC,48kHz,stereo,Part1,6_20260421_063902.wav,1323.0,1326.0,1323.1592916666666,1323.0,1323.4092916666666,0.0,0.0,0.0,180.0,"left,right"
Recorder 6 1704 to 2804,04-21-2026,06:39:02,1.92442W,50.93975N,100%,4C,93%,6_20260421_063902.wav,AGC,48kHz,stereo,Part1,6_20260421_063902.wav,1464.0,1467.0,1466.9841666666666,1466.7341666666666,1467.0,0.0,0.0,0.0,180.0,"left,right"
Recorder 6 1704 to 2804,04-21-2026,06:39:02,1.92442W,50.93975N,100%,4C,93%,6_20260421_063902.wav,AGC,48kHz,stereo,Part1,6_20260421_063902.wav,1467.0,1470.0,1467.3394583333334,1467.0894583333334,1467.5894583333334,-0.0026041666666666665,-0.125,359.65880957427,180.34119042573002,"left,right"
Recorder 6 1704 to 2804,04-21-2026,06:39:02,1.92442W,50.93975N,100%,4C,93%,6_20260421_063902.wav,AGC,48kHz,stereo,Part1,6_20260421_063902.wav,1584.0,1587.0,1586.6635416666666,1586.4135416666666,1586.9135416666666,0.22916666666666666,11.0,31.602816764442423,148.39718323555758,"left,right"
Recorder 6 1704 to 2804,04-21-2026,06:39:02,1.92442W,50.93975N,100%,4C,93%,6_20260421_063902.wav,AGC,48kHz,stereo,Part1,6_20260421_063902.wav,1587.0,1590.0,1587.048625,1587.0,1587.298625,-0.0013020833333333333,-0.0625,359.8294055433168,180.1705944566832,"left,right"
Recorder 6 1704 to 2804,04-21-2026,07:09:03,1.92442W,50.93975N,100%,4C,93%,6_20260421_070903.wav,AGC,48kHz,stereo,Part2,6_20260421_070903.wav,0.0,3.0,0.5727291666666666,0.3227291666666667,0.8227291666666666,0.20833333333333334,10.0,28.449819023970527,151.55018097602948,"left,right"
Recorder 6 1704 to 2804,04-21-2026,07:09:03,1.92442W,50.93975N,100%,4C,93%,6_20260421_070903.wav,AGC,48kHz,stereo,Part2,6_20260421_070903.wav,105.0,108.0,105.44170833333334,105.19170833333334,105.69170833333334,0.0,0.0,0.0,180.0,"left,right"
Recorder 6 1704 to 2804,04-21-2026,07:09:03,1.92442W,50.93975N,100%,4C,93%,6_20260421_070903.wav,AGC,48kHz,stereo,Part2,6_20260421_070903.wav,219.0,222.0,221.51770833333333,221.26770833333333,221.76770833333333,-0.0013020833333333333,-0.0625,359.8294055433168,180.1705944566832,"left,right"
Recorder 6 1704 to 2804,04-21-2026,07:09:03,1.92442W,50.93975N,100%,4C,93%,6_20260421_070903.wav,AGC,48kHz,stereo,Part2,6_20260421_070903.wav,222.0,225.0,222.01639583333332,222.0,222.26639583333332,-0.0013020833333333333,-0.0625,359.8294055433168,180.1705944566832,"left,right"
Recorder 6 1704 to 2804,04-21-2026,07:09:03,1.92442W,50.93975N,100%,4C,93%,6_20260421_070903.wav,AGC,48kHz,stereo,Part2,6_20260421_070903.wav,369.0,372.0,370.87210416666665,370.62210416666665,371.12210416666665,-0.0013020833333333333,-0.0625,359.8294055433168,180.1705944566832,"left,right"
Recorder 6 1704 to 2804,04-21-2026,07:09:03,1.92442W,50.93975N,100%,4C,93%,6_20260421_070903.wav,AGC,48kHz,stereo,Part2,6_20260421_070903.wav,495.0,498.0,496.13004166666667,495.88004166666667,496.38004166666667,0.0,0.0,0.0,180.0,"left,right"
Recorder 6 1704 to 2804,04-21-2026,07:09:03,1.92442W,50.93975N,100%,4C,93%,6_20260421_070903.wav,AGC,48kHz,stereo,Part2,6_20260421_070903.wav,630.0,633.0,631.9382708333334,631.6882708333334,632.1882708333334,0.0,0.0,0.0,180.0,"left,right"
Recorder 6 1704 to 2804,04-21-2026,07:09:03,1.92442W,50.93975N,100%,4C,93%,6_20260421_070903.wav,AGC,48kHz,stereo,Part2,6_20260421_070903.wav,696.0,699.0,698.1661041666666,697.9161041666666,698.4161041666666,0.0,0.0,0.0,180.0,"left,right"
Recorder 6 1704 to 2804,04-21-2026,07:09:03,1.92442W,50.93975N,100%,4C,93%,6_20260421_070903.wav,AGC,48kHz,stereo,Part2,6_20260421_070903.wav,825.0,828.0,826.8050625,826.5550625,827.0550625,-0.0013020833333333333,-0.0625,359.8294055433168,180.1705944566832,"left,right"
Recorder 6 1704 to 2804,04-21-2026,07:09:03,1.92442W,50.93975N,100%,4C,93%,6_20260421_070903.wav,AGC,48kHz,stereo,Part2,6_20260421_070903.wav,945.0,948.0,946.9512916666666,946.7012916666666,947.2012916666666,0.020833333333333332,1.0,2.730540749448636,177.26945925055136,"left,right"
Recorder 6 1704 to 2804,04-21-2026,07:09:03,1.92442W,50.93975N,100%,4C,93%,6_20260421_070903.wav,AGC,48kHz,stereo,Part2,6_20260421_070903.wav,1074.0,1077.0,1076.3385625,1076.0885625,1076.5885625,0.0,0.0,0.0,180.0,"left,right"
Recorder 6 1704 to 2804,04-21-2026,07:09:03,1.92442W,50.93975N,100%,4C,93%,6_20260421_070903.wav,AGC,48kHz,stereo,Part2,6_20260421_070903.wav,1194.0,1197.0,1195.7875,1195.5375,1196.0375,-0.0013020833333333333,-0.0625,359.8294055433168,180.1705944566832,"left,right"
Recorder 6 1704 to 2804,04-21-2026,07:09:03,1.92442W,50.93975N,100%,4C,93%,6_20260421_070903.wav,AGC,48kHz,stereo,Part2,6_20260421_070903.wav,1338.0,1341.0,1338.5469166666667,1338.2969166666667,1338.7969166666667,-0.020833333333333332,-1.0,357.26945925055134,182.73054074944866,"left,right"
Recorder 6 1704 to 2804,04-21-2026,07:09:03,1.92442W,50.93975N,100%,4C,93%,6_20260421_070903.wav,AGC,48kHz,stereo,Part2,6_20260421_070903.wav,1446.0,1449.0,1447.1881041666666,1446.9381041666666,1447.4381041666666,0.01953125,0.9375,2.559764521436577,177.4402354785634,"left,right"
Recorder 6 1704 to 2804,04-21-2026,07:09:03,1.92442W,50.93975N,100%,4C,93%,6_20260421_070903.wav,AGC,48kHz,stereo,Part2,6_20260421_070903.wav,1656.0,1659.0,1658.1329375,1657.8829375,1658.3829375,0.0013020833333333333,0.0625,0.1705944566832045,179.8294055433168,"left,right"
Recorder 6 1704 to 2804,04-21-2026,07:09:03,1.92442W,50.93975N,100%,4C,93%,6_20260421_070903.wav,AGC,48kHz,stereo,Part2,6_20260421_070903.wav,1767.0,1770.0,1769.3333125,1769.0833125,1769.5833125,0.0,0.0,0.0,180.0,"left,right"
Recorder 6 1704 to 2804,04-21-2026,18:42:02,1.92442W,50.93975N,100%,13C,55%,6_20260421_184202.wav,AGC,48kHz,stereo,Part1,6_20260421_184202.wav,33.0,36.0,33.733333333333334,33.483333333333334,33.983333333333334,0.0013020833333333333,0.0625,0.1705944566832045,179.8294055433168,"left,right"
Recorder 6 1704 to 2804,04-21-2026,18:42:02,1.92442W,50.93975N,100%,13C,55%,6_20260421_184202.wav,AGC,48kHz,stereo,Part1,6_20260421_184202.wav,168.0,171.0,168.43854166666668,168.18854166666668,168.68854166666668,0.0,0.0,0.0,180.0,"left,right"
Recorder 6 1704 to 2804,04-21-2026,18:42:02,1.92442W,50.93975N,100%,13C,55%,6_20260421_184202.wav,AGC,48kHz,stereo,Part1,6_20260421_184202.wav,315.0,318.0,316.62329166666666,316.37329166666666,316.87329166666666,0.0,0.0,0.0,180.0,"left,right"
Recorder 6 1704 to 2804,04-21-2026,18:42:02,1.92442W,50.93975N,100%,13C,55%,6_20260421_184202.wav,AGC,48kHz,stereo,Part1,6_20260421_184202.wav,456.0,459.0,458.49725,458.24725,458.74725,0.0,0.0,0.0,180.0,"left,right"
Recorder 6 1704 to 2804,04-21-2026,18:42:02,1.92442W,50.93975N,100%,13C,55%,6_20260421_184202.wav,AGC,48kHz,stereo,Part1,6_20260421_184202.wav,555.0,558.0,557.3487708333333,557.0987708333333,557.5987708333333,-0.01953125,-0.9375,357.4402354785634,182.5597645214366,"left,right"
Recorder 6 1704 to 2804,04-21-2026,18:42:02,1.92442W,50.93975N,100%,13C,55%,6_20260421_184202.wav,AGC,48kHz,stereo,Part1,6_20260421_184202.wav,636.0,639.0,637.7777291666666,637.5277291666666,638.0277291666666,-0.01953125,-0.9375,357.4402354785634,182.5597645214366,"left,right"
Recorder 6 1704 to 2804,04-21-2026,18:42:02,1.92442W,50.93975N,100%,13C,55%,6_20260421_184202.wav,AGC,48kHz,stereo,Part1,6_20260421_184202.wav,771.0,774.0,771.2602916666667,771.0102916666667,771.5102916666667,0.0,0.0,0.0,180.0,"left,right"
Recorder 6 1704 to 2804,04-21-2026,18:42:02,1.92442W,50.93975N,100%,13C,55%,6_20260421_184202.wav,AGC,48kHz,stereo,Part1,6_20260421_184202.wav,903.0,906.0,905.99,905.74,906.0,0.022135416666666668,1.0625,2.9013412575649227,177.09865874243508,"left,right"
Recorder 6 1704 to 2804,04-21-2026,18:42:02,1.92442W,50.93975N,100%,13C,55%,6_20260421_184202.wav,AGC,48kHz,stereo,Part1,6_20260421_184202.wav,906.0,909.0,906.0557291666667,906.0,906.3057291666667,0.0,0.0,0.0,180.0,"left,right"
Recorder 6 1704 to 2804,04-21-2026,18:42:02,1.92442W,50.93975N,100%,13C,55%,6_20260421_184202.wav,AGC,48kHz,stereo,Part1,6_20260421_184202.wav,1008.0,1011.0,1009.4075625,1009.1575625,1009.6575625,0.0013020833333333333,0.0625,0.1705944566832045,179.8294055433168,"left,right"
Recorder 6 1704 to 2804,04-21-2026,18:42:02,1.92442W,50.93975N,100%,13C,55%,6_20260421_184202.wav,AGC,48kHz,stereo,Part1,6_20260421_184202.wav,1095.0,1098.0,1097.5824583333333,1097.3324583333333,1097.8324583333333,0.0,0.0,0.0,180.0,"left,right"
Recorder 6 1704 to 2804,04-21-2026,18:42:02,1.92442W,50.93975N,100%,13C,55%,6_20260421_184202.wav,AGC,48kHz,stereo,Part1,6_20260421_184202.wav,1098.0,1101.0,1098.0733958333333,1098.0,1098.3233958333333,-0.125,-6.0,343.3913326437145,196.60866735628548,"left,right"
Recorder 6 1704 to 2804,04-21-2026,18:42:02,1.92442W,50.93975N,100%,13C,55%,6_20260421_184202.wav,AGC,48kHz,stereo,Part1,6_20260421_184202.wav,1197.0,1200.0,1199.6697083333333,1199.4197083333333,1199.9197083333333,0.0,0.0,0.0,180.0,"left,right"
Recorder 6 1704 to 2804,04-21-2026,18:42:02,1.92442W,50.93975N,100%,13C,55%,6_20260421_184202.wav,AGC,48kHz,stereo,Part1,6_20260421_184202.wav,1770.0,1773.0,1772.3476875,1772.0976875,1772.5976875,0.0,0.0,0.0,180.0,"left,right"
Recorder 6 1704 to 2804,04-21-2026,19:12:03,1.92442W,50.93975N,100%,13C,55%,6_20260421_191203.wav,AGC,48kHz,stereo,Part2,6_20260421_191203.wav,99.0,102.0,99.55035416666666,99.30035416666666,99.80035416666666,-0.020833333333333332,-1.0,357.26945925055134,182.73054074944866,"left,right"
Recorder 6 1704 to 2804,04-21-2026,19:12:03,1.92442W,50.93975N,100%,13C,55%,6_20260421_191203.wav,AGC,48kHz,stereo,Part2,6_20260421_191203.wav,213.0,216.0,215.23516666666666,214.98516666666666,215.48516666666666,-0.020833333333333332,-1.0,357.26945925055134,182.73054074944866,"left,right"
Recorder 6 1704 to 2804,04-21-2026,19:12:03,1.92442W,50.93975N,100%,13C,55%,6_20260421_191203.wav,AGC,48kHz,stereo,Part2,6_20260421_191203.wav,396.0,399.0,397.4334375,397.1834375,397.6834375,0.01953125,0.9375,2.559764521436577,177.4402354785634,"left,right"
Recorder 6 1704 to 2804,04-21-2026,19:12:03,1.92442W,50.93975N,100%,13C,55%,6_20260421_191203.wav,AGC,48kHz,stereo,Part2,6_20260421_191203.wav,504.0,507.0,506.7781458333333,506.5281458333333,507.0,-0.0013020833333333333,-0.0625,359.8294055433168,180.1705944566832,"left,right"
Recorder 6 1704 to 2804,04-21-2026,19:12:03,1.92442W,50.93975N,100%,13C,55%,6_20260421_191203.wav,AGC,48kHz,stereo,Part2,6_20260421_191203.wav,630.0,633.0,630.4987708333333,630.2487708333333,630.7487708333333,-0.022135416666666668,-1.0625,357.0986587424351,182.90134125756492,"left,right"
Recorder 6 1704 to 2804,04-21-2026,19:12:03,1.92442W,50.93975N,100%,13C,55%,6_20260421_191203.wav,AGC,48kHz,stereo,Part2,6_20260421_191203.wav,822.0,825.0,823.4084583333333,823.1584583333333,823.6584583333333,0.0,0.0,0.0,180.0,"left,right"
Recorder 6 1704 to 2804,04-21-2026,19:12:03,1.92442W,50.93975N,100%,13C,55%,6_20260421_191203.wav,AGC,48kHz,stereo,Part2,6_20260421_191203.wav,936.0,939.0,938.3464166666666,938.0964166666666,938.5964166666666,0.0,0.0,0.0,180.0,"left,right"
Recorder 6 1704 to 2804,04-21-2026,19:12:03,1.92442W,50.93975N,100%,13C,55%,6_20260421_191203.wav,AGC,48kHz,stereo,Part2,6_20260421_191203.wav,1056.0,1059.0,1058.9679583333334,1058.7179583333334,1059.0,-0.0013020833333333333,-0.0625,359.8294055433168,180.1705944566832,"left,right"
Recorder 6 1704 to 2804,04-21-2026,19:12:03,1.92442W,50.93975N,100%,13C,55%,6_20260421_191203.wav,AGC,48kHz,stereo,Part2,6_20260421_191203.wav,1059.0,1062.0,1059.01075,1059.0,1059.26075,0.0026041666666666665,0.125,0.34119042573000513,179.65880957426998,"left,right"
Recorder 6 1704 to 2804,04-21-2026,19:12:03,1.92442W,50.93975N,100%,13C,55%,6_20260421_191203.wav,AGC,48kHz,stereo,Part2,6_20260421_191203.wav,1176.0,1179.0,1176.75925,1176.50925,1177.00925,-0.020833333333333332,-1.0,357.26945925055134,182.73054074944866,"left,right"
Recorder 6 1704 to 2804,04-21-2026,19:12:03,1.92442W,50.93975N,100%,13C,55%,6_20260421_191203.wav,AGC,48kHz,stereo,Part2,6_20260421_191203.wav,1302.0,1305.0,1304.0112083333333,1303.7612083333333,1304.2612083333333,0.0,0.0,0.0,180.0,"left,right"
Recorder 6 1704 to 2804,04-21-2026,19:12:03,1.92442W,50.93975N,100%,13C,55%,6_20260421_191203.wav,AGC,48kHz,stereo,Part2,6_20260421_191203.wav,1413.0,1416.0,1414.6666041666667,1414.4166041666667,1414.9166041666667,0.01953125,0.9375,2.559764521436577,177.4402354785634,"left,right"
Recorder 6 1704 to 2804,04-21-2026,19:12:03,1.92442W,50.93975N,100%,13C,55%,6_20260421_191203.wav,AGC,48kHz,stereo,Part2,6_20260421_191203.wav,1509.0,1512.0,1511.3264166666668,1511.0764166666668,1511.5764166666668,-0.0013020833333333333,-0.0625,359.8294055433168,180.1705944566832,"left,right"
Recorder 6 1704 to 2804,04-21-2026,19:12:03,1.92442W,50.93975N,100%,13C,55%,6_20260421_191203.wav,AGC,48kHz,stereo,Part2,6_20260421_191203.wav,1626.0,1629.0,1627.7443125,1627.4943125,1627.9943125,0.0013020833333333333,0.0625,0.1705944566832045,179.8294055433168,"left,right"
Recorder 6 1704 to 2804,04-21-2026,19:12:03,1.92442W,50.93975N,100%,13C,55%,6_20260421_191203.wav,AGC,48kHz,stereo,Part2,6_20260421_191203.wav,1743.0,1746.0,1745.87025,1745.62025,1746.0,-0.0013020833333333333,-0.0625,359.8294055433168,180.1705944566832,"left,right"
Recorder 6 1704 to 2804,04-21-2026,19:12:03,1.92442W,50.93975N,100%,13C,55%,6_20260421_191203.wav,AGC,48kHz,stereo,Part2,6_20260421_191203.wav,1746.0,1749.0,1746.0279166666667,1746.0,1746.2779166666667,-0.0234375,-1.125,356.92783242535745,183.07216757464255,"left,right"
Recorder 6 1704 to 2804,04-22-2026,06:39:02,1.92442W,50.93975N,100%,6C,94%,6_20260422_063902.wav,AGC,48kHz,stereo,Part1,6_20260422_063902.wav,111.0,114.0,113.82122916666667,113.57122916666667,114.0,0.0,0.0,0.0,180.0,"left,right"
Recorder 6 1704 to 2804,04-22-2026,06:39:02,1.92442W,50.93975N,100%,6C,94%,6_20260422_063902.wav,AGC,48kHz,stereo,Part1,6_20260422_063902.wav,114.0,117.0,114.22097916666667,114.0,114.47097916666667,0.0,0.0,0.0,180.0,"left,right"
Recorder 6 1704 to 2804,04-22-2026,06:39:02,1.92442W,50.93975N,100%,6C,94%,6_20260422_063902.wav,AGC,48kHz,stereo,Part1,6_20260422_063902.wav,210.0,213.0,212.519,212.269,212.769,0.0013020833333333333,0.0625,0.1705944566832045,179.8294055433168,"left,right"
Recorder 6 1704 to 2804,04-22-2026,06:39:02,1.92442W,50.93975N,100%,6C,94%,6_20260422_063902.wav,AGC,48kHz,stereo,Part1,6_20260422_063902.wav,213.0,216.0,213.01004166666667,213.0,213.26004166666667,-0.0013020833333333333,-0.0625,359.8294055433168,180.1705944566832,"left,right"
Recorder 6 1704 to 2804,04-22-2026,06:39:02,1.92442W,50.93975N,100%,6C,94%,6_20260422_063902.wav,AGC,48kHz,stereo,Part1,6_20260422_063902.wav,315.0,318.0,317.9209583333333,317.6709583333333,318.0,0.0,0.0,0.0,180.0,"left,right"
Recorder 6 1704 to 2804,04-22-2026,06:39:02,1.92442W,50.93975N,100%,6C,94%,6_20260422_063902.wav,AGC,48kHz,stereo,Part1,6_20260422_063902.wav,318.0,321.0,318.01,318.0,318.26,0.0,0.0,0.0,180.0,"left,right"
Recorder 6 1704 to 2804,04-22-2026,06:39:02,1.92442W,50.93975N,100%,6C,94%,6_20260422_063902.wav,AGC,48kHz,stereo,Part1,6_20260422_063902.wav,441.0,444.0,443.39929166666667,443.14929166666667,443.64929166666667,0.0,0.0,0.0,180.0,"left,right"
Recorder 6 1704 to 2804,04-22-2026,06:39:02,1.92442W,50.93975N,100%,6C,94%,6_20260422_063902.wav,AGC,48kHz,stereo,Part1,6_20260422_063902.wav,561.0,564.0,563.8112083333333,563.5612083333333,564.0,0.01953125,0.9375,2.559764521436577,177.4402354785634,"left,right"
Recorder 6 1704 to 2804,04-22-2026,06:39:02,1.92442W,50.93975N,100%,6C,94%,6_20260422_063902.wav,AGC,48kHz,stereo,Part1,6_20260422_063902.wav,564.0,567.0,564.2973333333333,564.0473333333333,564.5473333333333,0.01953125,0.9375,2.559764521436577,177.4402354785634,"left,right"
Recorder 6 1704 to 2804,04-22-2026,06:39:02,1.92442W,50.93975N,100%,6C,94%,6_20260422_063902.wav,AGC,48kHz,stereo,Part1,6_20260422_063902.wav,765.0,768.0,766.3588958333333,766.1088958333333,766.6088958333333,0.0,0.0,0.0,180.0,"left,right"
Recorder 6 1704 to 2804,04-22-2026,06:39:02,1.92442W,50.93975N,100%,6C,94%,6_20260422_063902.wav,AGC,48kHz,stereo,Part1,6_20260422_063902.wav,858.0,861.0,859.0074166666667,858.7574166666667,859.2574166666667,0.01953125,0.9375,2.559764521436577,177.4402354785634,"left,right"
Recorder 6 1704 to 2804,04-22-2026,06:39:02,1.92442W,50.93975N,100%,6C,94%,6_20260422_063902.wav,AGC,48kHz,stereo,Part1,6_20260422_063902.wav,1017.0,1020.0,1017.2033333333334,1017.0,1017.4533333333334,0.022135416666666668,1.0625,2.9013412575649227,177.09865874243508,"left,right"
Recorder 6 1704 to 2804,04-22-2026,06:39:02,1.92442W,50.93975N,100%,6C,94%,6_20260422_063902.wav,AGC,48kHz,stereo,Part1,6_20260422_063902.wav,1128.0,1131.0,1128.4915416666668,1128.2415416666668,1128.7415416666668,0.020833333333333332,1.0,2.730540749448636,177.26945925055136,"left,right"
Recorder 6 1704 to 2804,04-22-2026,06:39:02,1.92442W,50.93975N,100%,6C,94%,6_20260422_063902.wav,AGC,48kHz,stereo,Part1,6_20260422_063902.wav,1254.0,1257.0,1254.2060208333332,1254.0,1254.4560208333332,0.0,0.0,0.0,180.0,"left,right"
Recorder 6 1704 to 2804,04-22-2026,06:39:02,1.92442W,50.93975N,100%,6C,94%,6_20260422_063902.wav,AGC,48kHz,stereo,Part1,6_20260422_063902.wav,1353.0,1356.0,1354.0780416666666,1353.8280416666666,1354.3280416666666,0.0013020833333333333,0.0625,0.1705944566832045,179.8294055433168,"left,right"
Recorder 6 1704 to 2804,04-22-2026,06:39:02,1.92442W,50.93975N,100%,6C,94%,6_20260422_063902.wav,AGC,48kHz,stereo,Part1,6_20260422_063902.wav,1476.0,1479.0,1477.8618958333334,1477.6118958333334,1478.1118958333334,0.01953125,0.9375,2.559764521436577,177.4402354785634,"left,right"
Recorder 6 1704 to 2804,04-22-2026,06:39:02,1.92442W,50.93975N,100%,6C,94%,6_20260422_063902.wav,AGC,48kHz,stereo,Part1,6_20260422_063902.wav,1608.0,1611.0,1610.99,1610.74,1611.0,0.022135416666666668,1.0625,2.9013412575649227,177.09865874243508,"left,right"
Recorder 6 1704 to 2804,04-22-2026,06:39:02,1.92442W,50.93975N,100%,6C,94%,6_20260422_063902.wav,AGC,48kHz,stereo,Part1,6_20260422_063902.wav,1611.0,1614.0,1611.1912083333334,1611.0,1611.4412083333334,0.01953125,0.9375,2.559764521436577,177.4402354785634,"left,right"
Recorder 6 1704 to 2804,04-22-2026,06:39:02,1.92442W,50.93975N,100%,6C,94%,6_20260422_063902.wav,AGC,48kHz,stereo,Part1,6_20260422_063902.wav,1731.0,1734.0,1733.1641666666667,1732.9141666666667,1733.4141666666667,-0.0013020833333333333,-0.0625,359.8294055433168,180.1705944566832,"left,right"
Recorder 6 1704 to 2804,04-22-2026,07:09:03,1.92442W,50.93975N,100%,6C,94%,6_20260422_070903.wav,AGC,48kHz,stereo,Part2,6_20260422_070903.wav,15.0,18.0,16.5116875,16.2616875,16.7616875,0.0,0.0,0.0,180.0,"left,right"
Recorder 6 1704 to 2804,04-22-2026,07:09:03,1.92442W,50.93975N,100%,6C,94%,6_20260422_070903.wav,AGC,48kHz,stereo,Part2,6_20260422_070903.wav,126.0,129.0,128.40004166666665,128.15004166666665,128.65004166666665,0.0,0.0,0.0,180.0,"left,right"
Recorder 6 1704 to 2804,04-22-2026,07:09:03,1.92442W,50.93975N,100%,6C,94%,6_20260422_070903.wav,AGC,48kHz,stereo,Part2,6_20260422_070903.wav,258.0,261.0,259.78872916666666,259.53872916666666,260.03872916666666,0.2916666666666667,14.000000000000002,41.831671332575254,138.16832866742476,"left,right"
Recorder 6 1704 to 2804,04-22-2026,07:09:03,1.92442W,50.93975N,100%,6C,94%,6_20260422_070903.wav,AGC,48kHz,stereo,Part2,6_20260422_070903.wav,282.0,285.0,282.3508958333333,282.1008958333333,282.6008958333333,-0.0013020833333333333,-0.0625,359.8294055433168,180.1705944566832,"left,right"
Recorder 6 1704 to 2804,04-22-2026,07:09:03,1.92442W,50.93975N,100%,6C,94%,6_20260422_070903.wav,AGC,48kHz,stereo,Part2,6_20260422_070903.wav,408.0,411.0,410.78245833333335,410.53245833333335,411.0,0.2708333333333333,13.0,38.265440177648806,141.7345598223512,"left,right"
Recorder 6 1704 to 2804,04-22-2026,07:09:03,1.92442W,50.93975N,100%,6C,94%,6_20260422_070903.wav,AGC,48kHz,stereo,Part2,6_20260422_070903.wav,411.0,414.0,411.20352083333336,411.0,411.45352083333336,0.2916666666666667,14.000000000000002,41.831671332575254,138.16832866742476,"left,right"
Recorder 6 1704 to 2804,04-22-2026,07:09:03,1.92442W,50.93975N,100%,6C,94%,6_20260422_070903.wav,AGC,48kHz,stereo,Part2,6_20260422_070903.wav,516.0,519.0,518.9527916666667,518.7027916666667,519.0,0.0,0.0,0.0,180.0,"left,right"
Recorder 6 1704 to 2804,04-22-2026,07:09:03,1.92442W,50.93975N,100%,6C,94%,6_20260422_070903.wav,AGC,48kHz,stereo,Part2,6_20260422_070903.wav,519.0,522.0,519.472125,519.222125,519.722125,0.0,0.0,0.0,180.0,"left,right"
Recorder 6 1704 to 2804,04-22-2026,07:09:03,1.92442W,50.93975N,100%,6C,94%,6_20260422_070903.wav,AGC,48kHz,stereo,Part2,6_20260422_070903.wav,636.0,639.0,636.6400625,636.3900625,636.8900625,0.0,0.0,0.0,180.0,"left,right"
Recorder 6 1704 to 2804,04-22-2026,18:42:02,1.92442W,50.93975N,100%,15C,43%,6_20260422_184202.wav,AGC,48kHz,stereo,Part1,6_20260422_184202.wav,18.0,21.0,19.8464375,19.5964375,20.0964375,-0.01953125,-0.9375,357.4402354785634,182.5597645214366,"left,right"
Recorder 6 1704 to 2804,04-22-2026,18:42:02,1.92442W,50.93975N,100%,15C,43%,6_20260422_184202.wav,AGC,48kHz,stereo,Part1,6_20260422_184202.wav,156.0,159.0,157.90452083333332,157.65452083333332,158.15452083333332,0.0013020833333333333,0.0625,0.1705944566832045,179.8294055433168,"left,right"
Recorder 6 1704 to 2804,04-22-2026,18:42:02,1.92442W,50.93975N,100%,15C,43%,6_20260422_184202.wav,AGC,48kHz,stereo,Part1,6_20260422_184202.wav,294.0,297.0,295.3438958333333,295.0938958333333,295.5938958333333,0.0,0.0,0.0,180.0,"left,right"
Recorder 6 1704 to 2804,04-22-2026,18:42:02,1.92442W,50.93975N,100%,15C,43%,6_20260422_184202.wav,AGC,48kHz,stereo,Part1,6_20260422_184202.wav,573.0,576.0,575.3592708333333,575.1092708333333,575.6092708333333,0.0013020833333333333,0.0625,0.1705944566832045,179.8294055433168,"left,right"
Recorder 6 1704 to 2804,04-22-2026,18:42:02,1.92442W,50.93975N,100%,15C,43%,6_20260422_184202.wav,AGC,48kHz,stereo,Part1,6_20260422_184202.wav,1053.0,1056.0,1055.5870833333333,1055.3370833333333,1055.8370833333333,-0.022135416666666668,-1.0625,357.0986587424351,182.90134125756492,"left,right"
Recorder 6 1704 to 2804,04-22-2026,18:42:02,1.92442W,50.93975N,100%,15C,43%,6_20260422_184202.wav,AGC,48kHz,stereo,Part1,6_20260422_184202.wav,1056.0,1059.0,1056.0836666666667,1056.0,1056.3336666666667,0.0,0.0,0.0,180.0,"left,right"
Recorder 6 1704 to 2804,04-22-2026,18:42:02,1.92442W,50.93975N,100%,15C,43%,6_20260422_184202.wav,AGC,48kHz,stereo,Part1,6_20260422_184202.wav,1140.0,1143.0,1142.5637916666667,1142.3137916666667,1142.8137916666667,-0.020833333333333332,-1.0,357.26945925055134,182.73054074944866,"left,right"
Recorder 6 1704 to 2804,04-22-2026,18:42:02,1.92442W,50.93975N,100%,15C,43%,6_20260422_184202.wav,AGC,48kHz,stereo,Part1,6_20260422_184202.wav,1245.0,1248.0,1247.1489375,1246.8989375,1247.3989375,-0.01953125,-0.9375,357.4402354785634,182.5597645214366,"left,right"
Recorder 6 1704 to 2804,04-22-2026,18:42:02,1.92442W,50.93975N,100%,15C,43%,6_20260422_184202.wav,AGC,48kHz,stereo,Part1,6_20260422_184202.wav,1338.0,1341.0,1339.9589583333334,1339.7089583333334,1340.2089583333334,-0.018229166666666668,-0.8750000000000001,357.6109889533793,182.38901104662065,"left,right"
Recorder 6 1704 to 2804,04-22-2026,18:42:02,1.92442W,50.93975N,100%,15C,43%,6_20260422_184202.wav,AGC,48kHz,stereo,Part1,6_20260422_184202.wav,1425.0,1428.0,1427.846,1427.596,1428.0,-0.0013020833333333333,-0.0625,359.8294055433168,180.1705944566832,"left,right"
Recorder 6 1704 to 2804,04-22-2026,18:42:02,1.92442W,50.93975N,100%,15C,43%,6_20260422_184202.wav,AGC,48kHz,stereo,Part1,6_20260422_184202.wav,1428.0,1431.0,1428.3084166666667,1428.0584166666667,1428.5584166666667,-0.0013020833333333333,-0.0625,359.8294055433168,180.1705944566832,"left,right"
Recorder 6 1704 to 2804,04-22-2026,18:42:02,1.92442W,50.93975N,100%,15C,43%,6_20260422_184202.wav,AGC,48kHz,stereo,Part1,6_20260422_184202.wav,1527.0,1530.0,1527.5917916666667,1527.3417916666667,1527.8417916666667,-0.020833333333333332,-1.0,357.26945925055134,182.73054074944866,"left,right"
Recorder 6 1704 to 2804,04-22-2026,18:42:02,1.92442W,50.93975N,100%,15C,43%,6_20260422_184202.wav,AGC,48kHz,stereo,Part1,6_20260422_184202.wav,1629.0,1632.0,1631.2614791666667,1631.0114791666667,1631.5114791666667,0.0,0.0,0.0,180.0,"left,right"
Recorder 6 1704 to 2804,04-22-2026,19:12:03,1.92442W,50.93975N,100%,15C,43%,6_20260422_191203.wav,AGC,48kHz,stereo,Part2,6_20260422_191203.wav,0.0,3.0,1.617125,1.367125,1.867125,-0.018229166666666668,-0.8750000000000001,357.6109889533793,182.38901104662065,"left,right"
Recorder 6 1704 to 2804,04-22-2026,19:12:03,1.92442W,50.93975N,100%,15C,43%,6_20260422_191203.wav,AGC,48kHz,stereo,Part2,6_20260422_191203.wav,258.0,261.0,260.93072916666665,260.68072916666665,261.0,0.022135416666666668,1.0625,2.9013412575649227,177.09865874243508,"left,right"
Recorder 6 1704 to 2804,04-22-2026,19:12:03,1.92442W,50.93975N,100%,15C,43%,6_20260422_191203.wav,AGC,48kHz,stereo,Part2,6_20260422_191203.wav,834.0,837.0,835.5072916666667,835.2572916666667,835.7572916666667,0.0013020833333333333,0.0625,0.1705944566832045,179.8294055433168,"left,right"
Recorder 6 1704 to 2804,04-22-2026,19:12:03,1.92442W,50.93975N,100%,15C,43%,6_20260422_191203.wav,AGC,48kHz,stereo,Part2,6_20260422_191203.wav,1062.0,1065.0,1062.9458541666668,1062.6958541666668,1063.1958541666668,-0.020833333333333332,-1.0,357.26945925055134,182.73054074944866,"left,right"
Recorder 6 1704 to 2804,04-22-2026,19:12:03,1.92442W,50.93975N,100%,15C,43%,6_20260422_191203.wav,AGC,48kHz,stereo,Part2,6_20260422_191203.wav,1191.0,1194.0,1193.4629791666666,1193.2129791666666,1193.7129791666666,0.0,0.0,0.0,180.0,"left,right"
Recorder 6 1704 to 2804,04-22-2026,19:12:03,1.92442W,50.93975N,100%,15C,43%,6_20260422_191203.wav,AGC,48kHz,stereo,Part2,6_20260422_191203.wav,1194.0,1197.0,1194.0100208333333,1194.0,1194.2600208333333,0.0,0.0,0.0,180.0,"left,right"
Recorder 6 1704 to 2804,04-22-2026,19:12:03,1.92442W,50.93975N,100%,15C,43%,6_20260422_191203.wav,AGC,48kHz,stereo,Part2,6_20260422_191203.wav,1290.0,1293.0,1291.8808958333334,1291.6308958333334,1292.1308958333334,-0.14583333333333334,-7.000000000000001,340.52033868019953,199.47966131980044,"left,right"
Recorder 6 1704 to 2804,04-22-2026,19:12:03,1.92442W,50.93975N,100%,15C,43%,6_20260422_191203.wav,AGC,48kHz,stereo,Part2,6_20260422_191203.wav,1563.0,1566.0,1564.3796875,1564.1296875,1564.6296875,0.01953125,0.9375,2.559764521436577,177.4402354785634,"left,right"
Recorder 6 1704 to 2804,04-22-2026,19:12:03,1.92442W,50.93975N,100%,15C,43%,6_20260422_191203.wav,AGC,48kHz,stereo,Part2,6_20260422_191203.wav,1692.0,1695.0,1692.9545,1692.7045,1693.2045,-0.018229166666666668,-0.8750000000000001,357.6109889533793,182.38901104662065,"left,right"
Recorder 6 1704 to 2804,04-23-2026,06:39:02,1.92442W,50.93975N,100%,7C,88%,6_20260423_063902.wav,AGC,48kHz,stereo,Part1,6_20260423_063902.wav,39.0,42.0,41.2595625,41.0095625,41.5095625,-0.01953125,-0.9375,357.4402354785634,182.5597645214366,"left,right"
Recorder 6 1704 to 2804,04-23-2026,18:42:02,1.92442W,50.93975N,100%,17C,44%,6_20260423_184202.wav,AGC,48kHz,stereo,Part1,6_20260423_184202.wav,306.0,309.0,308.72754166666664,308.47754166666664,308.97754166666664,-0.0013020833333333333,-0.0625,359.8294055433168,180.1705944566832,"left,right"
Recorder 6 1704 to 2804,04-23-2026,18:42:02,1.92442W,50.93975N,100%,17C,44%,6_20260423_184202.wav,AGC,48kHz,stereo,Part1,6_20260423_184202.wav,309.0,312.0,309.16545833333333,309.0,309.41545833333333,0.0,0.0,0.0,180.0,"left,right"
Recorder 6 1704 to 2804,04-23-2026,18:42:02,1.92442W,50.93975N,100%,17C,44%,6_20260423_184202.wav,AGC,48kHz,stereo,Part1,6_20260423_184202.wav,414.0,417.0,414.57172916666667,414.32172916666667,414.82172916666667,-0.0013020833333333333,-0.0625,359.8294055433168,180.1705944566832,"left,right"
Recorder 6 1704 to 2804,04-23-2026,18:42:02,1.92442W,50.93975N,100%,17C,44%,6_20260423_184202.wav,AGC,48kHz,stereo,Part1,6_20260423_184202.wav,501.0,504.0,502.592,502.342,502.842,0.0013020833333333333,0.0625,0.1705944566832045,179.8294055433168,"left,right"
Recorder 6 1704 to 2804,04-23-2026,18:42:02,1.92442W,50.93975N,100%,17C,44%,6_20260423_184202.wav,AGC,48kHz,stereo,Part1,6_20260423_184202.wav,642.0,645.0,643.0847291666666,642.8347291666666,643.3347291666666,0.0,0.0,0.0,180.0,"left,right"
Recorder 6 1704 to 2804,04-23-2026,18:42:02,1.92442W,50.93975N,100%,17C,44%,6_20260423_184202.wav,AGC,48kHz,stereo,Part1,6_20260423_184202.wav,744.0,747.0,746.9667291666667,746.7167291666667,747.0,0.0,0.0,0.0,180.0,"left,right"
Recorder 6 1704 to 2804,04-23-2026,18:42:02,1.92442W,50.93975N,100%,17C,44%,6_20260423_184202.wav,AGC,48kHz,stereo,Part1,6_20260423_184202.wav,747.0,750.0,747.0100208333333,747.0,747.2600208333333,-0.022135416666666668,-1.0625,357.0986587424351,182.90134125756492,"left,right"
Recorder 6 1704 to 2804,04-23-2026,18:42:02,1.92442W,50.93975N,100%,17C,44%,6_20260423_184202.wav,AGC,48kHz,stereo,Part1,6_20260423_184202.wav,843.0,846.0,845.2397291666666,844.9897291666666,845.4897291666666,-0.0013020833333333333,-0.0625,359.8294055433168,180.1705944566832,"left,right"
Recorder 6 1704 to 2804,04-23-2026,18:42:02,1.92442W,50.93975N,100%,17C,44%,6_20260423_184202.wav,AGC,48kHz,stereo,Part1,6_20260423_184202.wav,948.0,951.0,950.9354375,950.6854375,951.0,-0.0013020833333333333,-0.0625,359.8294055433168,180.1705944566832,"left,right"
Recorder 6 1704 to 2804,04-23-2026,18:42:02,1.92442W,50.93975N,100%,17C,44%,6_20260423_184202.wav,AGC,48kHz,stereo,Part1,6_20260423_184202.wav,951.0,954.0,951.0212916666667,951.0,951.2712916666667,0.0013020833333333333,0.0625,0.1705944566832045,179.8294055433168,"left,right"
Recorder 6 1704 to 2804,04-23-2026,18:42:02,1.92442W,50.93975N,100%,17C,44%,6_20260423_184202.wav,AGC,48kHz,stereo,Part1,6_20260423_184202.wav,1059.0,1062.0,1061.7819375,1061.5319375,1062.0,0.0,0.0,0.0,180.0,"left,right"
Recorder 6 1704 to 2804,04-23-2026,18:42:02,1.92442W,50.93975N,100%,17C,44%,6_20260423_184202.wav,AGC,48kHz,stereo,Part1,6_20260423_184202.wav,1062.0,1065.0,1062.259,1062.009,1062.509,-0.0013020833333333333,-0.0625,359.8294055433168,180.1705944566832,"left,right"
Recorder 6 1704 to 2804,04-23-2026,18:42:02,1.92442W,50.93975N,100%,17C,44%,6_20260423_184202.wav,AGC,48kHz,stereo,Part1,6_20260423_184202.wav,1149.0,1152.0,1151.6600208333334,1151.4100208333334,1151.9100208333334,-0.0013020833333333333,-0.0625,359.8294055433168,180.1705944566832,"left,right"
Recorder 6 1704 to 2804,04-23-2026,18:42:02,1.92442W,50.93975N,100%,17C,44%,6_20260423_184202.wav,AGC,48kHz,stereo,Part1,6_20260423_184202.wav,1236.0,1239.0,1238.4773125,1238.2273125,1238.7273125,0.10416666666666667,5.0,13.779999481122474,166.22000051887753,"left,right"
Recorder 6 1704 to 2804,04-23-2026,18:42:02,1.92442W,50.93975N,100%,17C,44%,6_20260423_184202.wav,AGC,48kHz,stereo,Part1,6_20260423_184202.wav,1596.0,1599.0,1597.8666875,1597.6166875,1598.1166875,0.0013020833333333333,0.0625,0.1705944566832045,179.8294055433168,"left,right"
Recorder 6 1704 to 2804,04-23-2026,18:42:02,1.92442W,50.93975N,100%,17C,44%,6_20260423_184202.wav,AGC,48kHz,stereo,Part1,6_20260423_184202.wav,1713.0,1716.0,1715.908,1715.658,1716.0,-0.0013020833333333333,-0.0625,359.8294055433168,180.1705944566832,"left,right"
Recorder 6 1704 to 2804,04-23-2026,18:42:02,1.92442W,50.93975N,100%,17C,44%,6_20260423_184202.wav,AGC,48kHz,stereo,Part1,6_20260423_184202.wav,1716.0,1719.0,1716.0100416666667,1716.0,1716.2600416666667,-0.018229166666666668,-0.8750000000000001,357.6109889533793,182.38901104662065,"left,right"
Recorder 6 1704 to 2804,04-23-2026,19:12:03,1.92442W,50.93975N,100%,17C,44%,6_20260423_191203.wav,AGC,48kHz,stereo,Part2,6_20260423_191203.wav,9.0,12.0,10.783708333333333,10.533708333333333,11.033708333333333,0.125,6.0,16.60866735628548,163.39133264371452,"left,right"
Recorder 6 1704 to 2804,04-23-2026,19:12:03,1.92442W,50.93975N,100%,17C,44%,6_20260423_191203.wav,AGC,48kHz,stereo,Part2,6_20260423_191203.wav,135.0,138.0,136.05802083333333,135.80802083333333,136.30802083333333,0.125,6.0,16.60866735628548,163.39133264371452,"left,right"
Recorder 6 1704 to 2804,04-23-2026,19:12:03,1.92442W,50.93975N,100%,17C,44%,6_20260423_191203.wav,AGC,48kHz,stereo,Part2,6_20260423_191203.wav,216.0,219.0,216.64566666666667,216.39566666666667,216.89566666666667,0.01953125,0.9375,2.559764521436577,177.4402354785634,"left,right"
Recorder 6 1704 to 2804,04-23-2026,19:12:03,1.92442W,50.93975N,100%,17C,44%,6_20260423_191203.wav,AGC,48kHz,stereo,Part2,6_20260423_191203.wav,321.0,324.0,321.88458333333335,321.63458333333335,322.13458333333335,0.125,6.0,16.60866735628548,163.39133264371452,"left,right"
Recorder 6 1704 to 2804,04-23-2026,19:12:03,1.92442W,50.93975N,100%,17C,44%,6_20260423_191203.wav,AGC,48kHz,stereo,Part2,6_20260423_191203.wav,405.0,408.0,407.3749375,407.1249375,407.6249375,-0.0026041666666666665,-0.125,359.65880957427,180.34119042573002,"left,right"
Recorder 6 1704 to 2804,04-23-2026,19:12:03,1.92442W,50.93975N,100%,17C,44%,6_20260423_191203.wav,AGC,48kHz,stereo,Part2,6_20260423_191203.wav,513.0,516.0,513.9785416666666,513.7285416666666,514.2285416666666,0.020833333333333332,1.0,2.730540749448636,177.26945925055136,"left,right"
Recorder 6 1704 to 2804,04-23-2026,19:12:03,1.92442W,50.93975N,100%,17C,44%,6_20260423_191203.wav,AGC,48kHz,stereo,Part2,6_20260423_191203.wav,618.0,621.0,620.8400208333334,620.5900208333334,621.0,-0.0013020833333333333,-0.0625,359.8294055433168,180.1705944566832,"left,right"
Recorder 6 1704 to 2804,04-23-2026,19:12:03,1.92442W,50.93975N,100%,17C,44%,6_20260423_191203.wav,AGC,48kHz,stereo,Part2,6_20260423_191203.wav,621.0,624.0,621.2258541666666,621.0,621.4758541666666,0.0,0.0,0.0,180.0,"left,right"
Recorder 6 1704 to 2804,04-23-2026,19:12:03,1.92442W,50.93975N,100%,17C,44%,6_20260423_191203.wav,AGC,48kHz,stereo,Part2,6_20260423_191203.wav,855.0,858.0,855.2964583333334,855.0464583333334,855.5464583333334,0.0,0.0,0.0,180.0,"left,right"
Recorder 6 1704 to 2804,04-23-2026,19:12:03,1.92442W,50.93975N,100%,17C,44%,6_20260423_191203.wav,AGC,48kHz,stereo,Part2,6_20260423_191203.wav,1023.0,1026.0,1023.32025,1023.07025,1023.57025,-0.018229166666666668,-0.8750000000000001,357.6109889533793,182.38901104662065,"left,right"
Recorder 6 1704 to 2804,04-23-2026,19:12:03,1.92442W,50.93975N,100%,17C,44%,6_20260423_191203.wav,AGC,48kHz,stereo,Part2,6_20260423_191203.wav,1116.0,1119.0,1118.8475416666668,1118.5975416666668,1119.0,0.0,0.0,0.0,180.0,"left,right"
Recorder 6 1704 to 2804,04-23-2026,19:12:03,1.92442W,50.93975N,100%,17C,44%,6_20260423_191203.wav,AGC,48kHz,stereo,Part2,6_20260423_191203.wav,1218.0,1221.0,1219.8703958333333,1219.6203958333333,1220.1203958333333,-0.0013020833333333333,-0.0625,359.8294055433168,180.1705944566832,"left,right"
Recorder 6 1704 to 2804,04-23-2026,19:12:03,1.92442W,50.93975N,100%,17C,44%,6_20260423_191203.wav,AGC,48kHz,stereo,Part2,6_20260423_191203.wav,1404.0,1407.0,1405.2510625,1405.0010625,1405.5010625,-0.020833333333333332,-1.0,357.26945925055134,182.73054074944866,"left,right"
Recorder 6 1704 to 2804,04-23-2026,19:12:03,1.92442W,50.93975N,100%,17C,44%,6_20260423_191203.wav,AGC,48kHz,stereo,Part2,6_20260423_191203.wav,1440.0,1443.0,1442.8765416666668,1442.6265416666668,1443.0,0.01953125,0.9375,2.559764521436577,177.4402354785634,"left,right"
Recorder 6 1704 to 2804,04-23-2026,19:12:03,1.92442W,50.93975N,100%,17C,44%,6_20260423_191203.wav,AGC,48kHz,stereo,Part2,6_20260423_191203.wav,1443.0,1446.0,1443.0553958333333,1443.0,1443.3053958333333,0.0013020833333333333,0.0625,0.1705944566832045,179.8294055433168,"left,right"
Recorder 6 1704 to 2804,04-23-2026,19:12:03,1.92442W,50.93975N,100%,17C,44%,6_20260423_191203.wav,AGC,48kHz,stereo,Part2,6_20260423_191203.wav,1542.0,1545.0,1542.7912708333333,1542.5412708333333,1543.0412708333333,0.0,0.0,0.0,180.0,"left,right"
Recorder 6 1704 to 2804,04-23-2026,19:12:03,1.92442W,50.93975N,100%,17C,44%,6_20260423_191203.wav,AGC,48kHz,stereo,Part2,6_20260423_191203.wav,1647.0,1650.0,1648.8983958333333,1648.6483958333333,1649.1483958333333,0.0,0.0,0.0,180.0,"left,right"
Recorder 6 1704 to 2804,04-23-2026,19:12:03,1.92442W,50.93975N,100%,17C,44%,6_20260423_191203.wav,AGC,48kHz,stereo,Part2,6_20260423_191203.wav,1731.0,1734.0,1733.7500833333334,1733.5000833333334,1734.0,-0.0013020833333333333,-0.0625,359.8294055433168,180.1705944566832,"left,right"
Recorder 6 1704 to 2804,04-24-2026,07:09:03,1.92442W,50.93975N,100%,7C,77%,6_20260424_070903.wav,AGC,48kHz,stereo,Part2,6_20260424_070903.wav,1731.0,1734.0,1733.1760416666666,1732.9260416666666,1733.4260416666666,0.0,0.0,0.0,180.0,"left,right"
Recorder 6 1704 to 2804,04-24-2026,18:42:02,1.92442W,50.93975N,100%,17C,43%,6_20260424_184202.wav,AGC,48kHz,stereo,Part1,6_20260424_184202.wav,45.0,48.0,46.63227083333334,46.38227083333334,46.88227083333334,0.0,0.0,0.0,180.0,"left,right"
Recorder 6 1704 to 2804,04-24-2026,18:42:02,1.92442W,50.93975N,100%,17C,43%,6_20260424_184202.wav,AGC,48kHz,stereo,Part1,6_20260424_184202.wav,132.0,135.0,134.7186875,134.4686875,134.9686875,-0.01953125,-0.9375,357.4402354785634,182.5597645214366,"left,right"
Recorder 6 1704 to 2804,04-24-2026,18:42:02,1.92442W,50.93975N,100%,17C,43%,6_20260424_184202.wav,AGC,48kHz,stereo,Part1,6_20260424_184202.wav,252.0,255.0,252.20858333333334,252.0,252.45858333333334,0.0013020833333333333,0.0625,0.1705944566832045,179.8294055433168,"left,right"
Recorder 6 1704 to 2804,04-24-2026,18:42:02,1.92442W,50.93975N,100%,17C,43%,6_20260424_184202.wav,AGC,48kHz,stereo,Part1,6_20260424_184202.wav,366.0,369.0,368.47379166666667,368.22379166666667,368.72379166666667,-0.04296875,-2.0625,354.3612935470051,185.63870645299488,"left,right"
Recorder 6 1704 to 2804,04-24-2026,18:42:02,1.92442W,50.93975N,100%,17C,43%,6_20260424_184202.wav,AGC,48kHz,stereo,Part1,6_20260424_184202.wav,444.0,447.0,444.7794375,444.5294375,445.0294375,0.0013020833333333333,0.0625,0.1705944566832045,179.8294055433168,"left,right"
Recorder 6 1704 to 2804,04-24-2026,18:42:02,1.92442W,50.93975N,100%,17C,43%,6_20260424_184202.wav,AGC,48kHz,stereo,Part1,6_20260424_184202.wav,543.0,546.0,544.7560416666666,544.5060416666666,545.0060416666666,-0.0013020833333333333,-0.0625,359.8294055433168,180.1705944566832,"left,right"
Recorder 6 1704 to 2804,04-24-2026,18:42:02,1.92442W,50.93975N,100%,17C,43%,6_20260424_184202.wav,AGC,48kHz,stereo,Part1,6_20260424_184202.wav,585.0,588.0,586.1763958333333,585.9263958333333,586.4263958333333,-0.0013020833333333333,-0.0625,359.8294055433168,180.1705944566832,"left,right"
Recorder 6 1704 to 2804,04-24-2026,18:42:02,1.92442W,50.93975N,100%,17C,43%,6_20260424_184202.wav,AGC,48kHz,stereo,Part1,6_20260424_184202.wav,663.0,666.0,663.3427083333333,663.0927083333333,663.5927083333333,0.0,0.0,0.0,180.0,"left,right"
Recorder 6 1704 to 2804,04-24-2026,18:42:02,1.92442W,50.93975N,100%,17C,43%,6_20260424_184202.wav,AGC,48kHz,stereo,Part1,6_20260424_184202.wav,765.0,768.0,767.973,767.723,768.0,-0.0013020833333333333,-0.0625,359.8294055433168,180.1705944566832,"left,right"
Recorder 6 1704 to 2804,04-24-2026,18:42:02,1.92442W,50.93975N,100%,17C,43%,6_20260424_184202.wav,AGC,48kHz,stereo,Part1,6_20260424_184202.wav,768.0,771.0,768.3936041666667,768.1436041666667,768.6436041666667,-0.0013020833333333333,-0.0625,359.8294055433168,180.1705944566832,"left,right"
Recorder 6 1704 to 2804,04-24-2026,18:42:02,1.92442W,50.93975N,100%,17C,43%,6_20260424_184202.wav,AGC,48kHz,stereo,Part1,6_20260424_184202.wav,870.0,873.0,870.5683333333334,870.3183333333334,870.8183333333334,0.0,0.0,0.0,180.0,"left,right"
Recorder 6 1704 to 2804,04-24-2026,18:42:02,1.92442W,50.93975N,100%,17C,43%,6_20260424_184202.wav,AGC,48kHz,stereo,Part1,6_20260424_184202.wav,954.0,957.0,955.6724791666667,955.4224791666667,955.9224791666667,0.020833333333333332,1.0,2.730540749448636,177.26945925055136,"left,right"
Recorder 6 1704 to 2804,04-24-2026,18:42:02,1.92442W,50.93975N,100%,17C,43%,6_20260424_184202.wav,AGC,48kHz,stereo,Part1,6_20260424_184202.wav,1038.0,1041.0,1038.4144166666667,1038.1644166666667,1038.6644166666667,-0.0013020833333333333,-0.0625,359.8294055433168,180.1705944566832,"left,right"
Recorder 6 1704 to 2804,04-24-2026,18:42:02,1.92442W,50.93975N,100%,17C,43%,6_20260424_184202.wav,AGC,48kHz,stereo,Part1,6_20260424_184202.wav,1086.0,1089.0,1086.6986458333333,1086.4486458333333,1086.9486458333333,-0.0013020833333333333,-0.0625,359.8294055433168,180.1705944566832,"left,right"
Recorder 6 1704 to 2804,04-24-2026,18:42:02,1.92442W,50.93975N,100%,17C,43%,6_20260424_184202.wav,AGC,48kHz,stereo,Part1,6_20260424_184202.wav,1152.0,1155.0,1152.7971875,1152.5471875,1153.0471875,0.0,0.0,0.0,180.0,"left,right"
Recorder 6 1704 to 2804,04-24-2026,18:42:02,1.92442W,50.93975N,100%,17C,43%,6_20260424_184202.wav,AGC,48kHz,stereo,Part1,6_20260424_184202.wav,1260.0,1263.0,1262.280875,1262.030875,1262.530875,0.01953125,0.9375,2.559764521436577,177.4402354785634,"left,right"
Recorder 6 1704 to 2804,04-24-2026,18:42:02,1.92442W,50.93975N,100%,17C,43%,6_20260424_184202.wav,AGC,48kHz,stereo,Part1,6_20260424_184202.wav,1347.0,1350.0,1347.0806875,1347.0,1347.3306875,-0.0234375,-1.125,356.92783242535745,183.07216757464255,"left,right"
Recorder 6 1704 to 2804,04-24-2026,18:42:02,1.92442W,50.93975N,100%,17C,43%,6_20260424_184202.wav,AGC,48kHz,stereo,Part1,6_20260424_184202.wav,1380.0,1383.0,1380.2382083333334,1380.0,1380.4882083333334,0.0,0.0,0.0,180.0,"left,right"
Recorder 6 1704 to 2804,04-24-2026,18:42:02,1.92442W,50.93975N,100%,17C,43%,6_20260424_184202.wav,AGC,48kHz,stereo,Part1,6_20260424_184202.wav,1500.0,1503.0,1502.7846041666667,1502.5346041666667,1503.0,0.0,0.0,0.0,180.0,"left,right"
Recorder 6 1704 to 2804,04-24-2026,18:42:02,1.92442W,50.93975N,100%,17C,43%,6_20260424_184202.wav,AGC,48kHz,stereo,Part1,6_20260424_184202.wav,1503.0,1506.0,1503.2080208333334,1503.0,1503.4580208333334,0.0,0.0,0.0,180.0,"left,right"
Recorder 6 1704 to 2804,04-24-2026,18:42:02,1.92442W,50.93975N,100%,17C,43%,6_20260424_184202.wav,AGC,48kHz,stereo,Part1,6_20260424_184202.wav,1524.0,1527.0,1525.6030208333334,1525.3530208333334,1525.8530208333334,-0.020833333333333332,-1.0,357.26945925055134,182.73054074944866,"left,right"
Recorder 6 1704 to 2804,04-24-2026,18:42:02,1.92442W,50.93975N,100%,17C,43%,6_20260424_184202.wav,AGC,48kHz,stereo,Part1,6_20260424_184202.wav,1587.0,1590.0,1589.777125,1589.527125,1590.0,0.0,0.0,0.0,180.0,"left,right"
Recorder 6 1704 to 2804,04-24-2026,18:42:02,1.92442W,50.93975N,100%,17C,43%,6_20260424_184202.wav,AGC,48kHz,stereo,Part1,6_20260424_184202.wav,1590.0,1593.0,1590.1887291666667,1590.0,1590.4387291666667,0.0013020833333333333,0.0625,0.1705944566832045,179.8294055433168,"left,right"
Recorder 6 1704 to 2804,04-24-2026,18:42:02,1.92442W,50.93975N,100%,17C,43%,6_20260424_184202.wav,AGC,48kHz,stereo,Part1,6_20260424_184202.wav,1659.0,1662.0,1661.1924375,1660.9424375,1661.4424375,-0.0013020833333333333,-0.0625,359.8294055433168,180.1705944566832,"left,right"
Recorder 6 1704 to 2804,04-24-2026,18:42:02,1.92442W,50.93975N,100%,17C,43%,6_20260424_184202.wav,AGC,48kHz,stereo,Part1,6_20260424_184202.wav,1752.0,1755.0,1753.058875,1752.808875,1753.308875,-0.10286458333333333,-4.9375,346.3955846593196,193.60441534068042,"left,right"
Recorder 6 1704 to 2804,04-24-2026,19:12:03,1.92442W,50.93975N,100%,17C,43%,6_20260424_191203.wav,AGC,48kHz,stereo,Part2,6_20260424_191203.wav,36.0,39.0,36.44297916666667,36.19297916666667,36.69297916666667,0.0013020833333333333,0.0625,0.1705944566832045,179.8294055433168,"left,right"
Recorder 6 1704 to 2804,04-24-2026,19:12:03,1.92442W,50.93975N,100%,17C,43%,6_20260424_191203.wav,AGC,48kHz,stereo,Part2,6_20260424_191203.wav,66.0,69.0,68.9504375,68.7004375,69.0,0.01953125,0.9375,2.559764521436577,177.4402354785634,"left,right"
Recorder 6 1704 to 2804,04-24-2026,19:12:03,1.92442W,50.93975N,100%,17C,43%,6_20260424_191203.wav,AGC,48kHz,stereo,Part2,6_20260424_191203.wav,69.0,72.0,69.02858333333333,69.0,69.27858333333333,-0.01953125,-0.9375,357.4402354785634,182.5597645214366,"left,right"
Recorder 6 1704 to 2804,04-24-2026,19:12:03,1.92442W,50.93975N,100%,17C,43%,6_20260424_191203.wav,AGC,48kHz,stereo,Part2,6_20260424_191203.wav,138.0,141.0,140.27072916666665,140.02072916666665,140.52072916666665,0.0013020833333333333,0.0625,0.1705944566832045,179.8294055433168,"left,right"
Recorder 6 1704 to 2804,04-24-2026,19:12:03,1.92442W,50.93975N,100%,17C,43%,6_20260424_191203.wav,AGC,48kHz,stereo,Part2,6_20260424_191203.wav,231.0,234.0,233.67339583333333,233.42339583333333,233.92339583333333,-0.022135416666666668,-1.0625,357.0986587424351,182.90134125756492,"left,right"
Recorder 6 1704 to 2804,04-24-2026,19:12:03,1.92442W,50.93975N,100%,17C,43%,6_20260424_191203.wav,AGC,48kHz,stereo,Part2,6_20260424_191203.wav,234.0,237.0,234.0798125,234.0,234.3298125,0.0,0.0,0.0,180.0,"left,right"
Recorder 6 1704 to 2804,04-24-2026,19:12:03,1.92442W,50.93975N,100%,17C,43%,6_20260424_191203.wav,AGC,48kHz,stereo,Part2,6_20260424_191203.wav,321.0,324.0,321.9423541666667,321.6923541666667,322.1923541666667,0.0013020833333333333,0.0625,0.1705944566832045,179.8294055433168,"left,right"
Recorder 6 1704 to 2804,04-24-2026,19:12:03,1.92442W,50.93975N,100%,17C,43%,6_20260424_191203.wav,AGC,48kHz,stereo,Part2,6_20260424_191203.wav,417.0,420.0,418.93252083333334,418.68252083333334,419.18252083333334,-0.0013020833333333333,-0.0625,359.8294055433168,180.1705944566832,"left,right"
Recorder 6 1704 to 2804,04-24-2026,19:12:03,1.92442W,50.93975N,100%,17C,43%,6_20260424_191203.wav,AGC,48kHz,stereo,Part2,6_20260424_191203.wav,525.0,528.0,527.7305208333333,527.4805208333333,527.9805208333333,0.0013020833333333333,0.0625,0.1705944566832045,179.8294055433168,"left,right"
Recorder 6 1704 to 2804,04-24-2026,19:12:03,1.92442W,50.93975N,100%,17C,43%,6_20260424_191203.wav,AGC,48kHz,stereo,Part2,6_20260424_191203.wav,672.0,675.0,674.3933541666667,674.1433541666667,674.6433541666667,0.0013020833333333333,0.0625,0.1705944566832045,179.8294055433168,"left,right"
Recorder 6 1704 to 2804,04-24-2026,19:12:03,1.92442W,50.93975N,100%,17C,43%,6_20260424_191203.wav,AGC,48kHz,stereo,Part2,6_20260424_191203.wav,741.0,744.0,741.9573541666666,741.7073541666666,742.2073541666666,0.0,0.0,0.0,180.0,"left,right"
Recorder 6 1704 to 2804,04-24-2026,19:12:03,1.92442W,50.93975N,100%,17C,43%,6_20260424_191203.wav,AGC,48kHz,stereo,Part2,6_20260424_191203.wav,846.0,849.0,848.9542916666667,848.7042916666667,849.0,-0.01953125,-0.9375,357.4402354785634,182.5597645214366,"left,right"
Recorder 6 1704 to 2804,04-24-2026,19:12:03,1.92442W,50.93975N,100%,17C,43%,6_20260424_191203.wav,AGC,48kHz,stereo,Part2,6_20260424_191203.wav,849.0,852.0,849.3167291666666,849.0667291666666,849.5667291666666,0.0,0.0,0.0,180.0,"left,right"
Recorder 6 1704 to 2804,04-24-2026,19:12:03,1.92442W,50.93975N,100%,17C,43%,6_20260424_191203.wav,AGC,48kHz,stereo,Part2,6_20260424_191203.wav,942.0,945.0,942.03425,942.0,942.28425,0.0,0.0,0.0,180.0,"left,right"
Recorder 6 1704 to 2804,04-24-2026,19:12:03,1.92442W,50.93975N,100%,17C,43%,6_20260424_191203.wav,AGC,48kHz,stereo,Part2,6_20260424_191203.wav,1056.0,1059.0,1057.5562291666668,1057.3062291666668,1057.8062291666668,0.0,0.0,0.0,180.0,"left,right"
Recorder 6 1704 to 2804,04-24-2026,19:12:03,1.92442W,50.93975N,100%,17C,43%,6_20260424_191203.wav,AGC,48kHz,stereo,Part2,6_20260424_191203.wav,1125.0,1128.0,1126.3625625,1126.1125625,1126.6125625,-0.020833333333333332,-1.0,357.26945925055134,182.73054074944866,"left,right"
Recorder 6 1704 to 2804,04-24-2026,19:12:03,1.92442W,50.93975N,100%,17C,43%,6_20260424_191203.wav,AGC,48kHz,stereo,Part2,6_20260424_191203.wav,1215.0,1218.0,1217.7917083333334,1217.5417083333334,1218.0,0.0,0.0,0.0,180.0,"left,right"
Recorder 6 1704 to 2804,04-24-2026,19:12:03,1.92442W,50.93975N,100%,17C,43%,6_20260424_191203.wav,AGC,48kHz,stereo,Part2,6_20260424_191203.wav,1218.0,1221.0,1218.0110416666666,1218.0,1218.2610416666666,0.0,0.0,0.0,180.0,"left,right"
Recorder 6 1704 to 2804,04-24-2026,19:12:03,1.92442W,50.93975N,100%,17C,43%,6_20260424_191203.wav,AGC,48kHz,stereo,Part2,6_20260424_191203.wav,1314.0,1317.0,1314.8308958333334,1314.5808958333334,1315.0808958333334,0.0,0.0,0.0,180.0,"left,right"
Recorder 6 1704 to 2804,04-24-2026,19:12:03,1.92442W,50.93975N,100%,17C,43%,6_20260424_191203.wav,AGC,48kHz,stereo,Part2,6_20260424_191203.wav,1413.0,1416.0,1415.0495416666668,1414.7995416666668,1415.2995416666668,0.0,0.0,0.0,180.0,"left,right"
Recorder 6 1704 to 2804,04-24-2026,19:12:03,1.92442W,50.93975N,100%,17C,43%,6_20260424_191203.wav,AGC,48kHz,stereo,Part2,6_20260424_191203.wav,1512.0,1515.0,1513.0933333333332,1512.8433333333332,1513.3433333333332,0.0,0.0,0.0,180.0,"left,right"
Recorder 6 1704 to 2804,04-24-2026,19:12:03,1.92442W,50.93975N,100%,17C,43%,6_20260424_191203.wav,AGC,48kHz,stereo,Part2,6_20260424_191203.wav,1548.0,1551.0,1549.3953958333334,1549.1453958333334,1549.6453958333334,-0.0013020833333333333,-0.0625,359.8294055433168,180.1705944566832,"left,right"
Recorder 6 1704 to 2804,04-24-2026,19:12:03,1.92442W,50.93975N,100%,17C,43%,6_20260424_191203.wav,AGC,48kHz,stereo,Part2,6_20260424_191203.wav,1596.0,1599.0,1597.1051041666667,1596.8551041666667,1597.3551041666667,-0.020833333333333332,-1.0,357.26945925055134,182.73054074944866,"left,right"
Recorder 6 1704 to 2804,04-24-2026,19:12:03,1.92442W,50.93975N,100%,17C,43%,6_20260424_191203.wav,AGC,48kHz,stereo,Part2,6_20260424_191203.wav,1638.0,1641.0,1640.7721458333333,1640.5221458333333,1641.0,-0.0013020833333333333,-0.0625,359.8294055433168,180.1705944566832,"left,right"
Recorder 6 1704 to 2804,04-24-2026,19:12:03,1.92442W,50.93975N,100%,17C,43%,6_20260424_191203.wav,AGC,48kHz,stereo,Part2,6_20260424_191203.wav,1698.0,1701.0,1700.7404791666668,1700.4904791666668,1700.9904791666668,0.0,0.0,0.0,180.0,"left,right"
Recorder 6 1704 to 2804,04-24-2026,19:12:03,1.92442W,50.93975N,100%,17C,43%,6_20260424_191203.wav,AGC,48kHz,stereo,Part2,6_20260424_191203.wav,1701.0,1704.0,1701.1615625,1701.0,1701.4115625,0.01953125,0.9375,2.559764521436577,177.4402354785634,"left,right"
Recorder 6 1704 to 2804,04-24-2026,19:12:03,1.92442W,50.93975N,100%,17C,43%,6_20260424_191203.wav,AGC,48kHz,stereo,Part2,6_20260424_191203.wav,1776.0,1779.0,1778.7250208333332,1778.4750208333332,1778.9750208333332,0.0,0.0,0.0,180.0,"left,right"
Recorder 6 1704 to 2804,04-24-2026,19:12:03,1.92442W,50.93975N,100%,17C,43%,6_20260424_191203.wav,AGC,48kHz,stereo,Part2,6_20260424_191203.wav,1779.0,1782.0,1779.0643333333333,1779.0,1779.3143333333333,0.0,0.0,0.0,180.0,"left,right"
Recorder 6 1704 to 2804,04-25-2026,06:39:02,1.92442W,50.93975N,100%,8C,54%,6_20260425_063902.wav,AGC,48kHz,stereo,Part1,6_20260425_063902.wav,36.0,39.0,36.65385416666667,36.40385416666667,36.90385416666667,0.0013020833333333333,0.0625,0.1705944566832045,179.8294055433168,"left,right"
Recorder 6 1704 to 2804,04-25-2026,06:39:02,1.92442W,50.93975N,100%,8C,54%,6_20260425_063902.wav,AGC,48kHz,stereo,Part1,6_20260425_063902.wav,144.0,147.0,146.98095833333332,146.73095833333332,147.0,0.0013020833333333333,0.0625,0.1705944566832045,179.8294055433168,"left,right"
Recorder 6 1704 to 2804,04-25-2026,06:39:02,1.92442W,50.93975N,100%,8C,54%,6_20260425_063902.wav,AGC,48kHz,stereo,Part1,6_20260425_063902.wav,147.0,150.0,147.0335625,147.0,147.2835625,-0.0013020833333333333,-0.0625,359.8294055433168,180.1705944566832,"left,right"
Recorder 6 1704 to 2804,04-25-2026,06:39:02,1.92442W,50.93975N,100%,8C,54%,6_20260425_063902.wav,AGC,48kHz,stereo,Part1,6_20260425_063902.wav,270.0,273.0,270.36858333333333,270.11858333333333,270.61858333333333,0.01953125,0.9375,2.559764521436577,177.4402354785634,"left,right"
Recorder 6 1704 to 2804,04-25-2026,06:39:02,1.92442W,50.93975N,100%,8C,54%,6_20260425_063902.wav,AGC,48kHz,stereo,Part1,6_20260425_063902.wav,366.0,369.0,367.3495625,367.0995625,367.5995625,0.018229166666666668,0.8750000000000001,2.389011046620638,177.61098895337938,"left,right"
Recorder 6 1704 to 2804,04-25-2026,06:39:02,1.92442W,50.93975N,100%,8C,54%,6_20260425_063902.wav,AGC,48kHz,stereo,Part1,6_20260425_063902.wav,498.0,501.0,500.1928125,499.9428125,500.4428125,0.01953125,0.9375,2.559764521436577,177.4402354785634,"left,right"
Recorder 6 1704 to 2804,04-25-2026,06:39:02,1.92442W,50.93975N,100%,8C,54%,6_20260425_063902.wav,AGC,48kHz,stereo,Part1,6_20260425_063902.wav,627.0,630.0,628.9095625,628.6595625,629.1595625,-0.020833333333333332,-1.0,357.26945925055134,182.73054074944866,"left,right"
Recorder 6 1704 to 2804,04-25-2026,06:39:02,1.92442W,50.93975N,100%,8C,54%,6_20260425_063902.wav,AGC,48kHz,stereo,Part1,6_20260425_063902.wav,810.0,813.0,812.394625,812.144625,812.644625,0.0,0.0,0.0,180.0,"left,right"
Recorder 6 1704 to 2804,04-25-2026,06:39:02,1.92442W,50.93975N,100%,8C,54%,6_20260425_063902.wav,AGC,48kHz,stereo,Part1,6_20260425_063902.wav,900.0,903.0,900.45175,900.20175,900.70175,0.0,0.0,0.0,180.0,"left,right"
Recorder 6 1704 to 2804,04-25-2026,06:39:02,1.92442W,50.93975N,100%,8C,54%,6_20260425_063902.wav,AGC,48kHz,stereo,Part1,6_20260425_063902.wav,1020.0,1023.0,1020.9149375,1020.6649375,1021.1649375,0.0013020833333333333,0.0625,0.1705944566832045,179.8294055433168,"left,right"
Recorder 6 1704 to 2804,04-25-2026,06:39:02,1.92442W,50.93975N,100%,8C,54%,6_20260425_063902.wav,AGC,48kHz,stereo,Part1,6_20260425_063902.wav,1149.0,1152.0,1150.6313541666666,1150.3813541666666,1150.8813541666666,0.0,0.0,0.0,180.0,"left,right"
Recorder 6 1704 to 2804,04-25-2026,06:39:02,1.92442W,50.93975N,100%,8C,54%,6_20260425_063902.wav,AGC,48kHz,stereo,Part1,6_20260425_063902.wav,1278.0,1281.0,1280.3145625,1280.0645625,1280.5645625,0.0,0.0,0.0,180.0,"left,right"
Recorder 6 1704 to 2804,04-25-2026,06:39:02,1.92442W,50.93975N,100%,8C,54%,6_20260425_063902.wav,AGC,48kHz,stereo,Part1,6_20260425_063902.wav,1356.0,1359.0,1356.2467083333333,1356.0,1356.4967083333333,0.0,0.0,0.0,180.0,"left,right"
Recorder 6 1704 to 2804,04-25-2026,06:39:02,1.92442W,50.93975N,100%,8C,54%,6_20260425_063902.wav,AGC,48kHz,stereo,Part1,6_20260425_063902.wav,1398.0,1401.0,1399.6274166666667,1399.3774166666667,1399.8774166666667,0.0013020833333333333,0.0625,0.1705944566832045,179.8294055433168,"left,right"
Recorder 6 1704 to 2804,04-25-2026,06:39:02,1.92442W,50.93975N,100%,8C,54%,6_20260425_063902.wav,AGC,48kHz,stereo,Part1,6_20260425_063902.wav,1434.0,1437.0,1434.5356875,1434.2856875,1434.7856875,0.0,0.0,0.0,180.0,"left,right"
Recorder 6 1704 to 2804,04-25-2026,06:39:02,1.92442W,50.93975N,100%,8C,54%,6_20260425_063902.wav,AGC,48kHz,stereo,Part1,6_20260425_063902.wav,1512.0,1515.0,1512.5357291666667,1512.2857291666667,1512.7857291666667,0.018229166666666668,0.8750000000000001,2.389011046620638,177.61098895337938,"left,right"
Recorder 6 1704 to 2804,04-25-2026,06:39:02,1.92442W,50.93975N,100%,8C,54%,6_20260425_063902.wav,AGC,48kHz,stereo,Part1,6_20260425_063902.wav,1617.0,1620.0,1618.4431875,1618.1931875,1618.6931875,-0.022135416666666668,-1.0625,357.0986587424351,182.90134125756492,"left,right"
Recorder 6 1704 to 2804,04-25-2026,06:39:02,1.92442W,50.93975N,100%,8C,54%,6_20260425_063902.wav,AGC,48kHz,stereo,Part1,6_20260425_063902.wav,1716.0,1719.0,1716.8618333333334,1716.6118333333334,1717.1118333333334,0.020833333333333332,1.0,2.730540749448636,177.26945925055136,"left,right"
Recorder 6 1704 to 2804,04-25-2026,06:39:02,1.92442W,50.93975N,100%,8C,54%,6_20260425_063902.wav,AGC,48kHz,stereo,Part1,6_20260425_063902.wav,1797.0,1800.0,1799.9679583333334,1799.7179583333334,1800.0,0.0,0.0,0.0,180.0,"left,right"
Recorder 6 1704 to 2804,04-25-2026,07:09:03,1.92442W,50.93975N,100%,8C,54%,6_20260425_070903.wav,AGC,48kHz,stereo,Part2,6_20260425_070903.wav,0.0,3.0,0.3728958333333333,0.12289583333333333,0.6228958333333333,-0.0013020833333333333,-0.0625,359.8294055433168,180.1705944566832,"left,right"
Recorder 6 1704 to 2804,04-25-2026,07:09:03,1.92442W,50.93975N,100%,8C,54%,6_20260425_070903.wav,AGC,48kHz,stereo,Part2,6_20260425_070903.wav,102.0,105.0,104.32758333333334,104.07758333333334,104.57758333333334,-0.0013020833333333333,-0.0625,359.8294055433168,180.1705944566832,"left,right"
Recorder 6 1704 to 2804,04-25-2026,07:09:03,1.92442W,50.93975N,100%,8C,54%,6_20260425_070903.wav,AGC,48kHz,stereo,Part2,6_20260425_070903.wav,255.0,258.0,256.832375,256.582375,257.082375,0.0,0.0,0.0,180.0,"left,right"
Recorder 6 1704 to 2804,04-25-2026,07:09:03,1.92442W,50.93975N,100%,8C,54%,6_20260425_070903.wav,AGC,48kHz,stereo,Part2,6_20260425_070903.wav,657.0,660.0,658.8159791666667,658.5659791666667,659.0659791666667,0.0,0.0,0.0,180.0,"left,right"
Recorder 6 1704 to 2804,04-25-2026,07:09:03,1.92442W,50.93975N,100%,8C,54%,6_20260425_070903.wav,AGC,48kHz,stereo,Part2,6_20260425_070903.wav,744.0,747.0,746.5981666666667,746.3481666666667,746.8481666666667,0.0,0.0,0.0,180.0,"left,right"
Recorder 6 1704 to 2804,04-25-2026,07:09:03,1.92442W,50.93975N,100%,8C,54%,6_20260425_070903.wav,AGC,48kHz,stereo,Part2,6_20260425_070903.wav,747.0,750.0,747.0100416666667,747.0,747.2600416666667,0.0,0.0,0.0,180.0,"left,right"
Recorder 6 1704 to 2804,04-25-2026,07:09:03,1.92442W,50.93975N,100%,8C,54%,6_20260425_070903.wav,AGC,48kHz,stereo,Part2,6_20260425_070903.wav,930.0,933.0,931.0526458333334,930.8026458333334,931.3026458333334,-0.12369791666666667,-5.937500000000001,343.5692718864695,196.4307281135305,"left,right"
Recorder 6 1704 to 2804,04-25-2026,07:09:03,1.92442W,50.93975N,100%,8C,54%,6_20260425_070903.wav,AGC,48kHz,stereo,Part2,6_20260425_070903.wav,1065.0,1068.0,1065.1796875,1065.0,1065.4296875,0.0,0.0,0.0,180.0,"left,right"
Recorder 6 1704 to 2804,04-25-2026,07:09:03,1.92442W,50.93975N,100%,8C,54%,6_20260425_070903.wav,AGC,48kHz,stereo,Part2,6_20260425_070903.wav,1146.0,1149.0,1147.9482083333332,1147.6982083333332,1148.1982083333332,-0.01953125,-0.9375,357.4402354785634,182.5597645214366,"left,right"
Recorder 6 1704 to 2804,04-25-2026,07:09:03,1.92442W,50.93975N,100%,8C,54%,6_20260425_070903.wav,AGC,48kHz,stereo,Part2,6_20260425_070903.wav,1236.0,1239.0,1237.0428333333334,1236.7928333333334,1237.2928333333334,0.0,0.0,0.0,180.0,"left,right"
Recorder 6 1704 to 2804,04-25-2026,07:09:03,1.92442W,50.93975N,100%,8C,54%,6_20260425_070903.wav,AGC,48kHz,stereo,Part2,6_20260425_070903.wav,1329.0,1332.0,1331.6354583333334,1331.3854583333334,1331.8854583333334,0.0013020833333333333,0.0625,0.1705944566832045,179.8294055433168,"left,right"
Recorder 6 1704 to 2804,04-25-2026,07:09:03,1.92442W,50.93975N,100%,8C,54%,6_20260425_070903.wav,AGC,48kHz,stereo,Part2,6_20260425_070903.wav,1332.0,1335.0,1332.0181666666667,1332.0,1332.2681666666667,0.0,0.0,0.0,180.0,"left,right"
Recorder 6 1704 to 2804,04-25-2026,07:09:03,1.92442W,50.93975N,100%,8C,54%,6_20260425_070903.wav,AGC,48kHz,stereo,Part2,6_20260425_070903.wav,1425.0,1428.0,1426.6325625,1426.3825625,1426.8825625,-0.0013020833333333333,-0.0625,359.8294055433168,180.1705944566832,"left,right"
Recorder 6 1704 to 2804,04-25-2026,07:09:03,1.92442W,50.93975N,100%,8C,54%,6_20260425_070903.wav,AGC,48kHz,stereo,Part2,6_20260425_070903.wav,1503.0,1506.0,1504.3901666666666,1504.1401666666666,1504.6401666666666,-0.125,-6.0,343.3913326437145,196.60866735628548,"left,right"
Recorder 6 1704 to 2804,04-25-2026,07:09:03,1.92442W,50.93975N,100%,8C,54%,6_20260425_070903.wav,AGC,48kHz,stereo,Part2,6_20260425_070903.wav,1590.0,1593.0,1592.95175,1592.70175,1593.0,0.01953125,0.9375,2.559764521436577,177.4402354785634,"left,right"
Recorder 6 1704 to 2804,04-25-2026,07:09:03,1.92442W,50.93975N,100%,8C,54%,6_20260425_070903.wav,AGC,48kHz,stereo,Part2,6_20260425_070903.wav,1593.0,1596.0,1593.0702083333333,1593.0,1593.3202083333333,0.0,0.0,0.0,180.0,"left,right"
Recorder 6 1704 to 2804,04-25-2026,07:09:03,1.92442W,50.93975N,100%,8C,54%,6_20260425_070903.wav,AGC,48kHz,stereo,Part2,6_20260425_070903.wav,1734.0,1737.0,1735.3316666666667,1735.0816666666667,1735.5816666666667,0.0013020833333333333,0.0625,0.1705944566832045,179.8294055433168,"left,right"
Recorder 6 1704 to 2804,04-25-2026,18:42:02,1.92442W,50.93975N,100%,16C,41%,6_20260425_184202.wav,AGC,48kHz,stereo,Part1,6_20260425_184202.wav,1509.0,1512.0,1511.4785208333333,1511.2285208333333,1511.7285208333333,-0.01953125,-0.9375,357.4402354785634,182.5597645214366,"left,right"
Recorder 6 1704 to 2804,04-25-2026,18:42:02,1.92442W,50.93975N,100%,16C,41%,6_20260425_184202.wav,AGC,48kHz,stereo,Part1,6_20260425_184202.wav,1713.0,1716.0,1713.8976875,1713.6476875,1714.1476875,0.0,0.0,0.0,180.0,"left,right"
Recorder 6 1704 to 2804,04-25-2026,19:12:03,1.92442W,50.93975N,100%,16C,41%,6_20260425_191203.wav,AGC,48kHz,stereo,Part2,6_20260425_191203.wav,30.0,33.0,31.52702083333333,31.27702083333333,31.77702083333333,-0.0013020833333333333,-0.0625,359.8294055433168,180.1705944566832,"left,right"
Recorder 6 1704 to 2804,04-25-2026,19:12:03,1.92442W,50.93975N,100%,16C,41%,6_20260425_191203.wav,AGC,48kHz,stereo,Part2,6_20260425_191203.wav,369.0,372.0,369.5049375,369.2549375,369.7549375,0.3958333333333333,19.0,64.84199555654006,115.15800444345994,"left,right"
Recorder 6 1704 to 2804,04-25-2026,19:12:03,1.92442W,50.93975N,100%,16C,41%,6_20260425_191203.wav,AGC,48kHz,stereo,Part2,6_20260425_191203.wav,378.0,381.0,380.4710416666667,380.2210416666667,380.7210416666667,0.020833333333333332,1.0,2.730540749448636,177.26945925055136,"left,right"
Recorder 6 1704 to 2804,04-25-2026,19:12:03,1.92442W,50.93975N,100%,16C,41%,6_20260425_191203.wav,AGC,48kHz,stereo,Part2,6_20260425_191203.wav,462.0,465.0,463.52708333333334,463.27708333333334,463.77708333333334,0.0,0.0,0.0,180.0,"left,right"
Recorder 6 1704 to 2804,04-25-2026,19:12:03,1.92442W,50.93975N,100%,16C,41%,6_20260425_191203.wav,AGC,48kHz,stereo,Part2,6_20260425_191203.wav,567.0,570.0,567.5595625,567.3095625,567.8095625,0.022135416666666668,1.0625,2.9013412575649227,177.09865874243508,"left,right"
Recorder 6 1704 to 2804,04-25-2026,19:12:03,1.92442W,50.93975N,100%,16C,41%,6_20260425_191203.wav,AGC,48kHz,stereo,Part2,6_20260425_191203.wav,648.0,651.0,648.3115208333334,648.0615208333334,648.5615208333334,-0.020833333333333332,-1.0,357.26945925055134,182.73054074944866,"left,right"
Recorder 6 1704 to 2804,04-25-2026,19:12:03,1.92442W,50.93975N,100%,16C,41%,6_20260425_191203.wav,AGC,48kHz,stereo,Part2,6_20260425_191203.wav,759.0,762.0,759.1929791666666,759.0,759.4429791666666,-0.022135416666666668,-1.0625,357.0986587424351,182.90134125756492,"left,right"
Recorder 6 1704 to 2804,04-25-2026,19:12:03,1.92442W,50.93975N,100%,16C,41%,6_20260425_191203.wav,AGC,48kHz,stereo,Part2,6_20260425_191203.wav,846.0,849.0,848.4333333333333,848.1833333333333,848.6833333333333,0.0,0.0,0.0,180.0,"left,right"
Recorder 6 1704 to 2804,04-25-2026,19:12:03,1.92442W,50.93975N,100%,16C,41%,6_20260425_191203.wav,AGC,48kHz,stereo,Part2,6_20260425_191203.wav,888.0,891.0,890.8729166666667,890.6229166666667,891.0,0.0,0.0,0.0,180.0,"left,right"
Recorder 6 1704 to 2804,04-25-2026,19:12:03,1.92442W,50.93975N,100%,16C,41%,6_20260425_191203.wav,AGC,48kHz,stereo,Part2,6_20260425_191203.wav,891.0,894.0,891.0482291666667,891.0,891.2982291666667,-0.0013020833333333333,-0.0625,359.8294055433168,180.1705944566832,"left,right"
Recorder 6 1704 to 2804,04-25-2026,19:12:03,1.92442W,50.93975N,100%,16C,41%,6_20260425_191203.wav,AGC,48kHz,stereo,Part2,6_20260425_191203.wav,963.0,966.0,963.3131458333334,963.0631458333334,963.5631458333334,-0.020833333333333332,-1.0,357.26945925055134,182.73054074944866,"left,right"
Recorder 6 1704 to 2804,04-25-2026,19:12:03,1.92442W,50.93975N,100%,16C,41%,6_20260425_191203.wav,AGC,48kHz,stereo,Part2,6_20260425_191203.wav,1068.0,1071.0,1069.382125,1069.132125,1069.632125,0.0,0.0,0.0,180.0,"left,right"
Recorder 6 1704 to 2804,04-25-2026,19:12:03,1.92442W,50.93975N,100%,16C,41%,6_20260425_191203.wav,AGC,48kHz,stereo,Part2,6_20260425_191203.wav,1155.0,1158.0,1155.4662291666666,1155.2162291666666,1155.7162291666666,0.08463541666666667,4.0625,11.15903745474634,168.84096254525366,"left,right"
Recorder 6 1704 to 2804,04-25-2026,19:12:03,1.92442W,50.93975N,100%,16C,41%,6_20260425_191203.wav,AGC,48kHz,stereo,Part2,6_20260425_191203.wav,1260.0,1263.0,1262.6678541666668,1262.4178541666668,1262.9178541666668,0.0013020833333333333,0.0625,0.1705944566832045,179.8294055433168,"left,right"
Recorder 6 1704 to 2804,04-25-2026,19:12:03,1.92442W,50.93975N,100%,16C,41%,6_20260425_191203.wav,AGC,48kHz,stereo,Part2,6_20260425_191203.wav,1263.0,1266.0,1263.0149583333334,1263.0,1263.2649583333334,0.0,0.0,0.0,180.0,"left,right"
Recorder 6 1704 to 2804,04-25-2026,19:12:03,1.92442W,50.93975N,100%,16C,41%,6_20260425_191203.wav,AGC,48kHz,stereo,Part2,6_20260425_191203.wav,1332.0,1335.0,1334.0152291666666,1333.7652291666666,1334.2652291666666,0.0,0.0,0.0,180.0,"left,right"
Recorder 6 1704 to 2804,04-25-2026,19:12:03,1.92442W,50.93975N,100%,16C,41%,6_20260425_191203.wav,AGC,48kHz,stereo,Part2,6_20260425_191203.wav,1428.0,1431.0,1429.1185833333334,1428.8685833333334,1429.3685833333334,-0.01953125,-0.9375,357.4402354785634,182.5597645214366,"left,right"
Recorder 6 1704 to 2804,04-25-2026,19:12:03,1.92442W,50.93975N,100%,16C,41%,6_20260425_191203.wav,AGC,48kHz,stereo,Part2,6_20260425_191203.wav,1452.0,1455.0,1452.382875,1452.132875,1452.632875,0.0,0.0,0.0,180.0,"left,right"
Recorder 6 1704 to 2804,04-25-2026,19:12:03,1.92442W,50.93975N,100%,16C,41%,6_20260425_191203.wav,AGC,48kHz,stereo,Part2,6_20260425_191203.wav,1551.0,1554.0,1553.6159166666666,1553.3659166666666,1553.8659166666666,-0.0013020833333333333,-0.0625,359.8294055433168,180.1705944566832,"left,right"
Recorder 6 1704 to 2804,04-25-2026,19:12:03,1.92442W,50.93975N,100%,16C,41%,6_20260425_191203.wav,AGC,48kHz,stereo,Part2,6_20260425_191203.wav,1554.0,1557.0,1554.0402083333333,1554.0,1554.2902083333333,0.0,0.0,0.0,180.0,"left,right"
Recorder 6 1704 to 2804,04-25-2026,19:12:03,1.92442W,50.93975N,100%,16C,41%,6_20260425_191203.wav,AGC,48kHz,stereo,Part2,6_20260425_191203.wav,1647.0,1650.0,1649.3845416666666,1649.1345416666666,1649.6345416666666,-0.0013020833333333333,-0.0625,359.8294055433168,180.1705944566832,"left,right"
Recorder 6 1704 to 2804,04-25-2026,19:12:03,1.92442W,50.93975N,100%,16C,41%,6_20260425_191203.wav,AGC,48kHz,stereo,Part2,6_20260425_191203.wav,1650.0,1653.0,1651.9163958333334,1651.6663958333334,1652.1663958333334,-0.0013020833333333333,-0.0625,359.8294055433168,180.1705944566832,"left,right"
Recorder 6 1704 to 2804,04-25-2026,19:12:03,1.92442W,50.93975N,100%,16C,41%,6_20260425_191203.wav,AGC,48kHz,stereo,Part2,6_20260425_191203.wav,1758.0,1761.0,1758.354875,1758.104875,1758.604875,0.14583333333333334,7.000000000000001,19.479661319800442,160.52033868019956,"left,right"
Recorder 6 1704 to 2804,04-26-2026,06:39:02,1.92442W,50.93977N,100%,6C,68%,6_20260426_063902.wav,AGC,48kHz,stereo,Part1,6_20260426_063902.wav,81.0,84.0,83.25539583333334,83.00539583333334,83.50539583333334,0.0013020833333333333,0.0625,0.1705944566832045,179.8294055433168,"left,right"
Recorder 6 1704 to 2804,04-26-2026,06:39:02,1.92442W,50.93977N,100%,6C,68%,6_20260426_063902.wav,AGC,48kHz,stereo,Part1,6_20260426_063902.wav,177.0,180.0,177.52645833333332,177.27645833333332,177.77645833333332,0.0,0.0,0.0,180.0,"left,right"
Recorder 6 1704 to 2804,04-26-2026,06:39:02,1.92442W,50.93977N,100%,6C,68%,6_20260426_063902.wav,AGC,48kHz,stereo,Part1,6_20260426_063902.wav,444.0,447.0,444.4881458333333,444.2381458333333,444.7381458333333,0.018229166666666668,0.8750000000000001,2.389011046620638,177.61098895337938,"left,right"
Recorder 6 1704 to 2804,04-26-2026,06:39:02,1.92442W,50.93977N,100%,6C,68%,6_20260426_063902.wav,AGC,48kHz,stereo,Part1,6_20260426_063902.wav,537.0,540.0,539.5738333333334,539.3238333333334,539.8238333333334,-0.01953125,-0.9375,357.4402354785634,182.5597645214366,"left,right"
Recorder 6 1704 to 2804,04-26-2026,06:39:02,1.92442W,50.93977N,100%,6C,68%,6_20260426_063902.wav,AGC,48kHz,stereo,Part1,6_20260426_063902.wav,540.0,543.0,540.0107916666667,540.0,540.2607916666667,-0.020833333333333332,-1.0,357.26945925055134,182.73054074944866,"left,right"
Recorder 6 1704 to 2804,04-26-2026,06:39:02,1.92442W,50.93977N,100%,6C,68%,6_20260426_063902.wav,AGC,48kHz,stereo,Part1,6_20260426_063902.wav,597.0,600.0,597.4633125,597.2133125,597.7133125,0.0013020833333333333,0.0625,0.1705944566832045,179.8294055433168,"left,right"
Recorder 6 1704 to 2804,04-26-2026,06:39:02,1.92442W,50.93977N,100%,6C,68%,6_20260426_063902.wav,AGC,48kHz,stereo,Part1,6_20260426_063902.wav,627.0,630.0,628.5124583333334,628.2624583333334,628.7624583333334,-0.01953125,-0.9375,357.4402354785634,182.5597645214366,"left,right"
Recorder 6 1704 to 2804,04-26-2026,06:39:02,1.92442W,50.93977N,100%,6C,68%,6_20260426_063902.wav,AGC,48kHz,stereo,Part1,6_20260426_063902.wav,711.0,714.0,712.0937916666667,711.8437916666667,712.3437916666667,0.0,0.0,0.0,180.0,"left,right"
Recorder 6 1704 to 2804,04-26-2026,06:39:02,1.92442W,50.93977N,100%,6C,68%,6_20260426_063902.wav,AGC,48kHz,stereo,Part1,6_20260426_063902.wav,801.0,804.0,803.1943125,802.9443125,803.4443125,0.0234375,1.125,3.0721675746425348,176.92783242535745,"left,right"
Recorder 6 1704 to 2804,04-26-2026,06:39:02,1.92442W,50.93977N,100%,6C,68%,6_20260426_063902.wav,AGC,48kHz,stereo,Part1,6_20260426_063902.wav,885.0,888.0,885.6472083333333,885.3972083333333,885.8972083333333,-0.0013020833333333333,-0.0625,359.8294055433168,180.1705944566832,"left,right"
Recorder 6 1704 to 2804,04-26-2026,06:39:02,1.92442W,50.93977N,100%,6C,68%,6_20260426_063902.wav,AGC,48kHz,stereo,Part1,6_20260426_063902.wav,966.0,969.0,968.6700625,968.4200625,968.9200625,0.0013020833333333333,0.0625,0.1705944566832045,179.8294055433168,"left,right"
Recorder 6 1704 to 2804,04-26-2026,06:39:02,1.92442W,50.93977N,100%,6C,68%,6_20260426_063902.wav,AGC,48kHz,stereo,Part1,6_20260426_063902.wav,969.0,972.0,969.130875,969.0,969.380875,0.0,0.0,0.0,180.0,"left,right"
Recorder 6 1704 to 2804,04-26-2026,06:39:02,1.92442W,50.93977N,100%,6C,68%,6_20260426_063902.wav,AGC,48kHz,stereo,Part1,6_20260426_063902.wav,1056.0,1059.0,1056.2276875,1056.0,1056.4776875,0.14583333333333334,7.000000000000001,19.479661319800442,160.52033868019956,"left,right"
Recorder 6 1704 to 2804,04-26-2026,06:39:02,1.92442W,50.93977N,100%,6C,68%,6_20260426_063902.wav,AGC,48kHz,stereo,Part1,6_20260426_063902.wav,1374.0,1377.0,1374.1870416666666,1374.0,1374.4370416666666,-0.14583333333333334,-7.000000000000001,340.52033868019953,199.47966131980044,"left,right"
Recorder 6 1704 to 2804,04-26-2026,06:39:02,1.92442W,50.93977N,100%,6C,68%,6_20260426_063902.wav,AGC,48kHz,stereo,Part1,6_20260426_063902.wav,1632.0,1635.0,1634.2523541666667,1634.0023541666667,1634.5023541666667,-0.022135416666666668,-1.0625,357.0986587424351,182.90134125756492,"left,right"
Recorder 6 1704 to 2804,04-26-2026,07:09:03,1.92442W,50.93977N,100%,6C,68%,6_20260426_070903.wav,AGC,48kHz,stereo,Part2,6_20260426_070903.wav,51.0,54.0,51.030145833333336,51.0,51.280145833333336,-0.020833333333333332,-1.0,357.26945925055134,182.73054074944866,"left,right"
Recorder 6 1704 to 2804,04-26-2026,07:09:03,1.92442W,50.93977N,100%,6C,68%,6_20260426_070903.wav,AGC,48kHz,stereo,Part2,6_20260426_070903.wav,324.0,327.0,325.4083125,325.1583125,325.6583125,0.0013020833333333333,0.0625,0.1705944566832045,179.8294055433168,"left,right"
Recorder 6 1704 to 2804,04-26-2026,07:09:03,1.92442W,50.93977N,100%,6C,68%,6_20260426_070903.wav,AGC,48kHz,stereo,Part2,6_20260426_070903.wav,429.0,432.0,430.7959583333333,430.5459583333333,431.0459583333333,0.0,0.0,0.0,180.0,"left,right"
Recorder 6 1704 to 2804,04-26-2026,07:09:03,1.92442W,50.93977N,100%,6C,68%,6_20260426_070903.wav,AGC,48kHz,stereo,Part2,6_20260426_070903.wav,519.0,522.0,520.8764583333333,520.6264583333333,521.1264583333333,0.0,0.0,0.0,180.0,"left,right"
Recorder 6 1704 to 2804,04-26-2026,07:09:03,1.92442W,50.93977N,100%,6C,68%,6_20260426_070903.wav,AGC,48kHz,stereo,Part2,6_20260426_070903.wav,636.0,639.0,636.420875,636.170875,636.670875,0.10286458333333333,4.9375,13.604415340680433,166.39558465931958,"left,right"
Recorder 6 1704 to 2804,04-26-2026,07:09:03,1.92442W,50.93977N,100%,6C,68%,6_20260426_070903.wav,AGC,48kHz,stereo,Part2,6_20260426_070903.wav,771.0,774.0,771.9247291666667,771.6747291666667,772.1747291666667,0.14713541666666666,7.0625,19.660714711930765,160.33928528806922,"left,right"
Recorder 6 1704 to 2804,04-26-2026,07:09:03,1.92442W,50.93977N,100%,6C,68%,6_20260426_070903.wav,AGC,48kHz,stereo,Part2,6_20260426_070903.wav,864.0,867.0,865.4680416666666,865.2180416666666,865.7180416666666,0.0,0.0,0.0,180.0,"left,right"
Recorder 6 1704 to 2804,04-26-2026,07:09:03,1.92442W,50.93977N,100%,6C,68%,6_20260426_070903.wav,AGC,48kHz,stereo,Part2,6_20260426_070903.wav,963.0,966.0,965.8481041666666,965.5981041666666,966.0,0.0013020833333333333,0.0625,0.1705944566832045,179.8294055433168,"left,right"
Recorder 6 1704 to 2804,04-26-2026,07:09:03,1.92442W,50.93977N,100%,6C,68%,6_20260426_070903.wav,AGC,48kHz,stereo,Part2,6_20260426_070903.wav,966.0,969.0,966.2981458333334,966.0481458333334,966.5481458333334,-0.01953125,-0.9375,357.4402354785634,182.5597645214366,"left,right"
Recorder 6 1704 to 2804,04-26-2026,07:09:03,1.92442W,50.93977N,100%,6C,68%,6_20260426_070903.wav,AGC,48kHz,stereo,Part2,6_20260426_070903.wav,1065.0,1068.0,1066.7496666666666,1066.4996666666666,1066.9996666666666,0.0,0.0,0.0,180.0,"left,right"
Recorder 6 1704 to 2804,04-26-2026,07:09:03,1.92442W,50.93977N,100%,6C,68%,6_20260426_070903.wav,AGC,48kHz,stereo,Part2,6_20260426_070903.wav,1179.0,1182.0,1180.336125,1180.086125,1180.586125,-0.0026041666666666665,-0.125,359.65880957427,180.34119042573002,"left,right"
Recorder 6 1704 to 2804,04-26-2026,07:09:03,1.92442W,50.93977N,100%,6C,68%,6_20260426_070903.wav,AGC,48kHz,stereo,Part2,6_20260426_070903.wav,1311.0,1314.0,1311.7460416666668,1311.4960416666668,1311.9960416666668,0.0013020833333333333,0.0625,0.1705944566832045,179.8294055433168,"left,right"
Recorder 6 1704 to 2804,04-26-2026,07:09:03,1.92442W,50.93977N,100%,6C,68%,6_20260426_070903.wav,AGC,48kHz,stereo,Part2,6_20260426_070903.wav,1425.0,1428.0,1425.9077083333334,1425.6577083333334,1426.1577083333334,0.0013020833333333333,0.0625,0.1705944566832045,179.8294055433168,"left,right"
Recorder 6 1704 to 2804,04-26-2026,07:09:03,1.92442W,50.93977N,100%,6C,68%,6_20260426_070903.wav,AGC,48kHz,stereo,Part2,6_20260426_070903.wav,1542.0,1545.0,1542.5726041666667,1542.3226041666667,1542.8226041666667,0.0,0.0,0.0,180.0,"left,right"
Recorder 6 1704 to 2804,04-26-2026,07:09:03,1.92442W,50.93977N,100%,6C,68%,6_20260426_070903.wav,AGC,48kHz,stereo,Part2,6_20260426_070903.wav,1641.0,1644.0,1641.1314166666666,1641.0,1641.3814166666666,0.0013020833333333333,0.0625,0.1705944566832045,179.8294055433168,"left,right"
Recorder 6 1704 to 2804,04-26-2026,07:09:03,1.92442W,50.93977N,100%,6C,68%,6_20260426_070903.wav,AGC,48kHz,stereo,Part2,6_20260426_070903.wav,1665.0,1668.0,1666.7835833333334,1666.5335833333334,1667.0335833333334,0.0,0.0,0.0,180.0,"left,right"
Recorder 6 1704 to 2804,04-26-2026,07:09:03,1.92442W,50.93977N,100%,6C,68%,6_20260426_070903.wav,AGC,48kHz,stereo,Part2,6_20260426_070903.wav,1761.0,1764.0,1762.4996875,1762.2496875,1762.7496875,0.020833333333333332,1.0,2.730540749448636,177.26945925055136,"left,right"
Recorder 6 1704 to 2804,04-26-2026,18:42:02,1.92442W,50.93977N,100%,18C,30%,6_20260426_184202.wav,AGC,48kHz,stereo,Part1,6_20260426_184202.wav,81.0,84.0,83.65097916666667,83.40097916666667,83.90097916666667,0.0,0.0,0.0,180.0,"left,right"
Recorder 6 1704 to 2804,04-26-2026,18:42:02,1.92442W,50.93977N,100%,18C,30%,6_20260426_184202.wav,AGC,48kHz,stereo,Part1,6_20260426_184202.wav,84.0,87.0,84.13945833333334,84.0,84.38945833333334,0.0,0.0,0.0,180.0,"left,right"
Recorder 6 1704 to 2804,04-26-2026,18:42:02,1.92442W,50.93977N,100%,18C,30%,6_20260426_184202.wav,AGC,48kHz,stereo,Part1,6_20260426_184202.wav,153.0,156.0,155.32991666666666,155.07991666666666,155.57991666666666,0.0390625,1.875,5.124656190170086,174.87534380982993,"left,right"
Recorder 6 1704 to 2804,04-26-2026,18:42:02,1.92442W,50.93977N,100%,18C,30%,6_20260426_184202.wav,AGC,48kHz,stereo,Part1,6_20260426_184202.wav,249.0,252.0,251.607375,251.357375,251.857375,-0.022135416666666668,-1.0625,357.0986587424351,182.90134125756492,"left,right"
Recorder 6 1704 to 2804,04-26-2026,18:42:02,1.92442W,50.93977N,100%,18C,30%,6_20260426_184202.wav,AGC,48kHz,stereo,Part1,6_20260426_184202.wav,252.0,255.0,252.05404166666668,252.0,252.30404166666668,0.0013020833333333333,0.0625,0.1705944566832045,179.8294055433168,"left,right"
Recorder 6 1704 to 2804,04-26-2026,18:42:02,1.92442W,50.93977N,100%,18C,30%,6_20260426_184202.wav,AGC,48kHz,stereo,Part1,6_20260426_184202.wav,333.0,336.0,333.124,333.0,333.374,-0.0013020833333333333,-0.0625,359.8294055433168,180.1705944566832,"left,right"
Recorder 6 1704 to 2804,04-26-2026,18:42:02,1.92442W,50.93977N,100%,18C,30%,6_20260426_184202.wav,AGC,48kHz,stereo,Part1,6_20260426_184202.wav,474.0,477.0,476.99,476.74,477.0,0.020833333333333332,1.0,2.730540749448636,177.26945925055136,"left,right"
Recorder 6 1704 to 2804,04-26-2026,18:42:02,1.92442W,50.93977N,100%,18C,30%,6_20260426_184202.wav,AGC,48kHz,stereo,Part1,6_20260426_184202.wav,477.0,480.0,477.4260625,477.1760625,477.6760625,0.0013020833333333333,0.0625,0.1705944566832045,179.8294055433168,"left,right"
Recorder 6 1704 to 2804,04-26-2026,18:42:02,1.92442W,50.93977N,100%,18C,30%,6_20260426_184202.wav,AGC,48kHz,stereo,Part1,6_20260426_184202.wav,591.0,594.0,593.5464791666667,593.2964791666667,593.7964791666667,0.01953125,0.9375,2.559764521436577,177.4402354785634,"left,right"
Recorder 6 1704 to 2804,04-26-2026,18:42:02,1.92442W,50.93977N,100%,18C,30%,6_20260426_184202.wav,AGC,48kHz,stereo,Part1,6_20260426_184202.wav,594.0,597.0,594.0100208333333,594.0,594.2600208333333,0.0,0.0,0.0,180.0,"left,right"
Recorder 6 1704 to 2804,04-26-2026,18:42:02,1.92442W,50.93977N,100%,18C,30%,6_20260426_184202.wav,AGC,48kHz,stereo,Part1,6_20260426_184202.wav,693.0,696.0,694.3363125,694.0863125,694.5863125,0.018229166666666668,0.8750000000000001,2.389011046620638,177.61098895337938,"left,right"
Recorder 6 1704 to 2804,04-26-2026,18:42:02,1.92442W,50.93977N,100%,18C,30%,6_20260426_184202.wav,AGC,48kHz,stereo,Part1,6_20260426_184202.wav,1014.0,1017.0,1014.4087083333334,1014.1587083333334,1014.6587083333334,0.0013020833333333333,0.0625,0.1705944566832045,179.8294055433168,"left,right"
Recorder 6 1704 to 2804,04-26-2026,18:42:02,1.92442W,50.93977N,100%,18C,30%,6_20260426_184202.wav,AGC,48kHz,stereo,Part1,6_20260426_184202.wav,1077.0,1080.0,1078.5062708333332,1078.2562708333332,1078.7562708333332,-0.01953125,-0.9375,357.4402354785634,182.5597645214366,"left,right"
Recorder 6 1704 to 2804,04-26-2026,18:42:02,1.92442W,50.93977N,100%,18C,30%,6_20260426_184202.wav,AGC,48kHz,stereo,Part1,6_20260426_184202.wav,1140.0,1143.0,1140.0106875,1140.0,1140.2606875,0.0,0.0,0.0,180.0,"left,right"
Recorder 6 1704 to 2804,04-26-2026,18:42:02,1.92442W,50.93977N,100%,18C,30%,6_20260426_184202.wav,AGC,48kHz,stereo,Part1,6_20260426_184202.wav,1365.0,1368.0,1365.5865833333332,1365.3365833333332,1365.8365833333332,0.018229166666666668,0.8750000000000001,2.389011046620638,177.61098895337938,"left,right"
Recorder 6 1704 to 2804,04-26-2026,18:42:02,1.92442W,50.93977N,100%,18C,30%,6_20260426_184202.wav,AGC,48kHz,stereo,Part1,6_20260426_184202.wav,1458.0,1461.0,1459.6383958333333,1459.3883958333333,1459.8883958333333,0.0,0.0,0.0,180.0,"left,right"
Recorder 6 1704 to 2804,04-26-2026,18:42:02,1.92442W,50.93977N,100%,18C,30%,6_20260426_184202.wav,AGC,48kHz,stereo,Part1,6_20260426_184202.wav,1632.0,1635.0,1634.5636666666667,1634.3136666666667,1634.8136666666667,-0.0013020833333333333,-0.0625,359.8294055433168,180.1705944566832,"left,right"
Recorder 6 1704 to 2804,04-26-2026,18:42:02,1.92442W,50.93977N,100%,18C,30%,6_20260426_184202.wav,AGC,48kHz,stereo,Part1,6_20260426_184202.wav,1746.0,1749.0,1747.63075,1747.38075,1747.88075,-0.0013020833333333333,-0.0625,359.8294055433168,180.1705944566832,"left,right"
Recorder 6 1704 to 2804,04-26-2026,19:12:03,1.92442W,50.93977N,100%,18C,30%,6_20260426_191203.wav,AGC,48kHz,stereo,Part2,6_20260426_191203.wav,24.0,27.0,24.420541666666665,24.170541666666665,24.670541666666665,-0.018229166666666668,-0.8750000000000001,357.6109889533793,182.38901104662065,"left,right"
Recorder 6 1704 to 2804,04-26-2026,19:12:03,1.92442W,50.93977N,100%,18C,30%,6_20260426_191203.wav,AGC,48kHz,stereo,Part2,6_20260426_191203.wav,147.0,150.0,147.43325,147.18325,147.68325,0.0,0.0,0.0,180.0,"left,right"
Recorder 6 1704 to 2804,04-26-2026,19:12:03,1.92442W,50.93977N,100%,18C,30%,6_20260426_191203.wav,AGC,48kHz,stereo,Part2,6_20260426_191203.wav,234.0,237.0,234.10502083333333,234.0,234.35502083333333,-0.0013020833333333333,-0.0625,359.8294055433168,180.1705944566832,"left,right"
Recorder 6 1704 to 2804,04-26-2026,19:12:03,1.92442W,50.93977N,100%,18C,30%,6_20260426_191203.wav,AGC,48kHz,stereo,Part2,6_20260426_191203.wav,318.0,321.0,319.60045833333334,319.35045833333334,319.85045833333334,-0.022135416666666668,-1.0625,357.0986587424351,182.90134125756492,"left,right"
Recorder 6 1704 to 2804,04-26-2026,19:12:03,1.92442W,50.93977N,100%,18C,30%,6_20260426_191203.wav,AGC,48kHz,stereo,Part2,6_20260426_191203.wav,360.0,363.0,360.81095833333336,360.56095833333336,361.06095833333336,-0.0013020833333333333,-0.0625,359.8294055433168,180.1705944566832,"left,right"
Recorder 6 1704 to 2804,04-26-2026,19:12:03,1.92442W,50.93977N,100%,18C,30%,6_20260426_191203.wav,AGC,48kHz,stereo,Part2,6_20260426_191203.wav,411.0,414.0,411.0584583333333,411.0,411.3084583333333,-0.01953125,-0.9375,357.4402354785634,182.5597645214366,"left,right"
Recorder 6 1704 to 2804,04-26-2026,19:12:03,1.92442W,50.93977N,100%,18C,30%,6_20260426_191203.wav,AGC,48kHz,stereo,Part2,6_20260426_191203.wav,492.0,495.0,492.1496875,492.0,492.3996875,0.0,0.0,0.0,180.0,"left,right"
Recorder 6 1704 to 2804,04-26-2026,19:12:03,1.92442W,50.93977N,100%,18C,30%,6_20260426_191203.wav,AGC,48kHz,stereo,Part2,6_20260426_191203.wav,528.0,531.0,530.9023958333333,530.6523958333333,531.0,0.0,0.0,0.0,180.0,"left,right"
Recorder 6 1704 to 2804,04-26-2026,19:12:03,1.92442W,50.93977N,100%,18C,30%,6_20260426_191203.wav,AGC,48kHz,stereo,Part2,6_20260426_191203.wav,531.0,534.0,531.3385208333333,531.0885208333333,531.5885208333333,-0.020833333333333332,-1.0,357.26945925055134,182.73054074944866,"left,right"
Recorder 6 1704 to 2804,04-26-2026,19:12:03,1.92442W,50.93977N,100%,18C,30%,6_20260426_191203.wav,AGC,48kHz,stereo,Part2,6_20260426_191203.wav,735.0,738.0,736.1039791666667,735.8539791666667,736.3539791666667,-0.018229166666666668,-0.8750000000000001,357.6109889533793,182.38901104662065,"left,right"
Recorder 6 1704 to 2804,04-26-2026,19:12:03,1.92442W,50.93977N,100%,18C,30%,6_20260426_191203.wav,AGC,48kHz,stereo,Part2,6_20260426_191203.wav,834.0,837.0,834.3258958333333,834.0758958333333,834.5758958333333,-0.020833333333333332,-1.0,357.26945925055134,182.73054074944866,"left,right"
Recorder 6 1704 to 2804,04-26-2026,19:12:03,1.92442W,50.93977N,100%,18C,30%,6_20260426_191203.wav,AGC,48kHz,stereo,Part2,6_20260426_191203.wav,897.0,900.0,899.4337291666667,899.1837291666667,899.6837291666667,0.0,0.0,0.0,180.0,"left,right"
Recorder 6 1704 to 2804,04-26-2026,19:12:03,1.92442W,50.93977N,100%,18C,30%,6_20260426_191203.wav,AGC,48kHz,stereo,Part2,6_20260426_191203.wav,951.0,954.0,953.1740833333333,952.9240833333333,953.4240833333333,-0.020833333333333332,-1.0,357.26945925055134,182.73054074944866,"left,right"
Recorder 6 1704 to 2804,04-26-2026,19:12:03,1.92442W,50.93977N,100%,18C,30%,6_20260426_191203.wav,AGC,48kHz,stereo,Part2,6_20260426_191203.wav,1017.0,1020.0,1019.2897291666667,1019.0397291666667,1019.5397291666667,0.0013020833333333333,0.0625,0.1705944566832045,179.8294055433168,"left,right"
Recorder 6 1704 to 2804,04-26-2026,19:12:03,1.92442W,50.93977N,100%,18C,30%,6_20260426_191203.wav,AGC,48kHz,stereo,Part2,6_20260426_191203.wav,1110.0,1113.0,1110.8184791666667,1110.5684791666667,1111.0684791666667,-0.08203125,-3.9375000000000004,349.18852003660544,190.81147996339456,"left,right"
Recorder 6 1704 to 2804,04-26-2026,19:12:03,1.92442W,50.93977N,100%,18C,30%,6_20260426_191203.wav,AGC,48kHz,stereo,Part2,6_20260426_191203.wav,1137.0,1140.0,1138.9288333333334,1138.6788333333334,1139.1788333333334,-0.01953125,-0.9375,357.4402354785634,182.5597645214366,"left,right"
Recorder 6 1704 to 2804,04-26-2026,19:12:03,1.92442W,50.93977N,100%,18C,30%,6_20260426_191203.wav,AGC,48kHz,stereo,Part2,6_20260426_191203.wav,1212.0,1215.0,1212.228,1212.0,1212.478,0.0,0.0,0.0,180.0,"left,right"
Recorder 6 1704 to 2804,04-26-2026,19:12:03,1.92442W,50.93977N,100%,18C,30%,6_20260426_191203.wav,AGC,48kHz,stereo,Part2,6_20260426_191203.wav,1281.0,1284.0,1282.0565416666666,1281.8065416666666,1282.3065416666666,0.0013020833333333333,0.0625,0.1705944566832045,179.8294055433168,"left,right"
Recorder 6 1704 to 2804,04-26-2026,19:12:03,1.92442W,50.93977N,100%,18C,30%,6_20260426_191203.wav,AGC,48kHz,stereo,Part2,6_20260426_191203.wav,1332.0,1335.0,1333.01325,1332.76325,1333.26325,0.01953125,0.9375,2.559764521436577,177.4402354785634,"left,right"
Recorder 6 1704 to 2804,04-26-2026,19:12:03,1.92442W,50.93977N,100%,18C,30%,6_20260426_191203.wav,AGC,48kHz,stereo,Part2,6_20260426_191203.wav,1392.0,1395.0,1392.3395625,1392.0895625,1392.5895625,0.020833333333333332,1.0,2.730540749448636,177.26945925055136,"left,right"
Recorder 6 1704 to 2804,04-26-2026,19:12:03,1.92442W,50.93977N,100%,18C,30%,6_20260426_191203.wav,AGC,48kHz,stereo,Part2,6_20260426_191203.wav,1422.0,1425.0,1424.1601041666668,1423.9101041666668,1424.4101041666668,0.0,0.0,0.0,180.0,"left,right"
Recorder 6 1704 to 2804,04-26-2026,19:12:03,1.92442W,50.93977N,100%,18C,30%,6_20260426_191203.wav,AGC,48kHz,stereo,Part2,6_20260426_191203.wav,1437.0,1440.0,1437.9386666666667,1437.6886666666667,1438.1886666666667,-0.10286458333333333,-4.9375,346.3955846593196,193.60441534068042,"left,right"
Recorder 6 1704 to 2804,04-26-2026,19:12:03,1.92442W,50.93977N,100%,18C,30%,6_20260426_191203.wav,AGC,48kHz,stereo,Part2,6_20260426_191203.wav,1560.0,1563.0,1562.946375,1562.696375,1563.0,0.0026041666666666665,0.125,0.34119042573000513,179.65880957426998,"left,right"
Recorder 6 1704 to 2804,04-26-2026,19:12:03,1.92442W,50.93977N,100%,18C,30%,6_20260426_191203.wav,AGC,48kHz,stereo,Part2,6_20260426_191203.wav,1563.0,1566.0,1563.0221875,1563.0,1563.2721875,0.0013020833333333333,0.0625,0.1705944566832045,179.8294055433168,"left,right"
Recorder 6 1704 to 2804,04-26-2026,19:12:03,1.92442W,50.93977N,100%,18C,30%,6_20260426_191203.wav,AGC,48kHz,stereo,Part2,6_20260426_191203.wav,1662.0,1665.0,1664.9879375,1664.7379375,1665.0,0.0,0.0,0.0,180.0,"left,right"
Recorder 6 1704 to 2804,04-26-2026,19:12:03,1.92442W,50.93977N,100%,18C,30%,6_20260426_191203.wav,AGC,48kHz,stereo,Part2,6_20260426_191203.wav,1665.0,1668.0,1665.0101875,1665.0,1665.2601875,-0.020833333333333332,-1.0,357.26945925055134,182.73054074944866,"left,right"
Recorder 6 1704 to 2804,04-26-2026,19:12:03,1.92442W,50.93977N,100%,18C,30%,6_20260426_191203.wav,AGC,48kHz,stereo,Part2,6_20260426_191203.wav,1758.0,1761.0,1760.7662083333332,1760.5162083333332,1761.0,0.0,0.0,0.0,180.0,"left,right"
Recorder 6 1704 to 2804,04-26-2026,19:12:03,1.92442W,50.93977N,100%,18C,30%,6_20260426_191203.wav,AGC,48kHz,stereo,Part2,6_20260426_191203.wav,1794.0,1797.0,1796.1725416666666,1795.9225416666666,1796.4225416666666,0.01953125,0.9375,2.559764521436577,177.4402354785634,"left,right"
Recorder 6 1704 to 2804,04-27-2026,06:39:02,1.92442W,50.93977N,100%,11C,66%,6_20260427_063902.wav,AGC,48kHz,stereo,Part1,6_20260427_063902.wav,828.0,831.0,830.5849583333334,830.3349583333334,830.8349583333334,0.0,0.0,0.0,180.0,"left,right"
Recorder 6 1704 to 2804,04-27-2026,06:39:02,1.92442W,50.93977N,100%,11C,66%,6_20260427_063902.wav,AGC,48kHz,stereo,Part1,6_20260427_063902.wav,1473.0,1476.0,1475.363,1475.113,1475.613,0.020833333333333332,1.0,2.730540749448636,177.26945925055136,"left,right"
Recorder 6 1704 to 2804,04-27-2026,06:39:02,1.92442W,50.93977N,100%,11C,66%,6_20260427_063902.wav,AGC,48kHz,stereo,Part1,6_20260427_063902.wav,1554.0,1557.0,1555.4480416666668,1555.1980416666668,1555.6980416666668,0.0,0.0,0.0,180.0,"left,right"
Recorder 6 1704 to 2804,04-27-2026,06:39:02,1.92442W,50.93977N,100%,11C,66%,6_20260427_063902.wav,AGC,48kHz,stereo,Part1,6_20260427_063902.wav,1773.0,1776.0,1774.5682708333334,1774.3182708333334,1774.8182708333334,-0.018229166666666668,-0.8750000000000001,357.6109889533793,182.38901104662065,"left,right"
Recorder 6 1704 to 2804,04-27-2026,07:09:03,1.92442W,50.93977N,100%,11C,66%,6_20260427_070903.wav,AGC,48kHz,stereo,Part2,6_20260427_070903.wav,48.0,51.0,49.45602083333333,49.20602083333333,49.70602083333333,-0.01953125,-0.9375,357.4402354785634,182.5597645214366,"left,right"
Recorder 6 1704 to 2804,04-27-2026,07:09:03,1.92442W,50.93977N,100%,11C,66%,6_20260427_070903.wav,AGC,48kHz,stereo,Part2,6_20260427_070903.wav,231.0,234.0,232.61197916666666,232.36197916666666,232.86197916666666,-0.22786458333333334,-10.9375,328.5972668838209,211.4027331161791,"left,right"
Recorder 6 1704 to 2804,04-27-2026,07:09:03,1.92442W,50.93977N,100%,11C,66%,6_20260427_070903.wav,AGC,48kHz,stereo,Part2,6_20260427_070903.wav,375.0,378.0,375.13604166666664,375.0,375.38604166666664,0.0,0.0,0.0,180.0,"left,right"
Recorder 6 1704 to 2804,04-27-2026,07:09:03,1.92442W,50.93977N,100%,11C,66%,6_20260427_070903.wav,AGC,48kHz,stereo,Part2,6_20260427_070903.wav,552.0,555.0,553.1414375,552.8914375,553.3914375,0.0,0.0,0.0,180.0,"left,right"
Recorder 6 1704 to 2804,04-27-2026,07:09:03,1.92442W,50.93977N,100%,11C,66%,6_20260427_070903.wav,AGC,48kHz,stereo,Part2,6_20260427_070903.wav,660.0,663.0,662.9716666666667,662.7216666666667,663.0,0.0013020833333333333,0.0625,0.1705944566832045,179.8294055433168,"left,right"
Recorder 6 1704 to 2804,04-27-2026,07:09:03,1.92442W,50.93977N,100%,11C,66%,6_20260427_070903.wav,AGC,48kHz,stereo,Part2,6_20260427_070903.wav,663.0,666.0,663.3101041666666,663.0601041666666,663.5601041666666,0.0013020833333333333,0.0625,0.1705944566832045,179.8294055433168,"left,right"
Recorder 6 1704 to 2804,04-27-2026,07:09:03,1.92442W,50.93977N,100%,11C,66%,6_20260427_070903.wav,AGC,48kHz,stereo,Part2,6_20260427_070903.wav,975.0,978.0,975.2997916666667,975.0497916666667,975.5497916666667,0.020833333333333332,1.0,2.730540749448636,177.26945925055136,"left,right"
Recorder 6 1704 to 2804,04-27-2026,07:09:03,1.92442W,50.93977N,100%,11C,66%,6_20260427_070903.wav,AGC,48kHz,stereo,Part2,6_20260427_070903.wav,1719.0,1722.0,1720.2347708333334,1719.9847708333334,1720.4847708333334,-0.0013020833333333333,-0.0625,359.8294055433168,180.1705944566832,"left,right"
Recorder 6 1704 to 2804,04-27-2026,18:42:02,1.92442W,50.93977N,100%,19C,43%,6_20260427_184202.wav,AGC,48kHz,stereo,Part1,6_20260427_184202.wav,78.0,81.0,78.9593125,78.7093125,79.2093125,0.0,0.0,0.0,180.0,"left,right"
Recorder 6 1704 to 2804,04-27-2026,19:12:03,1.92442W,50.93977N,100%,19C,43%,6_20260427_191203.wav,AGC,48kHz,stereo,Part2,6_20260427_191203.wav,951.0,954.0,951.809375,951.559375,952.059375,-0.0013020833333333333,-0.0625,359.8294055433168,180.1705944566832,"left,right"
Recorder 6 1704 to 2804,04-27-2026,19:12:03,1.92442W,50.93977N,100%,19C,43%,6_20260427_191203.wav,AGC,48kHz,stereo,Part2,6_20260427_191203.wav,1047.0,1050.0,1049.6666875,1049.4166875,1049.9166875,0.020833333333333332,1.0,2.730540749448636,177.26945925055136,"left,right"
Recorder 6 1704 to 2804,04-27-2026,19:12:03,1.92442W,50.93977N,100%,19C,43%,6_20260427_191203.wav,AGC,48kHz,stereo,Part2,6_20260427_191203.wav,1158.0,1161.0,1160.99,1160.74,1161.0,0.0,0.0,0.0,180.0,"left,right"
Recorder 6 1704 to 2804,04-27-2026,19:12:03,1.92442W,50.93977N,100%,19C,43%,6_20260427_191203.wav,AGC,48kHz,stereo,Part2,6_20260427_191203.wav,1305.0,1308.0,1307.934,1307.684,1308.0,-0.01953125,-0.9375,357.4402354785634,182.5597645214366,"left,right"
Recorder 6 1704 to 2804,04-27-2026,19:12:03,1.92442W,50.93977N,100%,19C,43%,6_20260427_191203.wav,AGC,48kHz,stereo,Part2,6_20260427_191203.wav,1308.0,1311.0,1308.3762291666667,1308.1262291666667,1308.6262291666667,0.0013020833333333333,0.0625,0.1705944566832045,179.8294055433168,"left,right"
Recorder 6 1704 to 2804,04-27-2026,19:12:03,1.92442W,50.93977N,100%,19C,43%,6_20260427_191203.wav,AGC,48kHz,stereo,Part2,6_20260427_191203.wav,1443.0,1446.0,1445.6012291666666,1445.3512291666666,1445.8512291666666,0.0,0.0,0.0,180.0,"left,right"
Recorder 6 1704 to 2804,04-27-2026,19:12:03,1.92442W,50.93977N,100%,19C,43%,6_20260427_191203.wav,AGC,48kHz,stereo,Part2,6_20260427_191203.wav,1446.0,1449.0,1446.0518333333334,1446.0,1446.3018333333334,0.0013020833333333333,0.0625,0.1705944566832045,179.8294055433168,"left,right"
Recorder 6 1704 to 2804,04-27-2026,19:12:03,1.92442W,50.93977N,100%,19C,43%,6_20260427_191203.wav,AGC,48kHz,stereo,Part2,6_20260427_191203.wav,1725.0,1728.0,1725.2204375,1725.0,1725.4704375,0.0,0.0,0.0,180.0,"left,right"
Recorder 6 1704 to 2804,04-28-2026,06:39:02,1.92442W,50.93977N,100%,8C,86%,6_20260428_063902.wav,AGC,48kHz,stereo,Part1,6_20260428_063902.wav,105.0,108.0,105.13745833333333,105.0,105.38745833333333,0.0,0.0,0.0,180.0,"left,right"
Recorder 6 1704 to 2804,04-28-2026,06:39:02,1.92442W,50.93977N,100%,8C,86%,6_20260428_063902.wav,AGC,48kHz,stereo,Part1,6_20260428_063902.wav,261.0,264.0,261.38716666666664,261.13716666666664,261.63716666666664,-0.0013020833333333333,-0.0625,359.8294055433168,180.1705944566832,"left,right"
Recorder 6 1704 to 2804,04-28-2026,06:39:02,1.92442W,50.93977N,100%,8C,86%,6_20260428_063902.wav,AGC,48kHz,stereo,Part1,6_20260428_063902.wav,399.0,402.0,399.5311458333333,399.2811458333333,399.7811458333333,0.0,0.0,0.0,180.0,"left,right"
Recorder 6 1704 to 2804,04-28-2026,06:39:02,1.92442W,50.93977N,100%,8C,86%,6_20260428_063902.wav,AGC,48kHz,stereo,Part1,6_20260428_063902.wav,501.0,504.0,501.6638125,501.4138125,501.9138125,-0.01953125,-0.9375,357.4402354785634,182.5597645214366,"left,right"
Recorder 6 1704 to 2804,04-28-2026,06:39:02,1.92442W,50.93977N,100%,8C,86%,6_20260428_063902.wav,AGC,48kHz,stereo,Part1,6_20260428_063902.wav,615.0,618.0,617.678375,617.428375,617.928375,0.0,0.0,0.0,180.0,"left,right"
Recorder 6 1704 to 2804,04-28-2026,06:39:02,1.92442W,50.93977N,100%,8C,86%,6_20260428_063902.wav,AGC,48kHz,stereo,Part1,6_20260428_063902.wav,618.0,621.0,618.1482916666666,618.0,618.3982916666666,-0.020833333333333332,-1.0,357.26945925055134,182.73054074944866,"left,right"
Recorder 6 1704 to 2804,04-28-2026,06:39:02,1.92442W,50.93977N,100%,8C,86%,6_20260428_063902.wav,AGC,48kHz,stereo,Part1,6_20260428_063902.wav,765.0,768.0,766.250875,766.000875,766.500875,0.3333333333333333,16.0,49.660497687570675,130.33950231242932,"left,right"
Recorder 6 1704 to 2804,04-28-2026,06:39:02,1.92442W,50.93977N,100%,8C,86%,6_20260428_063902.wav,AGC,48kHz,stereo,Part1,6_20260428_063902.wav,855.0,858.0,856.7034375,856.4534375,856.9534375,0.0,0.0,0.0,180.0,"left,right"
Recorder 6 1704 to 2804,04-28-2026,06:39:02,1.92442W,50.93977N,100%,8C,86%,6_20260428_063902.wav,AGC,48kHz,stereo,Part1,6_20260428_063902.wav,984.0,987.0,984.5943125,984.3443125,984.8443125,-0.01953125,-0.9375,357.4402354785634,182.5597645214366,"left,right"
Recorder 6 1704 to 2804,04-28-2026,06:39:02,1.92442W,50.93977N,100%,8C,86%,6_20260428_063902.wav,AGC,48kHz,stereo,Part1,6_20260428_063902.wav,1089.0,1092.0,1091.534875,1091.284875,1091.784875,0.0,0.0,0.0,180.0,"left,right"
Recorder 6 1704 to 2804,04-28-2026,06:39:02,1.92442W,50.93977N,100%,8C,86%,6_20260428_063902.wav,AGC,48kHz,stereo,Part1,6_20260428_063902.wav,1092.0,1095.0,1092.0100416666667,1092.0,1092.2600416666667,0.020833333333333332,1.0,2.730540749448636,177.26945925055136,"left,right"
Recorder 6 1704 to 2804,04-28-2026,06:39:02,1.92442W,50.93977N,100%,8C,86%,6_20260428_063902.wav,AGC,48kHz,stereo,Part1,6_20260428_063902.wav,1227.0,1230.0,1229.3370416666667,1229.0870416666667,1229.5870416666667,0.0,0.0,0.0,180.0,"left,right"
Recorder 6 1704 to 2804,04-28-2026,06:39:02,1.92442W,50.93977N,100%,8C,86%,6_20260428_063902.wav,AGC,48kHz,stereo,Part1,6_20260428_063902.wav,1323.0,1326.0,1323.5307291666666,1323.2807291666666,1323.7807291666666,-0.0013020833333333333,-0.0625,359.8294055433168,180.1705944566832,"left,right"
Recorder 6 1704 to 2804,04-28-2026,06:39:02,1.92442W,50.93977N,100%,8C,86%,6_20260428_063902.wav,AGC,48kHz,stereo,Part1,6_20260428_063902.wav,1434.0,1437.0,1436.0142291666666,1435.7642291666666,1436.2642291666666,0.0,0.0,0.0,180.0,"left,right"
Recorder 6 1704 to 2804,04-28-2026,06:39:02,1.92442W,50.93977N,100%,8C,86%,6_20260428_063902.wav,AGC,48kHz,stereo,Part1,6_20260428_063902.wav,1590.0,1593.0,1592.1530416666667,1591.9030416666667,1592.4030416666667,-0.0013020833333333333,-0.0625,359.8294055433168,180.1705944566832,"left,right"
Recorder 6 1704 to 2804,04-28-2026,06:39:02,1.92442W,50.93977N,100%,8C,86%,6_20260428_063902.wav,AGC,48kHz,stereo,Part1,6_20260428_063902.wav,1686.0,1689.0,1687.9901666666667,1687.7401666666667,1688.2401666666667,0.0,0.0,0.0,180.0,"left,right"
Recorder 6 1704 to 2804,04-28-2026,07:09:03,1.92442W,50.93977N,100%,8C,86%,6_20260428_070903.wav,AGC,48kHz,stereo,Part2,6_20260428_070903.wav,9.0,12.0,11.4509375,11.2009375,11.7009375,0.020833333333333332,1.0,2.730540749448636,177.26945925055136,"left,right"
Recorder 6 1704 to 2804,04-28-2026,07:09:03,1.92442W,50.93977N,100%,8C,86%,6_20260428_070903.wav,AGC,48kHz,stereo,Part2,6_20260428_070903.wav,141.0,144.0,141.544125,141.294125,141.794125,0.0,0.0,0.0,180.0,"left,right"
Recorder 6 1704 to 2804,04-28-2026,07:09:03,1.92442W,50.93977N,100%,8C,86%,6_20260428_070903.wav,AGC,48kHz,stereo,Part2,6_20260428_070903.wav,273.0,276.0,273.46495833333336,273.21495833333336,273.71495833333336,0.022135416666666668,1.0625,2.9013412575649227,177.09865874243508,"left,right"
Recorder 6 1704 to 2804,04-28-2026,07:09:03,1.92442W,50.93977N,100%,8C,86%,6_20260428_070903.wav,AGC,48kHz,stereo,Part2,6_20260428_070903.wav,402.0,405.0,402.65527083333336,402.40527083333336,402.90527083333336,0.0,0.0,0.0,180.0,"left,right"
Recorder 6 1704 to 2804,04-28-2026,07:09:03,1.92442W,50.93977N,100%,8C,86%,6_20260428_070903.wav,AGC,48kHz,stereo,Part2,6_20260428_070903.wav,513.0,516.0,515.2825625,515.0325625,515.5325625,0.018229166666666668,0.8750000000000001,2.389011046620638,177.61098895337938,"left,right"
Recorder 6 1704 to 2804,04-28-2026,07:09:03,1.92442W,50.93977N,100%,8C,86%,6_20260428_070903.wav,AGC,48kHz,stereo,Part2,6_20260428_070903.wav,534.0,537.0,535.8410625,535.5910625,536.0910625,0.0013020833333333333,0.0625,0.1705944566832045,179.8294055433168,"left,right"
Recorder 6 1704 to 2804,04-28-2026,07:09:03,1.92442W,50.93977N,100%,8C,86%,6_20260428_070903.wav,AGC,48kHz,stereo,Part2,6_20260428_070903.wav,678.0,681.0,679.9005208333333,679.6505208333333,680.1505208333333,0.0,0.0,0.0,180.0,"left,right"
Recorder 6 1704 to 2804,04-28-2026,07:09:03,1.92442W,50.93977N,100%,8C,86%,6_20260428_070903.wav,AGC,48kHz,stereo,Part2,6_20260428_070903.wav,795.0,798.0,797.0375625,796.7875625,797.2875625,-0.01953125,-0.9375,357.4402354785634,182.5597645214366,"left,right"
Recorder 6 1704 to 2804,04-28-2026,07:09:03,1.92442W,50.93977N,100%,8C,86%,6_20260428_070903.wav,AGC,48kHz,stereo,Part2,6_20260428_070903.wav,861.0,864.0,862.111125,861.861125,862.361125,0.01953125,0.9375,2.559764521436577,177.4402354785634,"left,right"
Recorder 6 1704 to 2804,04-28-2026,07:09:03,1.92442W,50.93977N,100%,8C,86%,6_20260428_070903.wav,AGC,48kHz,stereo,Part2,6_20260428_070903.wav,900.0,903.0,902.5231041666667,902.2731041666667,902.7731041666667,0.0,0.0,0.0,180.0,"left,right"
Recorder 6 1704 to 2804,04-28-2026,07:09:03,1.92442W,50.93977N,100%,8C,86%,6_20260428_070903.wav,AGC,48kHz,stereo,Part2,6_20260428_070903.wav,1632.0,1635.0,1632.0100208333333,1632.0,1632.2600208333333,0.022135416666666668,1.0625,2.9013412575649227,177.09865874243508,"left,right"
Recorder 6 1704 to 2804,04-28-2026,18:42:02,1.92442W,50.93977N,100%,14C,55%,6_20260428_184202.wav,AGC,48kHz,stereo,Part1,6_20260428_184202.wav,795.0,798.0,796.6252291666667,796.3752291666667,796.8752291666667,0.01953125,0.9375,2.559764521436577,177.4402354785634,"left,right"
Recorder 6 1704 to 2804,04-28-2026,18:42:02,1.92442W,50.93977N,100%,14C,55%,6_20260428_184202.wav,AGC,48kHz,stereo,Part1,6_20260428_184202.wav,1083.0,1086.0,1084.3428541666667,1084.0928541666667,1084.5928541666667,0.0,0.0,0.0,180.0,"left,right"
Recorder 6 1704 to 2804,04-28-2026,19:12:03,1.92442W,50.93977N,100%,14C,55%,6_20260428_191203.wav,AGC,48kHz,stereo,Part2,6_20260428_191203.wav,465.0,468.0,465.7192083333333,465.4692083333333,465.9692083333333,0.0,0.0,0.0,180.0,"left,right"
