recorder_folder,DATE,TIME,LON,LAT,BAT,TEMP,HUMI,FILE,GAIN,SAMPLE RATE,CHANNEL,NOTE,wav_file,birdnet_start_s,birdnet_end_s,peak_time_s,gcc_start_s,gcc_end_s,tdoa_ms,lag_samples,bearing_1_deg,bearing_2_deg,detected_by
Recorder 1 - 1004 to 1704,04-10-2026,18:42:02,1.91770W,50.94274N,100%,9C,62%,1_20260410_184202.wav,AGC,48kHz,stereo,Part1,1_20260410_184202.wav,279.0,282.0,280.78602083333334,280.53602083333334,281.03602083333334,-0.0013020833333333333,-0.0625,359.8294055433168,180.1705944566832,"left,right"
Recorder 1 - 1004 to 1704,04-10-2026,18:42:02,1.91770W,50.94274N,100%,9C,62%,1_20260410_184202.wav,AGC,48kHz,stereo,Part1,1_20260410_184202.wav,372.0,375.0,374.6958333333333,374.4458333333333,374.9458333333333,0.0,0.0,0.0,180.0,"left,right"
Recorder 1 - 1004 to 1704,04-10-2026,18:42:02,1.91770W,50.94274N,100%,9C,62%,1_20260410_184202.wav,AGC,48kHz,stereo,Part1,1_20260410_184202.wav,1041.0,1044.0,1042.3803541666666,1042.1303541666666,1042.6303541666666,0.01953125,0.9375,2.559764521436577,177.4402354785634,"left,right"
Recorder 1 - 1004 to 1704,04-10-2026,18:42:02,1.91770W,50.94274N,100%,9C,62%,1_20260410_184202.wav,AGC,48kHz,stereo,Part1,1_20260410_184202.wav,1683.0,1686.0,1685.1184166666667,1684.8684166666667,1685.3684166666667,0.0,0.0,0.0,180.0,"left,right"
Recorder 1 - 1004 to 1704,04-10-2026,19:12:03,1.91770W,50.94274N,100%,9C,62%,1_20260410_191203.wav,AGC,48kHz,stereo,Part2,1_20260410_191203.wav,6.0,9.0,8.182,7.932,8.432,0.0,0.0,0.0,180.0,"left,right"
Recorder 1 - 1004 to 1704,04-11-2026,07:09:03,1.91772W,50.94279N,100%,8C,95%,1_20260411_070903.wav,AGC,48kHz,stereo,Part2,1_20260411_070903.wav,831.0,834.0,832.1568541666667,831.9068541666667,832.4068541666667,0.0,0.0,0.0,180.0,"left,right"
Recorder 1 - 1004 to 1704,04-12-2026,07:09:03,1.91772W,50.94279N,100%,5C,88%,1_20260412_070903.wav,AGC,48kHz,stereo,Part2,1_20260412_070903.wav,1590.0,1593.0,1590.6961666666666,1590.4461666666666,1590.9461666666666,0.022135416666666668,1.0625,2.9013412575649227,177.09865874243508,"left,right"
Recorder 1 - 1004 to 1704,04-12-2026,18:42:02,1.91772W,50.94279N,100%,15C,47%,1_20260412_184202.wav,AGC,48kHz,stereo,Part1,1_20260412_184202.wav,132.0,135.0,134.4515,134.2015,134.7015,-0.018229166666666668,-0.8750000000000001,357.6109889533793,182.38901104662065,"left,right"
Recorder 1 - 1004 to 1704,04-12-2026,18:42:02,1.91772W,50.94279N,100%,15C,47%,1_20260412_184202.wav,AGC,48kHz,stereo,Part1,1_20260412_184202.wav,468.0,471.0,468.54129166666667,468.29129166666667,468.79129166666667,0.0,0.0,0.0,180.0,"left,right"
Recorder 1 - 1004 to 1704,04-12-2026,18:42:02,1.91772W,50.94279N,100%,15C,47%,1_20260412_184202.wav,AGC,48kHz,stereo,Part1,1_20260412_184202.wav,666.0,669.0,667.7892916666667,667.5392916666667,668.0392916666667,0.0,0.0,0.0,180.0,"left,right"
Recorder 1 - 1004 to 1704,04-12-2026,18:42:02,1.91772W,50.94279N,100%,15C,47%,1_20260412_184202.wav,AGC,48kHz,stereo,Part1,1_20260412_184202.wav,1086.0,1089.0,1088.0075,1087.7575,1088.2575,0.0,0.0,0.0,180.0,"left,right"
Recorder 1 - 1004 to 1704,04-12-2026,18:42:02,1.91772W,50.94279N,100%,15C,47%,1_20260412_184202.wav,AGC,48kHz,stereo,Part1,1_20260412_184202.wav,1260.0,1263.0,1262.5564166666666,1262.3064166666666,1262.8064166666666,-0.01953125,-0.9375,357.4402354785634,182.5597645214366,"left,right"
Recorder 1 - 1004 to 1704,04-12-2026,18:42:02,1.91772W,50.94279N,100%,15C,47%,1_20260412_184202.wav,AGC,48kHz,stereo,Part1,1_20260412_184202.wav,1407.0,1410.0,1409.4578958333334,1409.2078958333334,1409.7078958333334,0.0,0.0,0.0,180.0,"left,right"
Recorder 1 - 1004 to 1704,04-12-2026,18:42:02,1.91772W,50.94279N,100%,15C,47%,1_20260412_184202.wav,AGC,48kHz,stereo,Part1,1_20260412_184202.wav,1452.0,1455.0,1454.0008541666666,1453.7508541666666,1454.2508541666666,0.0013020833333333333,0.0625,0.1705944566832045,179.8294055433168,"left,right"
Recorder 1 - 1004 to 1704,04-12-2026,18:42:02,1.91772W,50.94279N,100%,15C,47%,1_20260412_184202.wav,AGC,48kHz,stereo,Part1,1_20260412_184202.wav,1569.0,1572.0,1571.90675,1571.65675,1572.0,0.01953125,0.9375,2.559764521436577,177.4402354785634,"left,right"
Recorder 1 - 1004 to 1704,04-12-2026,18:42:02,1.91772W,50.94279N,100%,15C,47%,1_20260412_184202.wav,AGC,48kHz,stereo,Part1,1_20260412_184202.wav,1722.0,1725.0,1724.2762083333334,1724.0262083333334,1724.5262083333334,0.0,0.0,0.0,180.0,"left,right"
Recorder 1 - 1004 to 1704,04-12-2026,18:42:02,1.91772W,50.94279N,100%,15C,47%,1_20260412_184202.wav,AGC,48kHz,stereo,Part1,1_20260412_184202.wav,1749.0,1752.0,1749.9705625,1749.7205625,1750.2205625,0.01953125,0.9375,2.559764521436577,177.4402354785634,"left,right"
Recorder 1 - 1004 to 1704,04-12-2026,18:42:02,1.91772W,50.94279N,100%,15C,47%,1_20260412_184202.wav,AGC,48kHz,stereo,Part1,1_20260412_184202.wav,1797.0,1800.0,1799.9456458333334,1799.6956458333334,1800.0,0.0013020833333333333,0.0625,0.1705944566832045,179.8294055433168,"left,right"
Recorder 1 - 1004 to 1704,04-12-2026,19:12:03,1.91772W,50.94279N,100%,15C,47%,1_20260412_191203.wav,AGC,48kHz,stereo,Part2,1_20260412_191203.wav,0.0,3.0,0.18733333333333332,0.0,0.43733333333333335,-0.0013020833333333333,-0.0625,359.8294055433168,180.1705944566832,"left,right"
Recorder 1 - 1004 to 1704,04-12-2026,19:12:03,1.91772W,50.94279N,100%,15C,47%,1_20260412_191203.wav,AGC,48kHz,stereo,Part2,1_20260412_191203.wav,51.0,54.0,52.495270833333336,52.245270833333336,52.745270833333336,-0.022135416666666668,-1.0625,357.0986587424351,182.90134125756492,"left,right"
Recorder 1 - 1004 to 1704,04-12-2026,19:12:03,1.91772W,50.94279N,100%,15C,47%,1_20260412_191203.wav,AGC,48kHz,stereo,Part2,1_20260412_191203.wav,108.0,111.0,109.91029166666667,109.66029166666667,110.16029166666667,-0.0013020833333333333,-0.0625,359.8294055433168,180.1705944566832,"left,right"
Recorder 1 - 1004 to 1704,04-12-2026,19:12:03,1.91772W,50.94279N,100%,15C,47%,1_20260412_191203.wav,AGC,48kHz,stereo,Part2,1_20260412_191203.wav,162.0,165.0,163.064,162.814,163.314,0.0013020833333333333,0.0625,0.1705944566832045,179.8294055433168,"left,right"
Recorder 1 - 1004 to 1704,04-12-2026,19:12:03,1.91772W,50.94279N,100%,15C,47%,1_20260412_191203.wav,AGC,48kHz,stereo,Part2,1_20260412_191203.wav,213.0,216.0,214.54816666666667,214.29816666666667,214.79816666666667,0.0013020833333333333,0.0625,0.1705944566832045,179.8294055433168,"left,right"
Recorder 1 - 1004 to 1704,04-12-2026,19:12:03,1.91772W,50.94279N,100%,15C,47%,1_20260412_191203.wav,AGC,48kHz,stereo,Part2,1_20260412_191203.wav,303.0,306.0,305.6835,305.4335,305.9335,0.0,0.0,0.0,180.0,"left,right"
Recorder 1 - 1004 to 1704,04-12-2026,19:12:03,1.91772W,50.94279N,100%,15C,47%,1_20260412_191203.wav,AGC,48kHz,stereo,Part2,1_20260412_191203.wav,351.0,354.0,353.0314375,352.7814375,353.2814375,0.0,0.0,0.0,180.0,"left,right"
Recorder 1 - 1004 to 1704,04-12-2026,19:12:03,1.91772W,50.94279N,100%,15C,47%,1_20260412_191203.wav,AGC,48kHz,stereo,Part2,1_20260412_191203.wav,438.0,441.0,439.549,439.299,439.799,0.0,0.0,0.0,180.0,"left,right"
Recorder 1 - 1004 to 1704,04-12-2026,19:12:03,1.91772W,50.94279N,100%,15C,47%,1_20260412_191203.wav,AGC,48kHz,stereo,Part2,1_20260412_191203.wav,480.0,483.0,480.1878541666667,480.0,480.4378541666667,0.0,0.0,0.0,180.0,"left,right"
Recorder 1 - 1004 to 1704,04-12-2026,19:12:03,1.91772W,50.94279N,100%,15C,47%,1_20260412_191203.wav,AGC,48kHz,stereo,Part2,1_20260412_191203.wav,483.0,486.0,483.90947916666664,483.65947916666664,484.15947916666664,0.0,0.0,0.0,180.0,"left,right"
Recorder 1 - 1004 to 1704,04-12-2026,19:12:03,1.91772W,50.94279N,100%,15C,47%,1_20260412_191203.wav,AGC,48kHz,stereo,Part2,1_20260412_191203.wav,582.0,585.0,583.6366875,583.3866875,583.8866875,0.0,0.0,0.0,180.0,"left,right"
Recorder 1 - 1004 to 1704,04-12-2026,19:12:03,1.91772W,50.94279N,100%,15C,47%,1_20260412_191203.wav,AGC,48kHz,stereo,Part2,1_20260412_191203.wav,675.0,678.0,677.4675,677.2175,677.7175,0.020833333333333332,1.0,2.730540749448636,177.26945925055136,"left,right"
Recorder 1 - 1004 to 1704,04-12-2026,19:12:03,1.91772W,50.94279N,100%,15C,47%,1_20260412_191203.wav,AGC,48kHz,stereo,Part2,1_20260412_191203.wav,771.0,774.0,773.0920208333333,772.8420208333333,773.3420208333333,0.0,0.0,0.0,180.0,"left,right"
Recorder 1 - 1004 to 1704,04-12-2026,19:12:03,1.91772W,50.94279N,100%,15C,47%,1_20260412_191203.wav,AGC,48kHz,stereo,Part2,1_20260412_191203.wav,843.0,846.0,843.4177291666666,843.1677291666666,843.6677291666666,0.0,0.0,0.0,180.0,"left,right"
Recorder 1 - 1004 to 1704,04-12-2026,19:12:03,1.91772W,50.94279N,100%,15C,47%,1_20260412_191203.wav,AGC,48kHz,stereo,Part2,1_20260412_191203.wav,930.0,933.0,930.96475,930.71475,931.21475,0.0,0.0,0.0,180.0,"left,right"
Recorder 1 - 1004 to 1704,04-12-2026,19:12:03,1.91772W,50.94279N,100%,15C,47%,1_20260412_191203.wav,AGC,48kHz,stereo,Part2,1_20260412_191203.wav,1041.0,1044.0,1042.2004375,1041.9504375,1042.4504375,0.01953125,0.9375,2.559764521436577,177.4402354785634,"left,right"
Recorder 1 - 1004 to 1704,04-12-2026,19:12:03,1.91772W,50.94279N,100%,15C,47%,1_20260412_191203.wav,AGC,48kHz,stereo,Part2,1_20260412_191203.wav,1101.0,1104.0,1101.5760416666667,1101.3260416666667,1101.8260416666667,0.0013020833333333333,0.0625,0.1705944566832045,179.8294055433168,"left,right"
Recorder 1 - 1004 to 1704,04-12-2026,19:12:03,1.91772W,50.94279N,100%,15C,47%,1_20260412_191203.wav,AGC,48kHz,stereo,Part2,1_20260412_191203.wav,1164.0,1167.0,1166.8056458333333,1166.5556458333333,1167.0,0.0026041666666666665,0.125,0.34119042573000513,179.65880957426998,"left,right"
Recorder 1 - 1004 to 1704,04-12-2026,19:12:03,1.91772W,50.94279N,100%,15C,47%,1_20260412_191203.wav,AGC,48kHz,stereo,Part2,1_20260412_191203.wav,1254.0,1257.0,1254.7235833333334,1254.4735833333334,1254.9735833333334,-0.020833333333333332,-1.0,357.26945925055134,182.73054074944866,"left,right"
Recorder 1 - 1004 to 1704,04-12-2026,19:12:03,1.91772W,50.94279N,100%,15C,47%,1_20260412_191203.wav,AGC,48kHz,stereo,Part2,1_20260412_191203.wav,1332.0,1335.0,1334.6339375,1334.3839375,1334.8839375,0.4140625,19.875,71.23089896104412,108.76910103895588,"left,right"
Recorder 1 - 1004 to 1704,04-12-2026,19:12:03,1.91772W,50.94279N,100%,15C,47%,1_20260412_191203.wav,AGC,48kHz,stereo,Part2,1_20260412_191203.wav,1386.0,1389.0,1388.94825,1388.69825,1389.0,0.020833333333333332,1.0,2.730540749448636,177.26945925055136,"left,right"
Recorder 1 - 1004 to 1704,04-12-2026,19:12:03,1.91772W,50.94279N,100%,15C,47%,1_20260412_191203.wav,AGC,48kHz,stereo,Part2,1_20260412_191203.wav,1389.0,1392.0,1389.1467083333334,1389.0,1389.3967083333334,0.01953125,0.9375,2.559764521436577,177.4402354785634,"left,right"
Recorder 1 - 1004 to 1704,04-12-2026,19:12:03,1.91772W,50.94279N,100%,15C,47%,1_20260412_191203.wav,AGC,48kHz,stereo,Part2,1_20260412_191203.wav,1464.0,1467.0,1464.4500416666667,1464.2000416666667,1464.7000416666667,-0.0013020833333333333,-0.0625,359.8294055433168,180.1705944566832,"left,right"
Recorder 1 - 1004 to 1704,04-12-2026,19:12:03,1.91772W,50.94279N,100%,15C,47%,1_20260412_191203.wav,AGC,48kHz,stereo,Part2,1_20260412_191203.wav,1536.0,1539.0,1536.01,1536.0,1536.26,0.0,0.0,0.0,180.0,"left,right"
Recorder 1 - 1004 to 1704,04-12-2026,19:12:03,1.91772W,50.94279N,100%,15C,47%,1_20260412_191203.wav,AGC,48kHz,stereo,Part2,1_20260412_191203.wav,1596.0,1599.0,1596.1257291666666,1596.0,1596.3757291666666,0.0,0.0,0.0,180.0,"left,right"
Recorder 1 - 1004 to 1704,04-12-2026,19:12:03,1.91772W,50.94279N,100%,15C,47%,1_20260412_191203.wav,AGC,48kHz,stereo,Part2,1_20260412_191203.wav,1716.0,1719.0,1718.5459375,1718.2959375,1718.7959375,0.0,0.0,0.0,180.0,"left,right"
Recorder 1 - 1004 to 1704,04-13-2026,06:39:02,1.91772W,50.94279N,100%,2C,99%,1_20260413_063902.wav,AGC,48kHz,stereo,Part1,1_20260413_063902.wav,69.0,72.0,71.19333333333333,70.94333333333333,71.44333333333333,0.0,0.0,0.0,180.0,"left,right"
Recorder 1 - 1004 to 1704,04-13-2026,06:39:02,1.91772W,50.94279N,100%,2C,99%,1_20260413_063902.wav,AGC,48kHz,stereo,Part1,1_20260413_063902.wav,189.0,192.0,190.50233333333333,190.25233333333333,190.75233333333333,-0.01953125,-0.9375,357.4402354785634,182.5597645214366,"left,right"
Recorder 1 - 1004 to 1704,04-13-2026,06:39:02,1.91772W,50.94279N,100%,2C,99%,1_20260413_063902.wav,AGC,48kHz,stereo,Part1,1_20260413_063902.wav,294.0,297.0,295.73195833333335,295.48195833333335,295.98195833333335,-0.0013020833333333333,-0.0625,359.8294055433168,180.1705944566832,"left,right"
Recorder 1 - 1004 to 1704,04-13-2026,06:39:02,1.91772W,50.94279N,100%,2C,99%,1_20260413_063902.wav,AGC,48kHz,stereo,Part1,1_20260413_063902.wav,396.0,399.0,396.29991666666666,396.04991666666666,396.54991666666666,0.0013020833333333333,0.0625,0.1705944566832045,179.8294055433168,"left,right"
Recorder 1 - 1004 to 1704,04-13-2026,06:39:02,1.91772W,50.94279N,100%,2C,99%,1_20260413_063902.wav,AGC,48kHz,stereo,Part1,1_20260413_063902.wav,510.0,513.0,511.85010416666665,511.60010416666665,512.1001041666667,0.0013020833333333333,0.0625,0.1705944566832045,179.8294055433168,"left,right"
Recorder 1 - 1004 to 1704,04-13-2026,06:39:02,1.91772W,50.94279N,100%,2C,99%,1_20260413_063902.wav,AGC,48kHz,stereo,Part1,1_20260413_063902.wav,645.0,648.0,647.568875,647.318875,647.818875,0.0013020833333333333,0.0625,0.1705944566832045,179.8294055433168,"left,right"
Recorder 1 - 1004 to 1704,04-13-2026,06:39:02,1.91772W,50.94279N,100%,2C,99%,1_20260413_063902.wav,AGC,48kHz,stereo,Part1,1_20260413_063902.wav,1206.0,1209.0,1208.3167708333333,1208.0667708333333,1208.5667708333333,-0.0013020833333333333,-0.0625,359.8294055433168,180.1705944566832,"left,right"
Recorder 1 - 1004 to 1704,04-13-2026,06:39:02,1.91772W,50.94279N,100%,2C,99%,1_20260413_063902.wav,AGC,48kHz,stereo,Part1,1_20260413_063902.wav,1329.0,1332.0,1329.4997916666666,1329.2497916666666,1329.7497916666666,0.0013020833333333333,0.0625,0.1705944566832045,179.8294055433168,"left,right"
Recorder 1 - 1004 to 1704,04-13-2026,06:39:02,1.91772W,50.94279N,100%,2C,99%,1_20260413_063902.wav,AGC,48kHz,stereo,Part1,1_20260413_063902.wav,1419.0,1422.0,1420.6672291666666,1420.4172291666666,1420.9172291666666,-0.0013020833333333333,-0.0625,359.8294055433168,180.1705944566832,"left,right"
Recorder 1 - 1004 to 1704,04-13-2026,06:39:02,1.91772W,50.94279N,100%,2C,99%,1_20260413_063902.wav,AGC,48kHz,stereo,Part1,1_20260413_063902.wav,1569.0,1572.0,1571.3964583333334,1571.1464583333334,1571.6464583333334,-0.0013020833333333333,-0.0625,359.8294055433168,180.1705944566832,"left,right"
Recorder 1 - 1004 to 1704,04-13-2026,06:39:02,1.91772W,50.94279N,100%,2C,99%,1_20260413_063902.wav,AGC,48kHz,stereo,Part1,1_20260413_063902.wav,1656.0,1659.0,1656.2061041666666,1656.0,1656.4561041666666,-0.0013020833333333333,-0.0625,359.8294055433168,180.1705944566832,"left,right"
Recorder 1 - 1004 to 1704,04-13-2026,07:09:02,1.91772W,50.94279N,100%,2C,99%,1_20260413_070902.wav,AGC,48kHz,stereo,Part2,1_20260413_070902.wav,36.0,39.0,36.8343125,36.5843125,37.0843125,0.018229166666666668,0.8750000000000001,2.389011046620638,177.61098895337938,"left,right"
Recorder 1 - 1004 to 1704,04-13-2026,07:09:02,1.91772W,50.94279N,100%,2C,99%,1_20260413_070902.wav,AGC,48kHz,stereo,Part2,1_20260413_070902.wav,945.0,948.0,945.3605625,945.1105625,945.6105625,-0.022135416666666668,-1.0625,357.0986587424351,182.90134125756492,"left,right"
Recorder 1 - 1004 to 1704,04-13-2026,07:09:02,1.91772W,50.94279N,100%,2C,99%,1_20260413_070902.wav,AGC,48kHz,stereo,Part2,1_20260413_070902.wav,1077.0,1080.0,1079.2244791666667,1078.9744791666667,1079.4744791666667,-0.0013020833333333333,-0.0625,359.8294055433168,180.1705944566832,"left,right"
Recorder 1 - 1004 to 1704,04-13-2026,07:09:02,1.91772W,50.94279N,100%,2C,99%,1_20260413_070902.wav,AGC,48kHz,stereo,Part2,1_20260413_070902.wav,1209.0,1212.0,1209.3465625,1209.0965625,1209.5965625,-0.01953125,-0.9375,357.4402354785634,182.5597645214366,"left,right"
Recorder 1 - 1004 to 1704,04-13-2026,07:09:02,1.91772W,50.94279N,100%,2C,99%,1_20260413_070902.wav,AGC,48kHz,stereo,Part2,1_20260413_070902.wav,1326.0,1329.0,1328.1764166666667,1327.9264166666667,1328.4264166666667,0.01953125,0.9375,2.559764521436577,177.4402354785634,"left,right"
Recorder 1 - 1004 to 1704,04-13-2026,07:09:02,1.91772W,50.94279N,100%,2C,99%,1_20260413_070902.wav,AGC,48kHz,stereo,Part2,1_20260413_070902.wav,1431.0,1434.0,1431.49725,1431.24725,1431.74725,0.0,0.0,0.0,180.0,"left,right"
Recorder 1 - 1004 to 1704,04-13-2026,07:09:02,1.91772W,50.94279N,100%,2C,99%,1_20260413_070902.wav,AGC,48kHz,stereo,Part2,1_20260413_070902.wav,1542.0,1545.0,1544.0190208333333,1543.7690208333333,1544.2690208333333,0.0,0.0,0.0,180.0,"left,right"
Recorder 1 - 1004 to 1704,04-13-2026,07:09:02,1.91772W,50.94279N,100%,2C,99%,1_20260413_070902.wav,AGC,48kHz,stereo,Part2,1_20260413_070902.wav,1776.0,1779.0,1777.6898333333334,1777.4398333333334,1777.9398333333334,-0.0013020833333333333,-0.0625,359.8294055433168,180.1705944566832,"left,right"
Recorder 1 - 1004 to 1704,04-13-2026,18:42:02,1.91772W,50.94279N,100%,17C,46%,1_20260413_184202.wav,AGC,48kHz,stereo,Part1,1_20260413_184202.wav,42.0,45.0,43.29304166666667,43.04304166666667,43.54304166666667,0.022135416666666668,1.0625,2.9013412575649227,177.09865874243508,"left,right"
Recorder 1 - 1004 to 1704,04-13-2026,18:42:02,1.91772W,50.94279N,100%,17C,46%,1_20260413_184202.wav,AGC,48kHz,stereo,Part1,1_20260413_184202.wav,165.0,168.0,167.15927083333332,166.90927083333332,167.40927083333332,-0.0013020833333333333,-0.0625,359.8294055433168,180.1705944566832,"left,right"
Recorder 1 - 1004 to 1704,04-13-2026,18:42:02,1.91772W,50.94279N,100%,17C,46%,1_20260413_184202.wav,AGC,48kHz,stereo,Part1,1_20260413_184202.wav,399.0,402.0,401.77327083333336,401.52327083333336,402.0,0.01953125,0.9375,2.559764521436577,177.4402354785634,"left,right"
Recorder 1 - 1004 to 1704,04-13-2026,18:42:02,1.91772W,50.94279N,100%,17C,46%,1_20260413_184202.wav,AGC,48kHz,stereo,Part1,1_20260413_184202.wav,402.0,405.0,402.0445625,402.0,402.2945625,0.0,0.0,0.0,180.0,"left,right"
Recorder 1 - 1004 to 1704,04-13-2026,18:42:02,1.91772W,50.94279N,100%,17C,46%,1_20260413_184202.wav,AGC,48kHz,stereo,Part1,1_20260413_184202.wav,630.0,633.0,632.78675,632.53675,633.0,-0.01953125,-0.9375,357.4402354785634,182.5597645214366,"left,right"
Recorder 1 - 1004 to 1704,04-13-2026,18:42:02,1.91772W,50.94279N,100%,17C,46%,1_20260413_184202.wav,AGC,48kHz,stereo,Part1,1_20260413_184202.wav,684.0,687.0,686.9845416666667,686.7345416666667,687.0,0.0,0.0,0.0,180.0,"left,right"
Recorder 1 - 1004 to 1704,04-13-2026,18:42:02,1.91772W,50.94279N,100%,17C,46%,1_20260413_184202.wav,AGC,48kHz,stereo,Part1,1_20260413_184202.wav,777.0,780.0,777.8896666666667,777.6396666666667,778.1396666666667,0.01953125,0.9375,2.559764521436577,177.4402354785634,"left,right"
Recorder 1 - 1004 to 1704,04-13-2026,19:12:03,1.91772W,50.94279N,100%,17C,46%,1_20260413_191203.wav,AGC,48kHz,stereo,Part2,1_20260413_191203.wav,153.0,156.0,154.58825,154.33825,154.83825,0.375,18.0,59.03703129067228,120.96296870932773,"left,right"
Recorder 1 - 1004 to 1704,04-13-2026,19:12:03,1.91772W,50.94279N,100%,17C,46%,1_20260413_191203.wav,AGC,48kHz,stereo,Part2,1_20260413_191203.wav,480.0,483.0,482.9899375,482.7399375,483.0,0.0,0.0,0.0,180.0,"left,right"
Recorder 1 - 1004 to 1704,04-13-2026,19:12:03,1.91772W,50.94279N,100%,17C,46%,1_20260413_191203.wav,AGC,48kHz,stereo,Part2,1_20260413_191203.wav,483.0,486.0,483.10285416666665,483.0,483.35285416666665,-0.040364583333333336,-1.9375,354.7040417348786,185.29595826512139,"left,right"
Recorder 1 - 1004 to 1704,04-13-2026,19:12:03,1.91772W,50.94279N,100%,17C,46%,1_20260413_191203.wav,AGC,48kHz,stereo,Part2,1_20260413_191203.wav,687.0,690.0,687.2525833333333,687.0025833333333,687.5025833333333,0.0,0.0,0.0,180.0,"left,right"
Recorder 1 - 1004 to 1704,04-13-2026,19:12:03,1.91772W,50.94279N,100%,17C,46%,1_20260413_191203.wav,AGC,48kHz,stereo,Part2,1_20260413_191203.wav,789.0,792.0,790.0483541666666,789.7983541666666,790.2983541666666,0.061197916666666664,2.9375,8.044330119461023,171.95566988053898,"left,right"
Recorder 1 - 1004 to 1704,04-13-2026,19:12:03,1.91772W,50.94279N,100%,17C,46%,1_20260413_191203.wav,AGC,48kHz,stereo,Part2,1_20260413_191203.wav,873.0,876.0,874.9279375,874.6779375,875.1779375,0.0,0.0,0.0,180.0,"left,right"
Recorder 1 - 1004 to 1704,04-13-2026,19:12:03,1.91772W,50.94279N,100%,17C,46%,1_20260413_191203.wav,AGC,48kHz,stereo,Part2,1_20260413_191203.wav,1020.0,1023.0,1022.6451666666667,1022.3951666666667,1022.8951666666667,-0.0013020833333333333,-0.0625,359.8294055433168,180.1705944566832,"left,right"
Recorder 1 - 1004 to 1704,04-13-2026,19:12:03,1.91772W,50.94279N,100%,17C,46%,1_20260413_191203.wav,AGC,48kHz,stereo,Part2,1_20260413_191203.wav,1203.0,1206.0,1203.9550416666666,1203.7050416666666,1204.2050416666666,-0.01953125,-0.9375,357.4402354785634,182.5597645214366,"left,right"
Recorder 1 - 1004 to 1704,04-13-2026,19:12:03,1.91772W,50.94279N,100%,17C,46%,1_20260413_191203.wav,AGC,48kHz,stereo,Part2,1_20260413_191203.wav,1455.0,1458.0,1457.8031875,1457.5531875,1458.0,-0.022135416666666668,-1.0625,357.0986587424351,182.90134125756492,"left,right"
Recorder 1 - 1004 to 1704,04-13-2026,19:12:03,1.91772W,50.94279N,100%,17C,46%,1_20260413_191203.wav,AGC,48kHz,stereo,Part2,1_20260413_191203.wav,1458.0,1461.0,1458.0971666666667,1458.0,1458.3471666666667,0.0,0.0,0.0,180.0,"left,right"
Recorder 1 - 1004 to 1704,04-13-2026,19:12:03,1.91772W,50.94279N,100%,17C,46%,1_20260413_191203.wav,AGC,48kHz,stereo,Part2,1_20260413_191203.wav,1797.0,1800.0,1797.6825,1797.4325,1797.9325,-0.0013020833333333333,-0.0625,359.8294055433168,180.1705944566832,"left,right"
Recorder 1 - 1004 to 1704,04-14-2026,06:39:02,1.91772W,50.94279N,100%,6C,99%,1_20260414_063902.wav,AGC,48kHz,stereo,Part1,1_20260414_063902.wav,135.0,138.0,136.15708333333333,135.90708333333333,136.40708333333333,0.0,0.0,0.0,180.0,"left,right"
Recorder 1 - 1004 to 1704,04-14-2026,06:39:02,1.91772W,50.94279N,100%,6C,99%,1_20260414_063902.wav,AGC,48kHz,stereo,Part1,1_20260414_063902.wav,186.0,189.0,186.46358333333333,186.21358333333333,186.71358333333333,0.0,0.0,0.0,180.0,"left,right"
Recorder 1 - 1004 to 1704,04-14-2026,06:39:02,1.91772W,50.94279N,100%,6C,99%,1_20260414_063902.wav,AGC,48kHz,stereo,Part1,1_20260414_063902.wav,459.0,462.0,460.11372916666664,459.86372916666664,460.36372916666664,-0.0013020833333333333,-0.0625,359.8294055433168,180.1705944566832,"left,right"
Recorder 1 - 1004 to 1704,04-14-2026,06:39:02,1.91772W,50.94279N,100%,6C,99%,1_20260414_063902.wav,AGC,48kHz,stereo,Part1,1_20260414_063902.wav,531.0,534.0,531.9197916666667,531.6697916666667,532.1697916666667,0.0,0.0,0.0,180.0,"left,right"
Recorder 1 - 1004 to 1704,04-14-2026,06:39:02,1.91772W,50.94279N,100%,6C,99%,1_20260414_063902.wav,AGC,48kHz,stereo,Part1,1_20260414_063902.wav,678.0,681.0,679.3525625,679.1025625,679.6025625,0.0026041666666666665,0.125,0.34119042573000513,179.65880957426998,"left,right"
Recorder 1 - 1004 to 1704,04-14-2026,06:39:02,1.91772W,50.94279N,100%,6C,99%,1_20260414_063902.wav,AGC,48kHz,stereo,Part1,1_20260414_063902.wav,858.0,861.0,859.4178541666666,859.1678541666666,859.6678541666666,-0.0013020833333333333,-0.0625,359.8294055433168,180.1705944566832,"left,right"
Recorder 1 - 1004 to 1704,04-14-2026,06:39:02,1.91772W,50.94279N,100%,6C,99%,1_20260414_063902.wav,AGC,48kHz,stereo,Part1,1_20260414_063902.wav,1140.0,1143.0,1141.82775,1141.57775,1142.07775,0.0,0.0,0.0,180.0,"left,right"
Recorder 1 - 1004 to 1704,04-14-2026,06:39:02,1.91772W,50.94279N,100%,6C,99%,1_20260414_063902.wav,AGC,48kHz,stereo,Part1,1_20260414_063902.wav,1215.0,1218.0,1216.9835208333334,1216.7335208333334,1217.2335208333334,0.0,0.0,0.0,180.0,"left,right"
Recorder 1 - 1004 to 1704,04-14-2026,06:39:02,1.91772W,50.94279N,100%,6C,99%,1_20260414_063902.wav,AGC,48kHz,stereo,Part1,1_20260414_063902.wav,1245.0,1248.0,1247.5045625,1247.2545625,1247.7545625,0.0013020833333333333,0.0625,0.1705944566832045,179.8294055433168,"left,right"
Recorder 1 - 1004 to 1704,04-14-2026,06:39:02,1.91772W,50.94279N,100%,6C,99%,1_20260414_063902.wav,AGC,48kHz,stereo,Part1,1_20260414_063902.wav,1440.0,1443.0,1440.1290625,1440.0,1440.3790625,0.0,0.0,0.0,180.0,"left,right"
Recorder 1 - 1004 to 1704,04-14-2026,06:39:02,1.91772W,50.94279N,100%,6C,99%,1_20260414_063902.wav,AGC,48kHz,stereo,Part1,1_20260414_063902.wav,1572.0,1575.0,1572.36475,1572.11475,1572.61475,0.0,0.0,0.0,180.0,"left,right"
Recorder 1 - 1004 to 1704,04-14-2026,06:39:02,1.91772W,50.94279N,100%,6C,99%,1_20260414_063902.wav,AGC,48kHz,stereo,Part1,1_20260414_063902.wav,1755.0,1758.0,1755.9211041666667,1755.6711041666667,1756.1711041666667,0.0,0.0,0.0,180.0,"left,right"
Recorder 1 - 1004 to 1704,04-14-2026,07:09:03,1.91772W,50.94279N,100%,6C,99%,1_20260414_070903.wav,AGC,48kHz,stereo,Part2,1_20260414_070903.wav,90.0,93.0,92.02202083333333,91.77202083333333,92.27202083333333,-0.01953125,-0.9375,357.4402354785634,182.5597645214366,"left,right"
Recorder 1 - 1004 to 1704,04-14-2026,18:42:02,1.91772W,50.94279N,100%,11C,99%,1_20260414_184202.wav,AGC,48kHz,stereo,Part1,1_20260414_184202.wav,1725.0,1728.0,1726.6248333333333,1726.3748333333333,1726.8748333333333,-0.018229166666666668,-0.8750000000000001,357.6109889533793,182.38901104662065,"left,right"
Recorder 1 - 1004 to 1704,04-16-2026,06:39:02,1.91772W,50.94279N,100%,10C,99%,1_20260416_063902.wav,AGC,48kHz,stereo,Part1,1_20260416_063902.wav,57.0,60.0,59.076875,58.826875,59.326875,0.0,0.0,0.0,180.0,"left,right"
Recorder 1 - 1004 to 1704,04-16-2026,06:39:02,1.91772W,50.94279N,100%,10C,99%,1_20260416_063902.wav,AGC,48kHz,stereo,Part1,1_20260416_063902.wav,231.0,234.0,232.31575,232.06575,232.56575,-0.018229166666666668,-0.8750000000000001,357.6109889533793,182.38901104662065,"left,right"
Recorder 1 - 1004 to 1704,04-16-2026,06:39:02,1.91772W,50.94279N,100%,10C,99%,1_20260416_063902.wav,AGC,48kHz,stereo,Part1,1_20260416_063902.wav,822.0,825.0,822.4075833333334,822.1575833333334,822.6575833333334,-0.020833333333333332,-1.0,357.26945925055134,182.73054074944866,"left,right"
Recorder 1 - 1004 to 1704,04-16-2026,06:39:02,1.91772W,50.94279N,100%,10C,99%,1_20260416_063902.wav,AGC,48kHz,stereo,Part1,1_20260416_063902.wav,1272.0,1275.0,1273.2343541666667,1272.9843541666667,1273.4843541666667,0.0013020833333333333,0.0625,0.1705944566832045,179.8294055433168,"left,right"
Recorder 1 - 1004 to 1704,04-16-2026,06:39:02,1.91772W,50.94279N,100%,10C,99%,1_20260416_063902.wav,AGC,48kHz,stereo,Part1,1_20260416_063902.wav,1416.0,1419.0,1417.469375,1417.219375,1417.719375,-0.020833333333333332,-1.0,357.26945925055134,182.73054074944866,"left,right"
Recorder 1 - 1004 to 1704,04-16-2026,06:39:02,1.91772W,50.94279N,100%,10C,99%,1_20260416_063902.wav,AGC,48kHz,stereo,Part1,1_20260416_063902.wav,1557.0,1560.0,1559.6390416666666,1559.3890416666666,1559.8890416666666,-0.01953125,-0.9375,357.4402354785634,182.5597645214366,"left,right"
Recorder 1 - 1004 to 1704,04-16-2026,06:39:02,1.91772W,50.94279N,100%,10C,99%,1_20260416_063902.wav,AGC,48kHz,stereo,Part1,1_20260416_063902.wav,1575.0,1578.0,1577.4614791666668,1577.2114791666668,1577.7114791666668,-0.01953125,-0.9375,357.4402354785634,182.5597645214366,"left,right"
Recorder 1 - 1004 to 1704,04-16-2026,19:12:03,1.91772W,50.94279N,100%,13C,75%,1_20260416_191203.wav,AGC,48kHz,stereo,Part2,1_20260416_191203.wav,846.0,849.0,846.9015416666666,846.6515416666666,847.1515416666666,0.020833333333333332,1.0,2.730540749448636,177.26945925055136,"left,right"
Recorder 1 - 1004 to 1704,04-16-2026,19:12:03,1.91772W,50.94279N,100%,13C,75%,1_20260416_191203.wav,AGC,48kHz,stereo,Part2,1_20260416_191203.wav,933.0,936.0,933.6172916666667,933.3672916666667,933.8672916666667,0.0,0.0,0.0,180.0,"left,right"
Recorder 1 - 1004 to 1704,04-16-2026,19:12:03,1.91772W,50.94279N,100%,13C,75%,1_20260416_191203.wav,AGC,48kHz,stereo,Part2,1_20260416_191203.wav,1146.0,1149.0,1147.0189791666667,1146.7689791666667,1147.2689791666667,0.0013020833333333333,0.0625,0.1705944566832045,179.8294055433168,"left,right"
Recorder 1 - 1004 to 1704,04-16-2026,19:12:03,1.91772W,50.94279N,100%,13C,75%,1_20260416_191203.wav,AGC,48kHz,stereo,Part2,1_20260416_191203.wav,1518.0,1521.0,1519.3813958333333,1519.1313958333333,1519.6313958333333,0.022135416666666668,1.0625,2.9013412575649227,177.09865874243508,"left,right"
Recorder 1 - 1004 to 1704,04-16-2026,19:12:03,1.91772W,50.94279N,100%,13C,75%,1_20260416_191203.wav,AGC,48kHz,stereo,Part2,1_20260416_191203.wav,1668.0,1671.0,1668.3834583333332,1668.1334583333332,1668.6334583333332,0.0013020833333333333,0.0625,0.1705944566832045,179.8294055433168,"left,right"
Recorder 1 - 1004 to 1704,04-16-2026,19:12:03,1.91772W,50.94279N,100%,13C,75%,1_20260416_191203.wav,AGC,48kHz,stereo,Part2,1_20260416_191203.wav,1758.0,1761.0,1758.8621041666668,1758.6121041666668,1759.1121041666668,-0.01953125,-0.9375,357.4402354785634,182.5597645214366,"left,right"
Recorder 1 - 1004 to 1704,04-17-2026,06:39:02,1.91772W,50.94279N,100%,10C,99%,1_20260417_063902.wav,AGC,48kHz,stereo,Part1,1_20260417_063902.wav,399.0,402.0,401.9715625,401.7215625,402.0,0.0,0.0,0.0,180.0,"left,right"
Recorder 1 - 1004 to 1704,04-17-2026,06:39:02,1.91772W,50.94279N,100%,10C,99%,1_20260417_063902.wav,AGC,48kHz,stereo,Part1,1_20260417_063902.wav,402.0,405.0,402.01064583333334,402.0,402.26064583333334,0.022135416666666668,1.0625,2.9013412575649227,177.09865874243508,"left,right"
Recorder 1 - 1004 to 1704,04-17-2026,06:39:02,1.91772W,50.94279N,100%,10C,99%,1_20260417_063902.wav,AGC,48kHz,stereo,Part1,1_20260417_063902.wav,516.0,519.0,516.1726875,516.0,516.4226875,0.0,0.0,0.0,180.0,"left,right"
Recorder 1 - 1004 to 1704,04-17-2026,06:39:02,1.91772W,50.94279N,100%,10C,99%,1_20260417_063902.wav,AGC,48kHz,stereo,Part1,1_20260417_063902.wav,654.0,657.0,656.7021458333334,656.4521458333334,656.9521458333334,-0.0013020833333333333,-0.0625,359.8294055433168,180.1705944566832,"left,right"
Recorder 1 - 1004 to 1704,04-17-2026,06:39:02,1.91772W,50.94279N,100%,10C,99%,1_20260417_063902.wav,AGC,48kHz,stereo,Part1,1_20260417_063902.wav,810.0,813.0,812.6482708333333,812.3982708333333,812.8982708333333,0.0013020833333333333,0.0625,0.1705944566832045,179.8294055433168,"left,right"
Recorder 1 - 1004 to 1704,04-17-2026,06:39:02,1.91772W,50.94279N,100%,10C,99%,1_20260417_063902.wav,AGC,48kHz,stereo,Part1,1_20260417_063902.wav,936.0,939.0,936.4167083333333,936.1667083333333,936.6667083333333,-0.0013020833333333333,-0.0625,359.8294055433168,180.1705944566832,"left,right"
Recorder 1 - 1004 to 1704,04-17-2026,06:39:02,1.91772W,50.94279N,100%,10C,99%,1_20260417_063902.wav,AGC,48kHz,stereo,Part1,1_20260417_063902.wav,1080.0,1083.0,1081.2686875,1081.0186875,1081.5186875,0.0,0.0,0.0,180.0,"left,right"
Recorder 1 - 1004 to 1704,04-17-2026,06:39:02,1.91772W,50.94279N,100%,10C,99%,1_20260417_063902.wav,AGC,48kHz,stereo,Part1,1_20260417_063902.wav,1200.0,1203.0,1202.4937291666668,1202.2437291666668,1202.7437291666668,0.0,0.0,0.0,180.0,"left,right"
Recorder 1 - 1004 to 1704,04-17-2026,06:39:02,1.91772W,50.94279N,100%,10C,99%,1_20260417_063902.wav,AGC,48kHz,stereo,Part1,1_20260417_063902.wav,1353.0,1356.0,1353.868625,1353.618625,1354.118625,0.0,0.0,0.0,180.0,"left,right"
Recorder 1 - 1004 to 1704,04-17-2026,06:39:02,1.91772W,50.94279N,100%,10C,99%,1_20260417_063902.wav,AGC,48kHz,stereo,Part1,1_20260417_063902.wav,1440.0,1443.0,1442.0451666666668,1441.7951666666668,1442.2951666666668,0.0013020833333333333,0.0625,0.1705944566832045,179.8294055433168,"left,right"
Recorder 1 - 1004 to 1704,04-17-2026,06:39:02,1.91772W,50.94279N,100%,10C,99%,1_20260417_063902.wav,AGC,48kHz,stereo,Part1,1_20260417_063902.wav,1548.0,1551.0,1550.9730625,1550.7230625,1551.0,0.020833333333333332,1.0,2.730540749448636,177.26945925055136,"left,right"
Recorder 1 - 1004 to 1704,04-17-2026,06:39:02,1.91772W,50.94279N,100%,10C,99%,1_20260417_063902.wav,AGC,48kHz,stereo,Part1,1_20260417_063902.wav,1551.0,1554.0,1551.1053958333334,1551.0,1551.3553958333334,0.0,0.0,0.0,180.0,"left,right"
Recorder 1 - 1004 to 1704,04-17-2026,06:39:02,1.91772W,50.94279N,100%,10C,99%,1_20260417_063902.wav,AGC,48kHz,stereo,Part1,1_20260417_063902.wav,1686.0,1689.0,1686.8987291666667,1686.6487291666667,1687.1487291666667,0.01953125,0.9375,2.559764521436577,177.4402354785634,"left,right"
Recorder 1 - 1004 to 1704,04-17-2026,07:09:03,1.91772W,50.94279N,100%,10C,99%,1_20260417_070903.wav,AGC,48kHz,stereo,Part2,1_20260417_070903.wav,54.0,57.0,54.495895833333336,54.245895833333336,54.745895833333336,0.0,0.0,0.0,180.0,"left,right"
Recorder 1 - 1004 to 1704,04-17-2026,07:09:03,1.91772W,50.94279N,100%,10C,99%,1_20260417_070903.wav,AGC,48kHz,stereo,Part2,1_20260417_070903.wav,180.0,183.0,182.29602083333333,182.04602083333333,182.54602083333333,0.0013020833333333333,0.0625,0.1705944566832045,179.8294055433168,"left,right"
Recorder 1 - 1004 to 1704,04-17-2026,07:09:03,1.91772W,50.94279N,100%,10C,99%,1_20260417_070903.wav,AGC,48kHz,stereo,Part2,1_20260417_070903.wav,321.0,324.0,322.744125,322.494125,322.994125,0.0,0.0,0.0,180.0,"left,right"
Recorder 1 - 1004 to 1704,04-17-2026,07:09:03,1.91772W,50.94279N,100%,10C,99%,1_20260417_070903.wav,AGC,48kHz,stereo,Part2,1_20260417_070903.wav,453.0,456.0,455.35960416666666,455.10960416666666,455.60960416666666,0.0026041666666666665,0.125,0.34119042573000513,179.65880957426998,"left,right"
Recorder 1 - 1004 to 1704,04-17-2026,07:09:03,1.91772W,50.94279N,100%,10C,99%,1_20260417_070903.wav,AGC,48kHz,stereo,Part2,1_20260417_070903.wav,633.0,636.0,634.8679791666667,634.6179791666667,635.1179791666667,-0.0013020833333333333,-0.0625,359.8294055433168,180.1705944566832,"left,right"
Recorder 1 - 1004 to 1704,04-17-2026,07:09:03,1.91772W,50.94279N,100%,10C,99%,1_20260417_070903.wav,AGC,48kHz,stereo,Part2,1_20260417_070903.wav,783.0,786.0,785.4355416666667,785.1855416666667,785.6855416666667,-0.020833333333333332,-1.0,357.26945925055134,182.73054074944866,"left,right"
Recorder 1 - 1004 to 1704,04-17-2026,07:09:03,1.91772W,50.94279N,100%,10C,99%,1_20260417_070903.wav,AGC,48kHz,stereo,Part2,1_20260417_070903.wav,1035.0,1038.0,1035.9292083333332,1035.6792083333332,1036.1792083333332,0.0,0.0,0.0,180.0,"left,right"
Recorder 1 - 1004 to 1704,04-17-2026,07:09:03,1.91772W,50.94279N,100%,10C,99%,1_20260417_070903.wav,AGC,48kHz,stereo,Part2,1_20260417_070903.wav,1173.0,1176.0,1173.7458333333334,1173.4958333333334,1173.9958333333334,0.0,0.0,0.0,180.0,"left,right"
Recorder 1 - 1004 to 1704,04-17-2026,07:09:03,1.91772W,50.94279N,100%,10C,99%,1_20260417_070903.wav,AGC,48kHz,stereo,Part2,1_20260417_070903.wav,1509.0,1512.0,1510.4646875,1510.2146875,1510.7146875,0.35546875,17.0625,54.374199023955605,125.62580097604439,"left,right"
Recorder 1 - 1004 to 1704,04-17-2026,07:09:03,1.91772W,50.94279N,100%,10C,99%,1_20260417_070903.wav,AGC,48kHz,stereo,Part2,1_20260417_070903.wav,1695.0,1698.0,1695.5986875,1695.3486875,1695.8486875,-0.0013020833333333333,-0.0625,359.8294055433168,180.1705944566832,"left,right"
Recorder 1 - 1704 to 2804,04-17-2026,18:42:02,1.91772W,50.94279N,100%,12C,88%,1_20260417_184202.wav,AGC,48kHz,stereo,Part1,1_20260417_184202.wav,0.0,3.0,2.8459375,2.5959375,3.0,-0.0234375,-1.125,356.92783242535745,183.07216757464255,"left,right"
Recorder 1 - 1704 to 2804,04-17-2026,18:42:02,1.91772W,50.94279N,100%,12C,88%,1_20260417_184202.wav,AGC,48kHz,stereo,Part1,1_20260417_184202.wav,6.0,9.0,8.899000000000001,8.649000000000001,9.0,0.0013020833333333333,0.0625,0.1705944566832045,179.8294055433168,"left,right"
Recorder 1 - 1704 to 2804,04-17-2026,18:42:02,1.91772W,50.94279N,100%,12C,88%,1_20260417_184202.wav,AGC,48kHz,stereo,Part1,1_20260417_184202.wav,108.0,111.0,110.6434375,110.3934375,110.8934375,-0.0013020833333333333,-0.0625,359.8294055433168,180.1705944566832,"left,right"
Recorder 1 - 1704 to 2804,04-17-2026,18:42:02,1.91772W,50.94279N,100%,12C,88%,1_20260417_184202.wav,AGC,48kHz,stereo,Part1,1_20260417_184202.wav,162.0,165.0,163.69841666666667,163.44841666666667,163.94841666666667,0.125,6.0,16.60866735628548,163.39133264371452,"left,right"
Recorder 1 - 1704 to 2804,04-17-2026,18:42:02,1.91772W,50.94279N,100%,12C,88%,1_20260417_184202.wav,AGC,48kHz,stereo,Part1,1_20260417_184202.wav,201.0,204.0,202.6964375,202.4464375,202.9464375,-0.020833333333333332,-1.0,357.26945925055134,182.73054074944866,"left,right"
Recorder 1 - 1704 to 2804,04-17-2026,18:42:02,1.91772W,50.94279N,100%,12C,88%,1_20260417_184202.wav,AGC,48kHz,stereo,Part1,1_20260417_184202.wav,237.0,240.0,238.54814583333334,238.29814583333334,238.79814583333334,-0.01953125,-0.9375,357.4402354785634,182.5597645214366,"left,right"
Recorder 1 - 1704 to 2804,04-17-2026,18:42:02,1.91772W,50.94279N,100%,12C,88%,1_20260417_184202.wav,AGC,48kHz,stereo,Part1,1_20260417_184202.wav,270.0,273.0,272.4190625,272.1690625,272.6690625,0.0,0.0,0.0,180.0,"left,right"
Recorder 1 - 1704 to 2804,04-17-2026,18:42:02,1.91772W,50.94279N,100%,12C,88%,1_20260417_184202.wav,AGC,48kHz,stereo,Part1,1_20260417_184202.wav,393.0,396.0,394.0880625,393.8380625,394.3380625,0.08333333333333333,4.0,10.985207553179933,169.01479244682008,"left,right"
Recorder 1 - 1704 to 2804,04-17-2026,18:42:02,1.91772W,50.94279N,100%,12C,88%,1_20260417_184202.wav,AGC,48kHz,stereo,Part1,1_20260417_184202.wav,495.0,498.0,497.00335416666667,496.75335416666667,497.25335416666667,0.0,0.0,0.0,180.0,"left,right"
Recorder 1 - 1704 to 2804,04-17-2026,18:42:02,1.91772W,50.94279N,100%,12C,88%,1_20260417_184202.wav,AGC,48kHz,stereo,Part1,1_20260417_184202.wav,1083.0,1086.0,1085.9899791666667,1085.7399791666667,1086.0,-0.022135416666666668,-1.0625,357.0986587424351,182.90134125756492,"left,right"
Recorder 1 - 1704 to 2804,04-17-2026,19:12:03,1.91772W,50.94279N,100%,12C,88%,1_20260417_191203.wav,AGC,48kHz,stereo,Part2,1_20260417_191203.wav,630.0,633.0,630.3317708333333,630.0817708333333,630.5817708333333,-0.0013020833333333333,-0.0625,359.8294055433168,180.1705944566832,"left,right"
Recorder 1 - 1704 to 2804,04-17-2026,19:12:03,1.91772W,50.94279N,100%,12C,88%,1_20260417_191203.wav,AGC,48kHz,stereo,Part2,1_20260417_191203.wav,1062.0,1065.0,1063.7009791666667,1063.4509791666667,1063.9509791666667,0.0,0.0,0.0,180.0,"left,right"
Recorder 1 - 1704 to 2804,04-17-2026,19:12:03,1.91772W,50.94279N,100%,12C,88%,1_20260417_191203.wav,AGC,48kHz,stereo,Part2,1_20260417_191203.wav,1356.0,1359.0,1358.6395625,1358.3895625,1358.8895625,0.0013020833333333333,0.0625,0.1705944566832045,179.8294055433168,"left,right"
Recorder 1 - 1704 to 2804,04-18-2026,07:09:03,1.91779W,50.94273N,100%,4C,99%,1_20260418_070903.wav,AGC,48kHz,stereo,Part2,1_20260418_070903.wav,1386.0,1389.0,1386.0101458333334,1386.0,1386.2601458333334,0.0,0.0,0.0,180.0,"left,right"
Recorder 1 - 1704 to 2804,04-18-2026,18:42:02,1.91779W,50.94273N,100%,22C,40%,1_20260418_184202.wav,AGC,48kHz,stereo,Part1,1_20260418_184202.wav,75.0,78.0,76.9366875,76.6866875,77.1866875,-0.0013020833333333333,-0.0625,359.8294055433168,180.1705944566832,"left,right"
Recorder 1 - 1704 to 2804,04-18-2026,19:12:03,1.91779W,50.94273N,100%,22C,40%,1_20260418_191203.wav,AGC,48kHz,stereo,Part2,1_20260418_191203.wav,600.0,603.0,601.0107708333334,600.7607708333334,601.2607708333334,0.01953125,0.9375,2.559764521436577,177.4402354785634,"left,right"
Recorder 1 - 1704 to 2804,04-18-2026,19:12:03,1.91779W,50.94273N,100%,22C,40%,1_20260418_191203.wav,AGC,48kHz,stereo,Part2,1_20260418_191203.wav,1152.0,1155.0,1153.5331666666666,1153.2831666666666,1153.7831666666666,0.0013020833333333333,0.0625,0.1705944566832045,179.8294055433168,"left,right"
Recorder 1 - 1704 to 2804,04-19-2026,06:39:02,1.91779W,50.94273N,100%,3C,99%,1_20260419_063902.wav,AGC,48kHz,stereo,Part1,1_20260419_063902.wav,264.0,267.0,266.98802083333334,266.73802083333334,267.0,-0.01953125,-0.9375,357.4402354785634,182.5597645214366,"left,right"
Recorder 1 - 1704 to 2804,04-19-2026,06:39:02,1.91779W,50.94273N,100%,3C,99%,1_20260419_063902.wav,AGC,48kHz,stereo,Part1,1_20260419_063902.wav,399.0,402.0,399.98702083333336,399.73702083333336,400.23702083333336,-0.0026041666666666665,-0.125,359.65880957427,180.34119042573002,"left,right"
Recorder 1 - 1704 to 2804,04-19-2026,07:09:03,1.91779W,50.94273N,100%,3C,99%,1_20260419_070903.wav,AGC,48kHz,stereo,Part2,1_20260419_070903.wav,831.0,834.0,833.1812916666667,832.9312916666667,833.4312916666667,0.0,0.0,0.0,180.0,"left,right"
Recorder 1 - 1704 to 2804,04-19-2026,07:09:03,1.91779W,50.94273N,100%,3C,99%,1_20260419_070903.wav,AGC,48kHz,stereo,Part2,1_20260419_070903.wav,873.0,876.0,874.010875,873.760875,874.260875,0.01953125,0.9375,2.559764521436577,177.4402354785634,"left,right"
Recorder 1 - 1704 to 2804,04-19-2026,07:09:03,1.91779W,50.94273N,100%,3C,99%,1_20260419_070903.wav,AGC,48kHz,stereo,Part2,1_20260419_070903.wav,924.0,927.0,926.3211875,926.0711875,926.5711875,0.0,0.0,0.0,180.0,"left,right"
Recorder 1 - 1704 to 2804,04-19-2026,07:09:03,1.91779W,50.94273N,100%,3C,99%,1_20260419_070903.wav,AGC,48kHz,stereo,Part2,1_20260419_070903.wav,1023.0,1026.0,1025.1425,1024.8925,1025.3925,0.0,0.0,0.0,180.0,"left,right"
Recorder 1 - 1704 to 2804,04-19-2026,18:42:02,1.91779W,50.94273N,100%,20C,36%,1_20260419_184202.wav,AGC,48kHz,stereo,Part1,1_20260419_184202.wav,1425.0,1428.0,1425.6554791666667,1425.4054791666667,1425.9054791666667,0.0,0.0,0.0,180.0,"left,right"
Recorder 1 - 1704 to 2804,04-20-2026,07:09:03,1.91779W,50.94273N,100%,3C,99%,1_20260420_070903.wav,AGC,48kHz,stereo,Part2,1_20260420_070903.wav,105.0,108.0,105.34320833333334,105.09320833333334,105.59320833333334,0.020833333333333332,1.0,2.730540749448636,177.26945925055136,"left,right"
Recorder 1 - 1704 to 2804,04-20-2026,07:09:03,1.91779W,50.94273N,100%,3C,99%,1_20260420_070903.wav,AGC,48kHz,stereo,Part2,1_20260420_070903.wav,921.0,924.0,921.2457291666667,921.0,921.4957291666667,0.0,0.0,0.0,180.0,"left,right"
Recorder 1 - 1704 to 2804,04-20-2026,07:09:03,1.91779W,50.94273N,100%,3C,99%,1_20260420_070903.wav,AGC,48kHz,stereo,Part2,1_20260420_070903.wav,1071.0,1074.0,1073.2425208333334,1072.9925208333334,1073.4925208333334,0.0,0.0,0.0,180.0,"left,right"
Recorder 1 - 1704 to 2804,04-20-2026,07:09:03,1.91779W,50.94273N,100%,3C,99%,1_20260420_070903.wav,AGC,48kHz,stereo,Part2,1_20260420_070903.wav,1227.0,1230.0,1229.9231666666667,1229.6731666666667,1230.0,-0.0013020833333333333,-0.0625,359.8294055433168,180.1705944566832,"left,right"
Recorder 1 - 1704 to 2804,04-20-2026,18:42:02,1.91779W,50.94273N,100%,17C,45%,1_20260420_184202.wav,AGC,48kHz,stereo,Part1,1_20260420_184202.wav,1020.0,1023.0,1022.5706875,1022.3206875,1022.8206875,0.020833333333333332,1.0,2.730540749448636,177.26945925055136,"left,right"
Recorder 1 - 1704 to 2804,04-20-2026,18:42:02,1.91779W,50.94273N,100%,17C,45%,1_20260420_184202.wav,AGC,48kHz,stereo,Part1,1_20260420_184202.wav,1212.0,1215.0,1213.2138958333333,1212.9638958333333,1213.4638958333333,-0.0013020833333333333,-0.0625,359.8294055433168,180.1705944566832,"left,right"
Recorder 1 - 1704 to 2804,04-20-2026,18:42:02,1.91779W,50.94273N,100%,17C,45%,1_20260420_184202.wav,AGC,48kHz,stereo,Part1,1_20260420_184202.wav,1545.0,1548.0,1547.4553125,1547.2053125,1547.7053125,0.0,0.0,0.0,180.0,"left,right"
Recorder 1 - 1704 to 2804,04-20-2026,18:42:02,1.91779W,50.94273N,100%,17C,45%,1_20260420_184202.wav,AGC,48kHz,stereo,Part1,1_20260420_184202.wav,1623.0,1626.0,1625.9346041666668,1625.6846041666668,1626.0,0.020833333333333332,1.0,2.730540749448636,177.26945925055136,"left,right"
Recorder 1 - 1704 to 2804,04-20-2026,18:42:02,1.91779W,50.94273N,100%,17C,45%,1_20260420_184202.wav,AGC,48kHz,stereo,Part1,1_20260420_184202.wav,1761.0,1764.0,1763.9893541666668,1763.7393541666668,1764.0,-0.0013020833333333333,-0.0625,359.8294055433168,180.1705944566832,"left,right"
Recorder 1 - 1704 to 2804,04-20-2026,18:42:02,1.91779W,50.94273N,100%,17C,45%,1_20260420_184202.wav,AGC,48kHz,stereo,Part1,1_20260420_184202.wav,1764.0,1767.0,1764.0478333333333,1764.0,1764.2978333333333,0.0,0.0,0.0,180.0,"left,right"
Recorder 1 - 1704 to 2804,04-20-2026,19:12:03,1.91779W,50.94273N,100%,17C,45%,1_20260420_191203.wav,AGC,48kHz,stereo,Part2,1_20260420_191203.wav,129.0,132.0,129.596875,129.346875,129.846875,0.0013020833333333333,0.0625,0.1705944566832045,179.8294055433168,"left,right"
Recorder 1 - 1704 to 2804,04-20-2026,19:12:03,1.91779W,50.94273N,100%,17C,45%,1_20260420_191203.wav,AGC,48kHz,stereo,Part2,1_20260420_191203.wav,132.0,135.0,132.11333333333334,132.0,132.36333333333334,0.0,0.0,0.0,180.0,"left,right"
Recorder 1 - 1704 to 2804,04-20-2026,19:12:03,1.91779W,50.94273N,100%,17C,45%,1_20260420_191203.wav,AGC,48kHz,stereo,Part2,1_20260420_191203.wav,321.0,324.0,323.4385,323.1885,323.6885,0.022135416666666668,1.0625,2.9013412575649227,177.09865874243508,"left,right"
Recorder 1 - 1704 to 2804,04-20-2026,19:12:03,1.91779W,50.94273N,100%,17C,45%,1_20260420_191203.wav,AGC,48kHz,stereo,Part2,1_20260420_191203.wav,450.0,453.0,452.47689583333334,452.22689583333334,452.72689583333334,-0.020833333333333332,-1.0,357.26945925055134,182.73054074944866,"left,right"
Recorder 1 - 1704 to 2804,04-20-2026,19:12:03,1.91779W,50.94273N,100%,17C,45%,1_20260420_191203.wav,AGC,48kHz,stereo,Part2,1_20260420_191203.wav,642.0,645.0,644.9650833333334,644.7150833333334,645.0,-0.0013020833333333333,-0.0625,359.8294055433168,180.1705944566832,"left,right"
Recorder 1 - 1704 to 2804,04-20-2026,19:12:03,1.91779W,50.94273N,100%,17C,45%,1_20260420_191203.wav,AGC,48kHz,stereo,Part2,1_20260420_191203.wav,678.0,681.0,679.3965416666666,679.1465416666666,679.6465416666666,-0.0013020833333333333,-0.0625,359.8294055433168,180.1705944566832,"left,right"
Recorder 1 - 1704 to 2804,04-20-2026,19:12:03,1.91779W,50.94273N,100%,17C,45%,1_20260420_191203.wav,AGC,48kHz,stereo,Part2,1_20260420_191203.wav,870.0,873.0,872.277375,872.027375,872.527375,0.0,0.0,0.0,180.0,"left,right"
Recorder 1 - 1704 to 2804,04-20-2026,19:12:03,1.91779W,50.94273N,100%,17C,45%,1_20260420_191203.wav,AGC,48kHz,stereo,Part2,1_20260420_191203.wav,969.0,972.0,969.2165,969.0,969.4665,0.0,0.0,0.0,180.0,"left,right"
Recorder 1 - 1704 to 2804,04-20-2026,19:12:03,1.91779W,50.94273N,100%,17C,45%,1_20260420_191203.wav,AGC,48kHz,stereo,Part2,1_20260420_191203.wav,1023.0,1026.0,1025.9334583333334,1025.6834583333334,1026.0,-0.0013020833333333333,-0.0625,359.8294055433168,180.1705944566832,"left,right"
Recorder 1 - 1704 to 2804,04-20-2026,19:12:03,1.91779W,50.94273N,100%,17C,45%,1_20260420_191203.wav,AGC,48kHz,stereo,Part2,1_20260420_191203.wav,1026.0,1029.0,1026.0162291666666,1026.0,1026.2662291666666,0.0,0.0,0.0,180.0,"left,right"
Recorder 1 - 1704 to 2804,04-20-2026,19:12:03,1.91779W,50.94273N,100%,17C,45%,1_20260420_191203.wav,AGC,48kHz,stereo,Part2,1_20260420_191203.wav,1089.0,1092.0,1089.6218541666667,1089.3718541666667,1089.8718541666667,-0.0013020833333333333,-0.0625,359.8294055433168,180.1705944566832,"left,right"
Recorder 1 - 1704 to 2804,04-20-2026,19:12:03,1.91779W,50.94273N,100%,17C,45%,1_20260420_191203.wav,AGC,48kHz,stereo,Part2,1_20260420_191203.wav,1164.0,1167.0,1164.6378541666666,1164.3878541666666,1164.8878541666666,-0.0026041666666666665,-0.125,359.65880957427,180.34119042573002,"left,right"
Recorder 1 - 1704 to 2804,04-20-2026,19:12:03,1.91779W,50.94273N,100%,17C,45%,1_20260420_191203.wav,AGC,48kHz,stereo,Part2,1_20260420_191203.wav,1269.0,1272.0,1270.1095,1269.8595,1270.3595,0.0013020833333333333,0.0625,0.1705944566832045,179.8294055433168,"left,right"
Recorder 1 - 1704 to 2804,04-20-2026,19:12:03,1.91779W,50.94273N,100%,17C,45%,1_20260420_191203.wav,AGC,48kHz,stereo,Part2,1_20260420_191203.wav,1344.0,1347.0,1345.9734166666667,1345.7234166666667,1346.2234166666667,0.0,0.0,0.0,180.0,"left,right"
Recorder 1 - 1704 to 2804,04-21-2026,06:39:02,1.91779W,50.94273N,100%,2C,99%,1_20260421_063902.wav,AGC,48kHz,stereo,Part1,1_20260421_063902.wav,435.0,438.0,436.5828125,436.3328125,436.8328125,0.0,0.0,0.0,180.0,"left,right"
Recorder 1 - 1704 to 2804,04-21-2026,06:39:02,1.91779W,50.94273N,100%,2C,99%,1_20260421_063902.wav,AGC,48kHz,stereo,Part1,1_20260421_063902.wav,657.0,660.0,659.8985416666667,659.6485416666667,660.0,-0.0013020833333333333,-0.0625,359.8294055433168,180.1705944566832,"left,right"
Recorder 1 - 1704 to 2804,04-21-2026,18:42:02,1.91779W,50.94273N,100%,18C,41%,1_20260421_184202.wav,AGC,48kHz,stereo,Part1,1_20260421_184202.wav,564.0,567.0,566.6138958333333,566.3638958333333,566.8638958333333,0.0013020833333333333,0.0625,0.1705944566832045,179.8294055433168,"left,right"
Recorder 1 - 1704 to 2804,04-21-2026,19:12:03,1.91779W,50.94273N,100%,18C,41%,1_20260421_191203.wav,AGC,48kHz,stereo,Part2,1_20260421_191203.wav,69.0,72.0,69.19672916666667,69.0,69.44672916666667,0.0,0.0,0.0,180.0,"left,right"
Recorder 1 - 1704 to 2804,04-21-2026,19:12:03,1.91779W,50.94273N,100%,18C,41%,1_20260421_191203.wav,AGC,48kHz,stereo,Part2,1_20260421_191203.wav,444.0,447.0,446.9156458333333,446.6656458333333,447.0,0.018229166666666668,0.8750000000000001,2.389011046620638,177.61098895337938,"left,right"
Recorder 1 - 1704 to 2804,04-21-2026,19:12:03,1.91779W,50.94273N,100%,18C,41%,1_20260421_191203.wav,AGC,48kHz,stereo,Part2,1_20260421_191203.wav,723.0,726.0,725.6476041666666,725.3976041666666,725.8976041666666,0.0,0.0,0.0,180.0,"left,right"
Recorder 1 - 1704 to 2804,04-21-2026,19:12:03,1.91779W,50.94273N,100%,18C,41%,1_20260421_191203.wav,AGC,48kHz,stereo,Part2,1_20260421_191203.wav,891.0,894.0,891.6675625,891.4175625,891.9175625,0.022135416666666668,1.0625,2.9013412575649227,177.09865874243508,"left,right"
Recorder 1 - 1704 to 2804,04-21-2026,19:12:03,1.91779W,50.94273N,100%,18C,41%,1_20260421_191203.wav,AGC,48kHz,stereo,Part2,1_20260421_191203.wav,1146.0,1149.0,1148.8456041666666,1148.5956041666666,1149.0,0.0013020833333333333,0.0625,0.1705944566832045,179.8294055433168,"left,right"
Recorder 1 - 1704 to 2804,04-22-2026,06:39:02,1.91779W,50.94273N,100%,4C,99%,1_20260422_063902.wav,AGC,48kHz,stereo,Part1,1_20260422_063902.wav,522.0,525.0,522.5964375,522.3464375,522.8464375,0.022135416666666668,1.0625,2.9013412575649227,177.09865874243508,"left,right"
Recorder 1 - 1704 to 2804,04-22-2026,18:42:02,1.91779W,50.94273N,100%,16C,37%,1_20260422_184202.wav,AGC,48kHz,stereo,Part1,1_20260422_184202.wav,291.0,294.0,291.7588958333333,291.5088958333333,292.0088958333333,0.01953125,0.9375,2.559764521436577,177.4402354785634,"left,right"
Recorder 1 - 1704 to 2804,04-22-2026,18:42:02,1.91779W,50.94273N,100%,16C,37%,1_20260422_184202.wav,AGC,48kHz,stereo,Part1,1_20260422_184202.wav,537.0,540.0,539.2185208333333,538.9685208333333,539.4685208333333,-0.020833333333333332,-1.0,357.26945925055134,182.73054074944866,"left,right"
Recorder 1 - 1704 to 2804,04-22-2026,18:42:02,1.91779W,50.94273N,100%,16C,37%,1_20260422_184202.wav,AGC,48kHz,stereo,Part1,1_20260422_184202.wav,657.0,660.0,658.9881666666666,658.7381666666666,659.2381666666666,-0.14453125,-6.9375,340.70118992585884,199.29881007414116,"left,right"
Recorder 1 - 1704 to 2804,04-22-2026,18:42:02,1.91779W,50.94273N,100%,16C,37%,1_20260422_184202.wav,AGC,48kHz,stereo,Part1,1_20260422_184202.wav,1605.0,1608.0,1606.3209791666666,1606.0709791666666,1606.5709791666666,0.0,0.0,0.0,180.0,"left,right"
Recorder 1 - 1704 to 2804,04-22-2026,19:12:03,1.91779W,50.94273N,100%,16C,37%,1_20260422_191203.wav,AGC,48kHz,stereo,Part2,1_20260422_191203.wav,72.0,75.0,73.59535416666667,73.34535416666667,73.84535416666667,-0.2916666666666667,-14.000000000000002,318.1683286674247,221.83167133257527,"left,right"
Recorder 1 - 1704 to 2804,04-24-2026,18:42:02,1.91779W,50.94273N,100%,28C,24%,1_20260424_184202.wav,AGC,48kHz,stereo,Part1,1_20260424_184202.wav,210.0,213.0,212.86083333333335,212.61083333333335,213.0,0.0,0.0,0.0,180.0,"left,right"
Recorder 1 - 1704 to 2804,04-24-2026,18:42:02,1.91779W,50.94273N,100%,28C,24%,1_20260424_184202.wav,AGC,48kHz,stereo,Part1,1_20260424_184202.wav,372.0,375.0,373.759625,373.509625,374.009625,0.0,0.0,0.0,180.0,"left,right"
Recorder 1 - 1704 to 2804,04-24-2026,18:42:02,1.91779W,50.94273N,100%,28C,24%,1_20260424_184202.wav,AGC,48kHz,stereo,Part1,1_20260424_184202.wav,411.0,414.0,412.7475,412.4975,412.9975,0.0,0.0,0.0,180.0,"left,right"
Recorder 1 - 1704 to 2804,04-24-2026,18:42:02,1.91779W,50.94273N,100%,28C,24%,1_20260424_184202.wav,AGC,48kHz,stereo,Part1,1_20260424_184202.wav,495.0,498.0,497.5034166666667,497.2534166666667,497.7534166666667,0.0013020833333333333,0.0625,0.1705944566832045,179.8294055433168,"left,right"
Recorder 1 - 1704 to 2804,04-24-2026,18:42:02,1.91779W,50.94273N,100%,28C,24%,1_20260424_184202.wav,AGC,48kHz,stereo,Part1,1_20260424_184202.wav,786.0,789.0,787.627875,787.377875,787.877875,0.0013020833333333333,0.0625,0.1705944566832045,179.8294055433168,"left,right"
Recorder 1 - 1704 to 2804,04-24-2026,18:42:02,1.91779W,50.94273N,100%,28C,24%,1_20260424_184202.wav,AGC,48kHz,stereo,Part1,1_20260424_184202.wav,957.0,960.0,958.2681666666666,958.0181666666666,958.5181666666666,-0.020833333333333332,-1.0,357.26945925055134,182.73054074944866,"left,right"
Recorder 1 - 1704 to 2804,04-24-2026,18:42:02,1.91779W,50.94273N,100%,28C,24%,1_20260424_184202.wav,AGC,48kHz,stereo,Part1,1_20260424_184202.wav,1068.0,1071.0,1068.5887083333334,1068.3387083333334,1068.8387083333334,0.0,0.0,0.0,180.0,"left,right"
Recorder 1 - 1704 to 2804,04-24-2026,18:42:02,1.91779W,50.94273N,100%,28C,24%,1_20260424_184202.wav,AGC,48kHz,stereo,Part1,1_20260424_184202.wav,1191.0,1194.0,1192.9195833333333,1192.6695833333333,1193.1695833333333,-0.01953125,-0.9375,357.4402354785634,182.5597645214366,"left,right"
Recorder 1 - 1704 to 2804,04-24-2026,19:12:03,1.91779W,50.94273N,100%,28C,24%,1_20260424_191203.wav,AGC,48kHz,stereo,Part2,1_20260424_191203.wav,42.0,45.0,43.96885416666667,43.71885416666667,44.21885416666667,0.0013020833333333333,0.0625,0.1705944566832045,179.8294055433168,"left,right"
Recorder 1 - 1704 to 2804,04-24-2026,19:12:03,1.91779W,50.94273N,100%,28C,24%,1_20260424_191203.wav,AGC,48kHz,stereo,Part2,1_20260424_191203.wav,1365.0,1368.0,1365.1273541666667,1365.0,1365.3773541666667,0.0013020833333333333,0.0625,0.1705944566832045,179.8294055433168,"left,right"
Recorder 1 - 1704 to 2804,04-24-2026,19:12:03,1.91779W,50.94273N,100%,28C,24%,1_20260424_191203.wav,AGC,48kHz,stereo,Part2,1_20260424_191203.wav,1449.0,1452.0,1451.1690625,1450.9190625,1451.4190625,0.0,0.0,0.0,180.0,"left,right"
Recorder 1 - 1704 to 2804,04-25-2026,06:39:02,1.91779W,50.94273N,100%,5C,62%,1_20260425_063902.wav,AGC,48kHz,stereo,Part1,1_20260425_063902.wav,84.0,87.0,86.74664583333333,86.49664583333333,86.99664583333333,0.0,0.0,0.0,180.0,"left,right"
Recorder 1 - 1704 to 2804,04-25-2026,06:39:02,1.91779W,50.94273N,100%,5C,62%,1_20260425_063902.wav,AGC,48kHz,stereo,Part1,1_20260425_063902.wav,561.0,564.0,561.7467083333333,561.4967083333333,561.9967083333333,-0.022135416666666668,-1.0625,357.0986587424351,182.90134125756492,"left,right"
Recorder 1 - 1704 to 2804,04-25-2026,07:09:03,1.91779W,50.94273N,100%,5C,62%,1_20260425_070903.wav,AGC,48kHz,stereo,Part2,1_20260425_070903.wav,456.0,459.0,457.94616666666667,457.69616666666667,458.19616666666667,0.0,0.0,0.0,180.0,"left,right"
Recorder 1 - 1704 to 2804,04-25-2026,18:42:02,1.91779W,50.94273N,100%,28C,24%,1_20260425_184202.wav,AGC,48kHz,stereo,Part1,1_20260425_184202.wav,1284.0,1287.0,1286.7643958333333,1286.5143958333333,1287.0,0.0,0.0,0.0,180.0,"left,right"
Recorder 1 - 1704 to 2804,04-25-2026,19:12:03,1.91779W,50.94273N,100%,28C,24%,1_20260425_191203.wav,AGC,48kHz,stereo,Part2,1_20260425_191203.wav,15.0,18.0,15.794458333333333,15.544458333333333,16.044458333333335,0.01953125,0.9375,2.559764521436577,177.4402354785634,"left,right"
Recorder 1 - 1704 to 2804,04-25-2026,19:12:03,1.91779W,50.94273N,100%,28C,24%,1_20260425_191203.wav,AGC,48kHz,stereo,Part2,1_20260425_191203.wav,120.0,123.0,122.39804166666667,122.14804166666667,122.64804166666667,0.0013020833333333333,0.0625,0.1705944566832045,179.8294055433168,"left,right"
Recorder 1 - 1704 to 2804,04-25-2026,19:12:03,1.91779W,50.94273N,100%,28C,24%,1_20260425_191203.wav,AGC,48kHz,stereo,Part2,1_20260425_191203.wav,222.0,225.0,223.03429166666666,222.78429166666666,223.28429166666666,0.0,0.0,0.0,180.0,"left,right"
Recorder 1 - 1704 to 2804,04-25-2026,19:12:03,1.91779W,50.94273N,100%,28C,24%,1_20260425_191203.wav,AGC,48kHz,stereo,Part2,1_20260425_191203.wav,309.0,312.0,310.61175,310.36175,310.86175,0.0,0.0,0.0,180.0,"left,right"
Recorder 1 - 1704 to 2804,04-25-2026,19:12:03,1.91779W,50.94273N,100%,28C,24%,1_20260425_191203.wav,AGC,48kHz,stereo,Part2,1_20260425_191203.wav,357.0,360.0,357.6690208333333,357.4190208333333,357.9190208333333,0.0013020833333333333,0.0625,0.1705944566832045,179.8294055433168,"left,right"
Recorder 1 - 1704 to 2804,04-25-2026,19:12:03,1.91779W,50.94273N,100%,28C,24%,1_20260425_191203.wav,AGC,48kHz,stereo,Part2,1_20260425_191203.wav,468.0,471.0,469.96735416666667,469.71735416666667,470.21735416666667,0.0,0.0,0.0,180.0,"left,right"
Recorder 1 - 1704 to 2804,04-25-2026,19:12:03,1.91779W,50.94273N,100%,28C,24%,1_20260425_191203.wav,AGC,48kHz,stereo,Part2,1_20260425_191203.wav,597.0,600.0,598.6219375,598.3719375,598.8719375,-0.0013020833333333333,-0.0625,359.8294055433168,180.1705944566832,"left,right"
Recorder 1 - 1704 to 2804,04-25-2026,19:12:03,1.91779W,50.94273N,100%,28C,24%,1_20260425_191203.wav,AGC,48kHz,stereo,Part2,1_20260425_191203.wav,693.0,696.0,695.0922916666667,694.8422916666667,695.3422916666667,0.0013020833333333333,0.0625,0.1705944566832045,179.8294055433168,"left,right"
Recorder 1 - 1704 to 2804,04-25-2026,19:12:03,1.91779W,50.94273N,100%,28C,24%,1_20260425_191203.wav,AGC,48kHz,stereo,Part2,1_20260425_191203.wav,723.0,726.0,725.9764583333333,725.7264583333333,726.0,-0.0026041666666666665,-0.125,359.65880957427,180.34119042573002,"left,right"
Recorder 1 - 1704 to 2804,04-25-2026,19:12:03,1.91779W,50.94273N,100%,28C,24%,1_20260425_191203.wav,AGC,48kHz,stereo,Part2,1_20260425_191203.wav,726.0,729.0,726.0219583333334,726.0,726.2719583333334,0.0026041666666666665,0.125,0.34119042573000513,179.65880957426998,"left,right"
Recorder 1 - 1704 to 2804,04-25-2026,19:12:03,1.91779W,50.94273N,100%,28C,24%,1_20260425_191203.wav,AGC,48kHz,stereo,Part2,1_20260425_191203.wav,852.0,855.0,853.1108333333333,852.8608333333333,853.3608333333333,-0.01953125,-0.9375,357.4402354785634,182.5597645214366,"left,right"
Recorder 1 - 1704 to 2804,04-25-2026,19:12:03,1.91779W,50.94273N,100%,28C,24%,1_20260425_191203.wav,AGC,48kHz,stereo,Part2,1_20260425_191203.wav,945.0,948.0,947.9875416666666,947.7375416666666,948.0,-0.020833333333333332,-1.0,357.26945925055134,182.73054074944866,"left,right"
Recorder 1 - 1704 to 2804,04-25-2026,19:12:03,1.91779W,50.94273N,100%,28C,24%,1_20260425_191203.wav,AGC,48kHz,stereo,Part2,1_20260425_191203.wav,948.0,951.0,948.1316666666667,948.0,948.3816666666667,0.020833333333333332,1.0,2.730540749448636,177.26945925055136,"left,right"
Recorder 1 - 1704 to 2804,04-25-2026,19:12:03,1.91779W,50.94273N,100%,28C,24%,1_20260425_191203.wav,AGC,48kHz,stereo,Part2,1_20260425_191203.wav,987.0,990.0,987.1939166666667,987.0,987.4439166666667,0.0013020833333333333,0.0625,0.1705944566832045,179.8294055433168,"left,right"
Recorder 1 - 1704 to 2804,04-25-2026,19:12:03,1.91779W,50.94273N,100%,28C,24%,1_20260425_191203.wav,AGC,48kHz,stereo,Part2,1_20260425_191203.wav,1053.0,1056.0,1055.1468125,1054.8968125,1055.3968125,0.0,0.0,0.0,180.0,"left,right"
Recorder 1 - 1704 to 2804,04-25-2026,19:12:03,1.91779W,50.94273N,100%,28C,24%,1_20260425_191203.wav,AGC,48kHz,stereo,Part2,1_20260425_191203.wav,1089.0,1092.0,1091.3019375,1091.0519375,1091.5519375,0.0,0.0,0.0,180.0,"left,right"
Recorder 1 - 1704 to 2804,04-25-2026,19:12:03,1.91779W,50.94273N,100%,28C,24%,1_20260425_191203.wav,AGC,48kHz,stereo,Part2,1_20260425_191203.wav,1212.0,1215.0,1214.9281041666666,1214.6781041666666,1215.0,0.020833333333333332,1.0,2.730540749448636,177.26945925055136,"left,right"
Recorder 1 - 1704 to 2804,04-25-2026,19:12:03,1.91779W,50.94273N,100%,28C,24%,1_20260425_191203.wav,AGC,48kHz,stereo,Part2,1_20260425_191203.wav,1215.0,1218.0,1215.0110833333333,1215.0,1215.2610833333333,-0.0013020833333333333,-0.0625,359.8294055433168,180.1705944566832,"left,right"
Recorder 1 - 1704 to 2804,04-25-2026,19:12:03,1.91779W,50.94273N,100%,28C,24%,1_20260425_191203.wav,AGC,48kHz,stereo,Part2,1_20260425_191203.wav,1356.0,1359.0,1356.6212083333332,1356.3712083333332,1356.8712083333332,0.01953125,0.9375,2.559764521436577,177.4402354785634,"left,right"
Recorder 1 - 1704 to 2804,04-25-2026,19:12:03,1.91779W,50.94273N,100%,28C,24%,1_20260425_191203.wav,AGC,48kHz,stereo,Part2,1_20260425_191203.wav,1374.0,1377.0,1376.443,1376.193,1376.693,0.0013020833333333333,0.0625,0.1705944566832045,179.8294055433168,"left,right"
Recorder 1 - 1704 to 2804,04-25-2026,19:12:03,1.91779W,50.94273N,100%,28C,24%,1_20260425_191203.wav,AGC,48kHz,stereo,Part2,1_20260425_191203.wav,1500.0,1503.0,1501.2760833333334,1501.0260833333334,1501.5260833333334,-0.020833333333333332,-1.0,357.26945925055134,182.73054074944866,"left,right"
Recorder 1 - 1704 to 2804,04-25-2026,19:12:03,1.91779W,50.94273N,100%,28C,24%,1_20260425_191203.wav,AGC,48kHz,stereo,Part2,1_20260425_191203.wav,1596.0,1599.0,1597.5850625,1597.3350625,1597.8350625,0.0,0.0,0.0,180.0,"left,right"
Recorder 1 - 1704 to 2804,04-25-2026,19:12:03,1.91779W,50.94273N,100%,28C,24%,1_20260425_191203.wav,AGC,48kHz,stereo,Part2,1_20260425_191203.wav,1695.0,1698.0,1697.7431458333333,1697.4931458333333,1697.9931458333333,0.0,0.0,0.0,180.0,"left,right"
Recorder 1 - 1704 to 2804,04-25-2026,19:12:03,1.91779W,50.94273N,100%,28C,24%,1_20260425_191203.wav,AGC,48kHz,stereo,Part2,1_20260425_191203.wav,1698.0,1701.0,1698.0459375,1698.0,1698.2959375,0.0,0.0,0.0,180.0,"left,right"
Recorder 1 - 1704 to 2804,04-26-2026,18:42:02,1.91773W,50.94273N,100%,23C,20%,1_20260426_184202.wav,AGC,48kHz,stereo,Part1,1_20260426_184202.wav,594.0,597.0,594.2872708333333,594.0372708333333,594.5372708333333,0.018229166666666668,0.8750000000000001,2.389011046620638,177.61098895337938,"left,right"
Recorder 1 - 1704 to 2804,04-26-2026,18:42:02,1.91773W,50.94273N,100%,23C,20%,1_20260426_184202.wav,AGC,48kHz,stereo,Part1,1_20260426_184202.wav,1347.0,1350.0,1348.6957708333334,1348.4457708333334,1348.9457708333334,-0.018229166666666668,-0.8750000000000001,357.6109889533793,182.38901104662065,"left,right"
Recorder 1 - 1704 to 2804,04-26-2026,19:12:03,1.91773W,50.94273N,100%,23C,20%,1_20260426_191203.wav,AGC,48kHz,stereo,Part2,1_20260426_191203.wav,156.0,159.0,158.5004375,158.2504375,158.7504375,0.0013020833333333333,0.0625,0.1705944566832045,179.8294055433168,"left,right"
Recorder 1 - 1704 to 2804,04-27-2026,06:39:02,1.91773W,50.94273N,100%,6C,92%,1_20260427_063902.wav,AGC,48kHz,stereo,Part1,1_20260427_063902.wav,210.0,213.0,212.09810416666667,211.84810416666667,212.34810416666667,-0.0013020833333333333,-0.0625,359.8294055433168,180.1705944566832,"left,right"
Recorder 1 - 1704 to 2804,04-27-2026,06:39:02,1.91773W,50.94273N,100%,6C,92%,1_20260427_063902.wav,AGC,48kHz,stereo,Part1,1_20260427_063902.wav,303.0,306.0,305.2216875,304.9716875,305.4716875,0.0,0.0,0.0,180.0,"left,right"
Recorder 1 - 1704 to 2804,04-27-2026,06:39:02,1.91773W,50.94273N,100%,6C,92%,1_20260427_063902.wav,AGC,48kHz,stereo,Part1,1_20260427_063902.wav,438.0,441.0,440.8166458333333,440.5666458333333,441.0,0.0,0.0,0.0,180.0,"left,right"
Recorder 1 - 1704 to 2804,04-27-2026,06:39:02,1.91773W,50.94273N,100%,6C,92%,1_20260427_063902.wav,AGC,48kHz,stereo,Part1,1_20260427_063902.wav,441.0,444.0,441.12125,441.0,441.37125,-0.0013020833333333333,-0.0625,359.8294055433168,180.1705944566832,"left,right"
Recorder 1 - 1704 to 2804,04-27-2026,06:39:02,1.91773W,50.94273N,100%,6C,92%,1_20260427_063902.wav,AGC,48kHz,stereo,Part1,1_20260427_063902.wav,582.0,585.0,584.6139791666667,584.3639791666667,584.8639791666667,0.018229166666666668,0.8750000000000001,2.389011046620638,177.61098895337938,"left,right"
Recorder 1 - 1704 to 2804,04-27-2026,06:39:02,1.91773W,50.94273N,100%,6C,92%,1_20260427_063902.wav,AGC,48kHz,stereo,Part1,1_20260427_063902.wav,687.0,690.0,689.3853541666666,689.1353541666666,689.6353541666666,0.0,0.0,0.0,180.0,"left,right"
Recorder 1 - 1704 to 2804,04-27-2026,06:39:02,1.91773W,50.94273N,100%,6C,92%,1_20260427_063902.wav,AGC,48kHz,stereo,Part1,1_20260427_063902.wav,828.0,831.0,828.20225,828.0,828.45225,-0.0013020833333333333,-0.0625,359.8294055433168,180.1705944566832,"left,right"
Recorder 1 - 1704 to 2804,04-27-2026,06:39:02,1.91773W,50.94273N,100%,6C,92%,1_20260427_063902.wav,AGC,48kHz,stereo,Part1,1_20260427_063902.wav,1035.0,1038.0,1035.5688333333333,1035.3188333333333,1035.8188333333333,0.020833333333333332,1.0,2.730540749448636,177.26945925055136,"left,right"
Recorder 1 - 1704 to 2804,04-27-2026,06:39:02,1.91773W,50.94273N,100%,6C,92%,1_20260427_063902.wav,AGC,48kHz,stereo,Part1,1_20260427_063902.wav,1293.0,1296.0,1295.0893541666667,1294.8393541666667,1295.3393541666667,0.0,0.0,0.0,180.0,"left,right"
Recorder 1 - 1704 to 2804,04-27-2026,06:39:02,1.91773W,50.94273N,100%,6C,92%,1_20260427_063902.wav,AGC,48kHz,stereo,Part1,1_20260427_063902.wav,1542.0,1545.0,1543.6201875,1543.3701875,1543.8701875,0.0,0.0,0.0,180.0,"left,right"
Recorder 1 - 1704 to 2804,04-27-2026,06:39:02,1.91773W,50.94273N,100%,6C,92%,1_20260427_063902.wav,AGC,48kHz,stereo,Part1,1_20260427_063902.wav,1725.0,1728.0,1727.3826875,1727.1326875,1727.6326875,0.0,0.0,0.0,180.0,"left,right"
Recorder 1 - 1704 to 2804,04-27-2026,07:09:03,1.91773W,50.94273N,100%,6C,92%,1_20260427_070903.wav,AGC,48kHz,stereo,Part2,1_20260427_070903.wav,210.0,213.0,211.75008333333332,211.50008333333332,212.00008333333332,-0.020833333333333332,-1.0,357.26945925055134,182.73054074944866,"left,right"
Recorder 1 - 1704 to 2804,04-27-2026,07:09:03,1.91773W,50.94273N,100%,6C,92%,1_20260427_070903.wav,AGC,48kHz,stereo,Part2,1_20260427_070903.wav,687.0,690.0,688.1744166666666,687.9244166666666,688.4244166666666,0.0,0.0,0.0,180.0,"left,right"
Recorder 1 - 1704 to 2804,04-27-2026,07:09:03,1.91773W,50.94273N,100%,6C,92%,1_20260427_070903.wav,AGC,48kHz,stereo,Part2,1_20260427_070903.wav,1197.0,1200.0,1198.9693958333332,1198.7193958333332,1199.2193958333332,0.0,0.0,0.0,180.0,"left,right"
Recorder 1 - 1704 to 2804,04-27-2026,18:42:02,1.91773W,50.94273N,100%,21C,40%,1_20260427_184202.wav,AGC,48kHz,stereo,Part1,1_20260427_184202.wav,234.0,237.0,234.46685416666668,234.21685416666668,234.71685416666668,-0.020833333333333332,-1.0,357.26945925055134,182.73054074944866,"left,right"
Recorder 1 - 1704 to 2804,04-27-2026,18:42:02,1.91773W,50.94273N,100%,21C,40%,1_20260427_184202.wav,AGC,48kHz,stereo,Part1,1_20260427_184202.wav,729.0,732.0,731.1097291666666,730.8597291666666,731.3597291666666,0.0,0.0,0.0,180.0,"left,right"
Recorder 1 - 1704 to 2804,04-27-2026,18:42:02,1.91773W,50.94273N,100%,21C,40%,1_20260427_184202.wav,AGC,48kHz,stereo,Part1,1_20260427_184202.wav,1683.0,1686.0,1684.5017291666666,1684.2517291666666,1684.7517291666666,0.020833333333333332,1.0,2.730540749448636,177.26945925055136,"left,right"
Recorder 1 - 1704 to 2804,04-27-2026,19:12:03,1.91773W,50.94273N,100%,21C,40%,1_20260427_191203.wav,AGC,48kHz,stereo,Part2,1_20260427_191203.wav,249.0,252.0,250.33760416666667,250.08760416666667,250.58760416666667,0.0,0.0,0.0,180.0,"left,right"
Recorder 1 - 1704 to 2804,04-27-2026,19:12:03,1.91773W,50.94273N,100%,21C,40%,1_20260427_191203.wav,AGC,48kHz,stereo,Part2,1_20260427_191203.wav,642.0,645.0,644.3024375,644.0524375,644.5524375,0.0,0.0,0.0,180.0,"left,right"
Recorder 1 - 1704 to 2804,04-27-2026,19:12:03,1.91773W,50.94273N,100%,21C,40%,1_20260427_191203.wav,AGC,48kHz,stereo,Part2,1_20260427_191203.wav,1365.0,1368.0,1367.9621458333334,1367.7121458333334,1368.0,0.0,0.0,0.0,180.0,"left,right"
Recorder 1 - 1704 to 2804,04-27-2026,19:12:03,1.91773W,50.94273N,100%,21C,40%,1_20260427_191203.wav,AGC,48kHz,stereo,Part2,1_20260427_191203.wav,1368.0,1371.0,1368.0100416666667,1368.0,1368.2600416666667,0.020833333333333332,1.0,2.730540749448636,177.26945925055136,"left,right"
Recorder 1 - 1704 to 2804,04-27-2026,19:12:03,1.91773W,50.94273N,100%,21C,40%,1_20260427_191203.wav,AGC,48kHz,stereo,Part2,1_20260427_191203.wav,1473.0,1476.0,1474.5771875,1474.3271875,1474.8271875,0.020833333333333332,1.0,2.730540749448636,177.26945925055136,"left,right"
Recorder 1 - 1704 to 2804,04-27-2026,19:12:03,1.91773W,50.94273N,100%,21C,40%,1_20260427_191203.wav,AGC,48kHz,stereo,Part2,1_20260427_191203.wav,1758.0,1761.0,1760.207875,1759.957875,1760.457875,0.01953125,0.9375,2.559764521436577,177.4402354785634,"left,right"
Recorder 1 - 1704 to 2804,04-28-2026,06:39:02,1.91773W,50.94273N,100%,8C,99%,1_20260428_063902.wav,AGC,48kHz,stereo,Part1,1_20260428_063902.wav,156.0,159.0,158.61079166666667,158.36079166666667,158.86079166666667,-0.0013020833333333333,-0.0625,359.8294055433168,180.1705944566832,"left,right"
Recorder 1 - 1704 to 2804,04-28-2026,06:39:02,1.91773W,50.94273N,100%,8C,99%,1_20260428_063902.wav,AGC,48kHz,stereo,Part1,1_20260428_063902.wav,639.0,642.0,640.1956041666666,639.9456041666666,640.4456041666666,0.0013020833333333333,0.0625,0.1705944566832045,179.8294055433168,"left,right"
Recorder 1 - 1704 to 2804,04-28-2026,18:42:02,1.91773W,50.94273N,100%,25C,33%,1_20260428_184202.wav,AGC,48kHz,stereo,Part1,1_20260428_184202.wav,93.0,96.0,95.7175,95.4675,95.9675,-0.0013020833333333333,-0.0625,359.8294055433168,180.1705944566832,"left,right"
Recorder 1 - 1704 to 2804,04-28-2026,18:42:02,1.91773W,50.94273N,100%,25C,33%,1_20260428_184202.wav,AGC,48kHz,stereo,Part1,1_20260428_184202.wav,1230.0,1233.0,1230.1745625,1230.0,1230.4245625,0.0,0.0,0.0,180.0,"left,right"
Recorder 1 - 1704 to 2804,04-28-2026,18:42:02,1.91773W,50.94273N,100%,25C,33%,1_20260428_184202.wav,AGC,48kHz,stereo,Part1,1_20260428_184202.wav,1515.0,1518.0,1515.8105416666667,1515.5605416666667,1516.0605416666667,-0.0013020833333333333,-0.0625,359.8294055433168,180.1705944566832,"left,right"
Recorder 2 - 1004 to 1704,04-10-2026,18:42:02,1.91834W,50.94073N,100%,9C,64%,2_20260410_184202.wav,AGC,48kHz,stereo,Part1,2_20260410_184202.wav,507.0,510.0,509.08366666666666,508.83366666666666,509.33366666666666,0.01953125,0.9375,2.559764521436577,177.4402354785634,"left,right"
Recorder 2 - 1004 to 1704,04-10-2026,18:42:02,1.91834W,50.94073N,100%,9C,64%,2_20260410_184202.wav,AGC,48kHz,stereo,Part1,2_20260410_184202.wav,843.0,846.0,845.1692916666667,844.9192916666667,845.4192916666667,-0.0013020833333333333,-0.0625,359.8294055433168,180.1705944566832,"left,right"
Recorder 2 - 1004 to 1704,04-10-2026,18:42:02,1.91834W,50.94073N,100%,9C,64%,2_20260410_184202.wav,AGC,48kHz,stereo,Part1,2_20260410_184202.wav,1041.0,1044.0,1041.2353541666666,1041.0,1041.4853541666666,0.0,0.0,0.0,180.0,"left,right"
Recorder 2 - 1004 to 1704,04-10-2026,18:42:02,1.91834W,50.94073N,100%,9C,64%,2_20260410_184202.wav,AGC,48kHz,stereo,Part1,2_20260410_184202.wav,1209.0,1212.0,1209.7601666666667,1209.5101666666667,1210.0101666666667,0.0390625,1.875,5.124656190170086,174.87534380982993,"left,right"
Recorder 2 - 1004 to 1704,04-10-2026,18:42:02,1.91834W,50.94073N,100%,9C,64%,2_20260410_184202.wav,AGC,48kHz,stereo,Part1,2_20260410_184202.wav,1347.0,1350.0,1347.6374166666667,1347.3874166666667,1347.8874166666667,-0.0013020833333333333,-0.0625,359.8294055433168,180.1705944566832,"left,right"
Recorder 2 - 1004 to 1704,04-10-2026,18:42:02,1.91834W,50.94073N,100%,9C,64%,2_20260410_184202.wav,AGC,48kHz,stereo,Part1,2_20260410_184202.wav,1545.0,1548.0,1545.9915416666668,1545.7415416666668,1546.2415416666668,0.0,0.0,0.0,180.0,"left,right"
Recorder 2 - 1004 to 1704,04-10-2026,19:12:03,1.91834W,50.94073N,100%,9C,64%,2_20260410_191203.wav,AGC,48kHz,stereo,Part2,2_20260410_191203.wav,186.0,189.0,186.06047916666665,186.0,186.31047916666665,0.0,0.0,0.0,180.0,"left,right"
Recorder 2 - 1004 to 1704,04-10-2026,19:12:03,1.91834W,50.94073N,100%,9C,64%,2_20260410_191203.wav,AGC,48kHz,stereo,Part2,2_20260410_191203.wav,552.0,555.0,553.5106041666667,553.2606041666667,553.7606041666667,0.0013020833333333333,0.0625,0.1705944566832045,179.8294055433168,"left,right"
Recorder 2 - 1004 to 1704,04-12-2026,06:39:02,1.91835W,50.94075N,100%,5C,88%,2_20260412_063902.wav,AGC,48kHz,stereo,Part1,2_20260412_063902.wav,3.0,6.0,3.6506875,3.4006875,3.9006875,0.0013020833333333333,0.0625,0.1705944566832045,179.8294055433168,"left,right"
Recorder 2 - 1004 to 1704,04-12-2026,06:39:02,1.91835W,50.94075N,100%,5C,88%,2_20260412_063902.wav,AGC,48kHz,stereo,Part1,2_20260412_063902.wav,90.0,93.0,91.44845833333333,91.19845833333333,91.69845833333333,-0.01953125,-0.9375,357.4402354785634,182.5597645214366,"left,right"
Recorder 2 - 1004 to 1704,04-12-2026,06:39:02,1.91835W,50.94075N,100%,5C,88%,2_20260412_063902.wav,AGC,48kHz,stereo,Part1,2_20260412_063902.wav,258.0,261.0,258.55108333333334,258.30108333333334,258.80108333333334,0.0,0.0,0.0,180.0,"left,right"
Recorder 2 - 1004 to 1704,04-12-2026,06:39:02,1.91835W,50.94075N,100%,5C,88%,2_20260412_063902.wav,AGC,48kHz,stereo,Part1,2_20260412_063902.wav,369.0,372.0,370.7315208333333,370.4815208333333,370.9815208333333,-0.0013020833333333333,-0.0625,359.8294055433168,180.1705944566832,"left,right"
Recorder 2 - 1004 to 1704,04-12-2026,06:39:02,1.91835W,50.94075N,100%,5C,88%,2_20260412_063902.wav,AGC,48kHz,stereo,Part1,2_20260412_063902.wav,708.0,711.0,709.4170833333334,709.1670833333334,709.6670833333334,0.01953125,0.9375,2.559764521436577,177.4402354785634,"left,right"
Recorder 2 - 1004 to 1704,04-12-2026,06:39:02,1.91835W,50.94075N,100%,5C,88%,2_20260412_063902.wav,AGC,48kHz,stereo,Part1,2_20260412_063902.wav,930.0,933.0,931.67925,931.42925,931.92925,0.0,0.0,0.0,180.0,"left,right"
Recorder 2 - 1004 to 1704,04-12-2026,06:39:02,1.91835W,50.94075N,100%,5C,88%,2_20260412_063902.wav,AGC,48kHz,stereo,Part1,2_20260412_063902.wav,1062.0,1065.0,1064.5685,1064.3185,1064.8185,-0.01953125,-0.9375,357.4402354785634,182.5597645214366,"left,right"
Recorder 2 - 1004 to 1704,04-12-2026,06:39:02,1.91835W,50.94075N,100%,5C,88%,2_20260412_063902.wav,AGC,48kHz,stereo,Part1,2_20260412_063902.wav,1197.0,1200.0,1197.4778541666667,1197.2278541666667,1197.7278541666667,-0.01953125,-0.9375,357.4402354785634,182.5597645214366,"left,right"
Recorder 2 - 1004 to 1704,04-12-2026,06:39:02,1.91835W,50.94075N,100%,5C,88%,2_20260412_063902.wav,AGC,48kHz,stereo,Part1,2_20260412_063902.wav,1311.0,1314.0,1312.7186041666666,1312.4686041666666,1312.9686041666666,0.01953125,0.9375,2.559764521436577,177.4402354785634,"left,right"
Recorder 2 - 1004 to 1704,04-12-2026,06:39:02,1.91835W,50.94075N,100%,5C,88%,2_20260412_063902.wav,AGC,48kHz,stereo,Part1,2_20260412_063902.wav,1554.0,1557.0,1555.1191666666666,1554.8691666666666,1555.3691666666666,0.0,0.0,0.0,180.0,"left,right"
Recorder 2 - 1004 to 1704,04-12-2026,07:09:03,1.91835W,50.94075N,100%,5C,88%,2_20260412_070903.wav,AGC,48kHz,stereo,Part2,2_20260412_070903.wav,39.0,42.0,40.11352083333333,39.86352083333333,40.36352083333333,0.018229166666666668,0.8750000000000001,2.389011046620638,177.61098895337938,"left,right"
Recorder 2 - 1004 to 1704,04-12-2026,07:09:03,1.91835W,50.94075N,100%,5C,88%,2_20260412_070903.wav,AGC,48kHz,stereo,Part2,2_20260412_070903.wav,477.0,480.0,479.9806041666667,479.7306041666667,480.0,0.01953125,0.9375,2.559764521436577,177.4402354785634,"left,right"
Recorder 2 - 1004 to 1704,04-12-2026,07:09:03,1.91835W,50.94075N,100%,5C,88%,2_20260412_070903.wav,AGC,48kHz,stereo,Part2,2_20260412_070903.wav,714.0,717.0,716.7419166666666,716.4919166666666,716.9919166666666,0.0,0.0,0.0,180.0,"left,right"
Recorder 2 - 1004 to 1704,04-12-2026,07:09:03,1.91835W,50.94075N,100%,5C,88%,2_20260412_070903.wav,AGC,48kHz,stereo,Part2,2_20260412_070903.wav,1086.0,1089.0,1087.4955833333333,1087.2455833333333,1087.7455833333333,0.0,0.0,0.0,180.0,"left,right"
Recorder 2 - 1004 to 1704,04-12-2026,07:09:03,1.91835W,50.94075N,100%,5C,88%,2_20260412_070903.wav,AGC,48kHz,stereo,Part2,2_20260412_070903.wav,1533.0,1536.0,1534.3778958333332,1534.1278958333332,1534.6278958333332,-0.022135416666666668,-1.0625,357.0986587424351,182.90134125756492,"left,right"
Recorder 2 - 1004 to 1704,04-12-2026,18:42:02,1.91835W,50.94075N,100%,14C,53%,2_20260412_184202.wav,AGC,48kHz,stereo,Part1,2_20260412_184202.wav,99.0,102.0,99.456875,99.206875,99.706875,-0.01953125,-0.9375,357.4402354785634,182.5597645214366,"left,right"
Recorder 2 - 1004 to 1704,04-12-2026,18:42:02,1.91835W,50.94075N,100%,14C,53%,2_20260412_184202.wav,AGC,48kHz,stereo,Part1,2_20260412_184202.wav,405.0,408.0,405.205125,405.0,405.455125,0.0013020833333333333,0.0625,0.1705944566832045,179.8294055433168,"left,right"
Recorder 2 - 1004 to 1704,04-12-2026,18:42:02,1.91835W,50.94075N,100%,14C,53%,2_20260412_184202.wav,AGC,48kHz,stereo,Part1,2_20260412_184202.wav,888.0,891.0,889.8226041666667,889.5726041666667,890.0726041666667,0.14322916666666666,6.875,19.11815850349892,160.88184149650107,"left,right"
Recorder 2 - 1004 to 1704,04-12-2026,18:42:02,1.91835W,50.94075N,100%,14C,53%,2_20260412_184202.wav,AGC,48kHz,stereo,Part1,2_20260412_184202.wav,1038.0,1041.0,1038.2259375,1038.0,1038.4759375,0.0,0.0,0.0,180.0,"left,right"
Recorder 2 - 1004 to 1704,04-12-2026,18:42:02,1.91835W,50.94075N,100%,14C,53%,2_20260412_184202.wav,AGC,48kHz,stereo,Part1,2_20260412_184202.wav,1182.0,1185.0,1182.0745833333333,1182.0,1182.3245833333333,-0.020833333333333332,-1.0,357.26945925055134,182.73054074944866,"left,right"
Recorder 2 - 1004 to 1704,04-12-2026,18:42:02,1.91835W,50.94075N,100%,14C,53%,2_20260412_184202.wav,AGC,48kHz,stereo,Part1,2_20260412_184202.wav,1215.0,1218.0,1215.1529166666667,1215.0,1215.4029166666667,0.0,0.0,0.0,180.0,"left,right"
Recorder 2 - 1004 to 1704,04-12-2026,18:42:02,1.91835W,50.94075N,100%,14C,53%,2_20260412_184202.wav,AGC,48kHz,stereo,Part1,2_20260412_184202.wav,1419.0,1422.0,1421.9313541666668,1421.6813541666668,1422.0,0.0,0.0,0.0,180.0,"left,right"
Recorder 2 - 1004 to 1704,04-12-2026,18:42:02,1.91835W,50.94075N,100%,14C,53%,2_20260412_184202.wav,AGC,48kHz,stereo,Part1,2_20260412_184202.wav,1530.0,1533.0,1530.279375,1530.029375,1530.529375,0.0,0.0,0.0,180.0,"left,right"
Recorder 2 - 1004 to 1704,04-12-2026,19:12:03,1.91835W,50.94075N,100%,14C,53%,2_20260412_191203.wav,AGC,48kHz,stereo,Part2,2_20260412_191203.wav,132.0,135.0,134.9418125,134.6918125,135.0,-0.020833333333333332,-1.0,357.26945925055134,182.73054074944866,"left,right"
Recorder 2 - 1004 to 1704,04-12-2026,19:12:03,1.91835W,50.94075N,100%,14C,53%,2_20260412_191203.wav,AGC,48kHz,stereo,Part2,2_20260412_191203.wav,135.0,138.0,135.01004166666667,135.0,135.26004166666667,0.0,0.0,0.0,180.0,"left,right"
Recorder 2 - 1004 to 1704,04-12-2026,19:12:03,1.91835W,50.94075N,100%,14C,53%,2_20260412_191203.wav,AGC,48kHz,stereo,Part2,2_20260412_191203.wav,213.0,216.0,213.75375,213.50375,214.00375,0.0013020833333333333,0.0625,0.1705944566832045,179.8294055433168,"left,right"
Recorder 2 - 1004 to 1704,04-12-2026,19:12:03,1.91835W,50.94075N,100%,14C,53%,2_20260412_191203.wav,AGC,48kHz,stereo,Part2,2_20260412_191203.wav,261.0,264.0,261.90820833333333,261.65820833333333,262.15820833333333,0.020833333333333332,1.0,2.730540749448636,177.26945925055136,"left,right"
Recorder 2 - 1004 to 1704,04-12-2026,19:12:03,1.91835W,50.94075N,100%,14C,53%,2_20260412_191203.wav,AGC,48kHz,stereo,Part2,2_20260412_191203.wav,318.0,321.0,318.29516666666666,318.04516666666666,318.54516666666666,0.0,0.0,0.0,180.0,"left,right"
Recorder 2 - 1004 to 1704,04-12-2026,19:12:03,1.91835W,50.94075N,100%,14C,53%,2_20260412_191203.wav,AGC,48kHz,stereo,Part2,2_20260412_191203.wav,438.0,441.0,439.0971875,438.8471875,439.3471875,-0.061197916666666664,-2.9375,351.955669880539,188.044330119461,"left,right"
Recorder 2 - 1004 to 1704,04-12-2026,19:12:03,1.91835W,50.94075N,100%,14C,53%,2_20260412_191203.wav,AGC,48kHz,stereo,Part2,2_20260412_191203.wav,591.0,594.0,592.066625,591.816625,592.316625,0.0,0.0,0.0,180.0,"left,right"
Recorder 2 - 1004 to 1704,04-12-2026,19:12:03,1.91835W,50.94075N,100%,14C,53%,2_20260412_191203.wav,AGC,48kHz,stereo,Part2,2_20260412_191203.wav,732.0,735.0,732.6667291666666,732.4167291666666,732.9167291666666,0.0,0.0,0.0,180.0,"left,right"
Recorder 2 - 1004 to 1704,04-12-2026,19:12:03,1.91835W,50.94075N,100%,14C,53%,2_20260412_191203.wav,AGC,48kHz,stereo,Part2,2_20260412_191203.wav,1008.0,1011.0,1010.8044791666666,1010.5544791666666,1011.0,0.0,0.0,0.0,180.0,"left,right"
Recorder 2 - 1004 to 1704,04-12-2026,19:12:03,1.91835W,50.94075N,100%,14C,53%,2_20260412_191203.wav,AGC,48kHz,stereo,Part2,2_20260412_191203.wav,1164.0,1167.0,1166.296875,1166.046875,1166.546875,-0.018229166666666668,-0.8750000000000001,357.6109889533793,182.38901104662065,"left,right"
Recorder 2 - 1004 to 1704,04-12-2026,19:12:03,1.91835W,50.94075N,100%,14C,53%,2_20260412_191203.wav,AGC,48kHz,stereo,Part2,2_20260412_191203.wav,1167.0,1170.0,1169.7427083333334,1169.4927083333334,1169.9927083333334,0.0,0.0,0.0,180.0,"left,right"
Recorder 2 - 1004 to 1704,04-12-2026,19:12:03,1.91835W,50.94075N,100%,14C,53%,2_20260412_191203.wav,AGC,48kHz,stereo,Part2,2_20260412_191203.wav,1359.0,1362.0,1360.4371458333333,1360.1871458333333,1360.6871458333333,0.018229166666666668,0.8750000000000001,2.389011046620638,177.61098895337938,"left,right"
Recorder 2 - 1004 to 1704,04-12-2026,19:12:03,1.91835W,50.94075N,100%,14C,53%,2_20260412_191203.wav,AGC,48kHz,stereo,Part2,2_20260412_191203.wav,1386.0,1389.0,1387.6047708333333,1387.3547708333333,1387.8547708333333,0.01953125,0.9375,2.559764521436577,177.4402354785634,"left,right"
Recorder 2 - 1004 to 1704,04-12-2026,19:12:03,1.91835W,50.94075N,100%,14C,53%,2_20260412_191203.wav,AGC,48kHz,stereo,Part2,2_20260412_191203.wav,1461.0,1464.0,1463.8577708333332,1463.6077708333332,1464.0,0.0,0.0,0.0,180.0,"left,right"
Recorder 2 - 1004 to 1704,04-12-2026,19:12:03,1.91835W,50.94075N,100%,14C,53%,2_20260412_191203.wav,AGC,48kHz,stereo,Part2,2_20260412_191203.wav,1593.0,1596.0,1595.6704166666666,1595.4204166666666,1595.9204166666666,0.022135416666666668,1.0625,2.9013412575649227,177.09865874243508,"left,right"
Recorder 2 - 1004 to 1704,04-12-2026,19:12:03,1.91835W,50.94075N,100%,14C,53%,2_20260412_191203.wav,AGC,48kHz,stereo,Part2,2_20260412_191203.wav,1716.0,1719.0,1718.0352708333332,1717.7852708333332,1718.2852708333332,-0.01953125,-0.9375,357.4402354785634,182.5597645214366,"left,right"
Recorder 2 - 1004 to 1704,04-12-2026,19:12:03,1.91835W,50.94075N,100%,14C,53%,2_20260412_191203.wav,AGC,48kHz,stereo,Part2,2_20260412_191203.wav,1776.0,1779.0,1776.3505208333333,1776.1005208333333,1776.6005208333333,0.0,0.0,0.0,180.0,"left,right"
Recorder 2 - 1004 to 1704,04-13-2026,06:39:02,1.91835W,50.94075N,100%,2C,97%,2_20260413_063902.wav,AGC,48kHz,stereo,Part1,2_20260413_063902.wav,69.0,72.0,70.69283333333334,70.44283333333334,70.94283333333334,0.0,0.0,0.0,180.0,"left,right"
Recorder 2 - 1004 to 1704,04-13-2026,06:39:02,1.91835W,50.94075N,100%,2C,97%,2_20260413_063902.wav,AGC,48kHz,stereo,Part1,2_20260413_063902.wav,189.0,192.0,190.06495833333332,189.81495833333332,190.31495833333332,-0.01953125,-0.9375,357.4402354785634,182.5597645214366,"left,right"
Recorder 2 - 1004 to 1704,04-13-2026,06:39:02,1.91835W,50.94075N,100%,2C,97%,2_20260413_063902.wav,AGC,48kHz,stereo,Part1,2_20260413_063902.wav,225.0,228.0,225.49245833333333,225.24245833333333,225.74245833333333,0.0,0.0,0.0,180.0,"left,right"
Recorder 2 - 1004 to 1704,04-13-2026,06:39:02,1.91835W,50.94075N,100%,2C,97%,2_20260413_063902.wav,AGC,48kHz,stereo,Part1,2_20260413_063902.wav,294.0,297.0,295.14758333333333,294.89758333333333,295.39758333333333,0.0013020833333333333,0.0625,0.1705944566832045,179.8294055433168,"left,right"
Recorder 2 - 1004 to 1704,04-13-2026,06:39:02,1.91835W,50.94075N,100%,2C,97%,2_20260413_063902.wav,AGC,48kHz,stereo,Part1,2_20260413_063902.wav,333.0,336.0,335.244625,334.994625,335.494625,0.01953125,0.9375,2.559764521436577,177.4402354785634,"left,right"
Recorder 2 - 1004 to 1704,04-13-2026,06:39:02,1.91835W,50.94075N,100%,2C,97%,2_20260413_063902.wav,AGC,48kHz,stereo,Part1,2_20260413_063902.wav,393.0,396.0,395.7744583333333,395.5244583333333,396.0,-0.020833333333333332,-1.0,357.26945925055134,182.73054074944866,"left,right"
Recorder 2 - 1004 to 1704,04-13-2026,06:39:02,1.91835W,50.94075N,100%,2C,97%,2_20260413_063902.wav,AGC,48kHz,stereo,Part1,2_20260413_063902.wav,438.0,441.0,439.70508333333333,439.45508333333333,439.95508333333333,0.0013020833333333333,0.0625,0.1705944566832045,179.8294055433168,"left,right"
Recorder 2 - 1004 to 1704,04-13-2026,06:39:02,1.91835W,50.94075N,100%,2C,97%,2_20260413_063902.wav,AGC,48kHz,stereo,Part1,2_20260413_063902.wav,510.0,513.0,511.3391875,511.0891875,511.5891875,0.01953125,0.9375,2.559764521436577,177.4402354785634,"left,right"
Recorder 2 - 1004 to 1704,04-13-2026,06:39:02,1.91835W,50.94075N,100%,2C,97%,2_20260413_063902.wav,AGC,48kHz,stereo,Part1,2_20260413_063902.wav,555.0,558.0,556.4623958333333,556.2123958333333,556.7123958333333,0.0,0.0,0.0,180.0,"left,right"
Recorder 2 - 1004 to 1704,04-13-2026,06:39:02,1.91835W,50.94075N,100%,2C,97%,2_20260413_063902.wav,AGC,48kHz,stereo,Part1,2_20260413_063902.wav,645.0,648.0,647.102125,646.852125,647.352125,0.020833333333333332,1.0,2.730540749448636,177.26945925055136,"left,right"
Recorder 2 - 1004 to 1704,04-13-2026,06:39:02,1.91835W,50.94075N,100%,2C,97%,2_20260413_063902.wav,AGC,48kHz,stereo,Part1,2_20260413_063902.wav,681.0,684.0,681.8099166666667,681.5599166666667,682.0599166666667,0.0,0.0,0.0,180.0,"left,right"
Recorder 2 - 1004 to 1704,04-13-2026,06:39:02,1.91835W,50.94075N,100%,2C,97%,2_20260413_063902.wav,AGC,48kHz,stereo,Part1,2_20260413_063902.wav,744.0,747.0,746.8396041666666,746.5896041666666,747.0,0.0013020833333333333,0.0625,0.1705944566832045,179.8294055433168,"left,right"
Recorder 2 - 1004 to 1704,04-13-2026,06:39:02,1.91835W,50.94075N,100%,2C,97%,2_20260413_063902.wav,AGC,48kHz,stereo,Part1,2_20260413_063902.wav,747.0,750.0,747.201875,747.0,747.451875,0.0,0.0,0.0,180.0,"left,right"
Recorder 2 - 1004 to 1704,04-13-2026,06:39:02,1.91835W,50.94075N,100%,2C,97%,2_20260413_063902.wav,AGC,48kHz,stereo,Part1,2_20260413_063902.wav,801.0,804.0,801.2004583333334,801.0,801.4504583333334,-0.0013020833333333333,-0.0625,359.8294055433168,180.1705944566832,"left,right"
Recorder 2 - 1004 to 1704,04-13-2026,06:39:02,1.91835W,50.94075N,100%,2C,97%,2_20260413_063902.wav,AGC,48kHz,stereo,Part1,2_20260413_063902.wav,885.0,888.0,886.0169166666667,885.7669166666667,886.2669166666667,0.0,0.0,0.0,180.0,"left,right"
Recorder 2 - 1004 to 1704,04-13-2026,06:39:02,1.91835W,50.94075N,100%,2C,97%,2_20260413_063902.wav,AGC,48kHz,stereo,Part1,2_20260413_063902.wav,996.0,999.0,996.2460416666667,996.0,996.4960416666667,0.0,0.0,0.0,180.0,"left,right"
Recorder 2 - 1004 to 1704,04-13-2026,06:39:02,1.91835W,50.94075N,100%,2C,97%,2_20260413_063902.wav,AGC,48kHz,stereo,Part1,2_20260413_063902.wav,1056.0,1059.0,1058.8503958333333,1058.6003958333333,1059.0,0.0,0.0,0.0,180.0,"left,right"
Recorder 2 - 1004 to 1704,04-13-2026,06:39:02,1.91835W,50.94075N,100%,2C,97%,2_20260413_063902.wav,AGC,48kHz,stereo,Part1,2_20260413_063902.wav,1059.0,1062.0,1059.4794791666666,1059.2294791666666,1059.7294791666666,0.0,0.0,0.0,180.0,"left,right"
Recorder 2 - 1004 to 1704,04-13-2026,06:39:02,1.91835W,50.94075N,100%,2C,97%,2_20260413_063902.wav,AGC,48kHz,stereo,Part1,2_20260413_063902.wav,1080.0,1083.0,1080.1585833333334,1080.0,1080.4085833333334,0.0,0.0,0.0,180.0,"left,right"
Recorder 2 - 1004 to 1704,04-13-2026,06:39:02,1.91835W,50.94075N,100%,2C,97%,2_20260413_063902.wav,AGC,48kHz,stereo,Part1,2_20260413_063902.wav,1206.0,1209.0,1207.7995625,1207.5495625,1208.0495625,0.020833333333333332,1.0,2.730540749448636,177.26945925055136,"left,right"
Recorder 2 - 1004 to 1704,04-13-2026,06:39:02,1.91835W,50.94075N,100%,2C,97%,2_20260413_063902.wav,AGC,48kHz,stereo,Part1,2_20260413_063902.wav,1266.0,1269.0,1267.098375,1266.848375,1267.348375,-0.01953125,-0.9375,357.4402354785634,182.5597645214366,"left,right"
Recorder 2 - 1004 to 1704,04-13-2026,06:39:02,1.91835W,50.94075N,100%,2C,97%,2_20260413_063902.wav,AGC,48kHz,stereo,Part1,2_20260413_063902.wav,1326.0,1329.0,1328.8980833333333,1328.6480833333333,1329.0,0.0,0.0,0.0,180.0,"left,right"
Recorder 2 - 1004 to 1704,04-13-2026,06:39:02,1.91835W,50.94075N,100%,2C,97%,2_20260413_063902.wav,AGC,48kHz,stereo,Part1,2_20260413_063902.wav,1329.0,1332.0,1329.0100833333333,1329.0,1329.2600833333333,0.0,0.0,0.0,180.0,"left,right"
Recorder 2 - 1004 to 1704,04-13-2026,06:39:02,1.91835W,50.94075N,100%,2C,97%,2_20260413_063902.wav,AGC,48kHz,stereo,Part1,2_20260413_063902.wav,1383.0,1386.0,1384.6397291666667,1384.3897291666667,1384.8897291666667,-0.020833333333333332,-1.0,357.26945925055134,182.73054074944866,"left,right"
Recorder 2 - 1004 to 1704,04-13-2026,06:39:02,1.91835W,50.94075N,100%,2C,97%,2_20260413_063902.wav,AGC,48kHz,stereo,Part1,2_20260413_063902.wav,1419.0,1422.0,1420.2099791666667,1419.9599791666667,1420.4599791666667,0.020833333333333332,1.0,2.730540749448636,177.26945925055136,"left,right"
Recorder 2 - 1004 to 1704,04-13-2026,06:39:02,1.91835W,50.94075N,100%,2C,97%,2_20260413_063902.wav,AGC,48kHz,stereo,Part1,2_20260413_063902.wav,1569.0,1572.0,1570.7506666666666,1570.5006666666666,1571.0006666666666,0.0,0.0,0.0,180.0,"left,right"
Recorder 2 - 1004 to 1704,04-13-2026,06:39:02,1.91835W,50.94075N,100%,2C,97%,2_20260413_063902.wav,AGC,48kHz,stereo,Part1,2_20260413_063902.wav,1647.0,1650.0,1648.2147916666668,1647.9647916666668,1648.4647916666668,-0.01953125,-0.9375,357.4402354785634,182.5597645214366,"left,right"
Recorder 2 - 1004 to 1704,04-13-2026,06:39:02,1.91835W,50.94075N,100%,2C,97%,2_20260413_063902.wav,AGC,48kHz,stereo,Part1,2_20260413_063902.wav,1653.0,1656.0,1655.4303125,1655.1803125,1655.6803125,0.0013020833333333333,0.0625,0.1705944566832045,179.8294055433168,"left,right"
Recorder 2 - 1004 to 1704,04-13-2026,06:39:02,1.91835W,50.94075N,100%,2C,97%,2_20260413_063902.wav,AGC,48kHz,stereo,Part1,2_20260413_063902.wav,1686.0,1689.0,1688.5409583333333,1688.2909583333333,1688.7909583333333,0.0,0.0,0.0,180.0,"left,right"
Recorder 2 - 1004 to 1704,04-13-2026,07:09:03,1.91835W,50.94075N,100%,2C,97%,2_20260413_070903.wav,AGC,48kHz,stereo,Part2,2_20260413_070903.wav,36.0,39.0,36.215520833333336,36.0,36.465520833333336,0.0,0.0,0.0,180.0,"left,right"
Recorder 2 - 1004 to 1704,04-13-2026,07:09:03,1.91835W,50.94075N,100%,2C,97%,2_20260413_070903.wav,AGC,48kHz,stereo,Part2,2_20260413_070903.wav,78.0,81.0,80.39341666666667,80.14341666666667,80.64341666666667,0.0,0.0,0.0,180.0,"left,right"
Recorder 2 - 1004 to 1704,04-13-2026,07:09:03,1.91835W,50.94075N,100%,2C,97%,2_20260413_070903.wav,AGC,48kHz,stereo,Part2,2_20260413_070903.wav,99.0,102.0,99.14625,99.0,99.39625,0.0,0.0,0.0,180.0,"left,right"
Recorder 2 - 1004 to 1704,04-13-2026,07:09:03,1.91835W,50.94075N,100%,2C,97%,2_20260413_070903.wav,AGC,48kHz,stereo,Part2,2_20260413_070903.wav,132.0,135.0,134.1218125,133.8718125,134.3718125,0.020833333333333332,1.0,2.730540749448636,177.26945925055136,"left,right"
Recorder 2 - 1004 to 1704,04-13-2026,07:09:03,1.91835W,50.94075N,100%,2C,97%,2_20260413_070903.wav,AGC,48kHz,stereo,Part2,2_20260413_070903.wav,186.0,189.0,186.81808333333333,186.56808333333333,187.06808333333333,0.041666666666666664,2.0,5.4673078282873036,174.5326921717127,"left,right"
Recorder 2 - 1004 to 1704,04-13-2026,07:09:03,1.91835W,50.94075N,100%,2C,97%,2_20260413_070903.wav,AGC,48kHz,stereo,Part2,2_20260413_070903.wav,207.0,210.0,209.41514583333333,209.16514583333333,209.66514583333333,0.0013020833333333333,0.0625,0.1705944566832045,179.8294055433168,"left,right"
Recorder 2 - 1004 to 1704,04-13-2026,07:09:03,1.91835W,50.94075N,100%,2C,97%,2_20260413_070903.wav,AGC,48kHz,stereo,Part2,2_20260413_070903.wav,285.0,288.0,285.1292916666667,285.0,285.3792916666667,0.0,0.0,0.0,180.0,"left,right"
Recorder 2 - 1004 to 1704,04-13-2026,07:09:03,1.91835W,50.94075N,100%,2C,97%,2_20260413_070903.wav,AGC,48kHz,stereo,Part2,2_20260413_070903.wav,300.0,303.0,302.72739583333333,302.47739583333333,302.97739583333333,0.01953125,0.9375,2.559764521436577,177.4402354785634,"left,right"
Recorder 2 - 1004 to 1704,04-13-2026,07:09:03,1.91835W,50.94075N,100%,2C,97%,2_20260413_070903.wav,AGC,48kHz,stereo,Part2,2_20260413_070903.wav,303.0,306.0,303.0430625,303.0,303.2930625,0.0,0.0,0.0,180.0,"left,right"
Recorder 2 - 1004 to 1704,04-13-2026,07:09:03,1.91835W,50.94075N,100%,2C,97%,2_20260413_070903.wav,AGC,48kHz,stereo,Part2,2_20260413_070903.wav,423.0,426.0,424.30783333333335,424.05783333333335,424.55783333333335,-0.01953125,-0.9375,357.4402354785634,182.5597645214366,"left,right"
Recorder 2 - 1004 to 1704,04-13-2026,07:09:03,1.91835W,50.94075N,100%,2C,97%,2_20260413_070903.wav,AGC,48kHz,stereo,Part2,2_20260413_070903.wav,444.0,447.0,445.8947083333333,445.6447083333333,446.1447083333333,-0.022135416666666668,-1.0625,357.0986587424351,182.90134125756492,"left,right"
Recorder 2 - 1004 to 1704,04-13-2026,07:09:03,1.91835W,50.94075N,100%,2C,97%,2_20260413_070903.wav,AGC,48kHz,stereo,Part2,2_20260413_070903.wav,618.0,621.0,618.3099166666667,618.0599166666667,618.5599166666667,0.0,0.0,0.0,180.0,"left,right"
Recorder 2 - 1004 to 1704,04-13-2026,07:09:03,1.91835W,50.94075N,100%,2C,97%,2_20260413_070903.wav,AGC,48kHz,stereo,Part2,2_20260413_070903.wav,708.0,711.0,709.5546041666666,709.3046041666666,709.8046041666666,0.0,0.0,0.0,180.0,"left,right"
Recorder 2 - 1004 to 1704,04-13-2026,07:09:03,1.91835W,50.94075N,100%,2C,97%,2_20260413_070903.wav,AGC,48kHz,stereo,Part2,2_20260413_070903.wav,738.0,741.0,738.3571666666667,738.1071666666667,738.6071666666667,0.0,0.0,0.0,180.0,"left,right"
Recorder 2 - 1004 to 1704,04-13-2026,07:09:03,1.91835W,50.94075N,100%,2C,97%,2_20260413_070903.wav,AGC,48kHz,stereo,Part2,2_20260413_070903.wav,816.0,819.0,818.9793541666667,818.7293541666667,819.0,0.0013020833333333333,0.0625,0.1705944566832045,179.8294055433168,"left,right"
Recorder 2 - 1004 to 1704,04-13-2026,07:09:03,1.91835W,50.94075N,100%,2C,97%,2_20260413_070903.wav,AGC,48kHz,stereo,Part2,2_20260413_070903.wav,819.0,822.0,819.0101666666667,819.0,819.2601666666667,0.0013020833333333333,0.0625,0.1705944566832045,179.8294055433168,"left,right"
Recorder 2 - 1004 to 1704,04-13-2026,07:09:03,1.91835W,50.94075N,100%,2C,97%,2_20260413_070903.wav,AGC,48kHz,stereo,Part2,2_20260413_070903.wav,870.0,873.0,870.9885208333334,870.7385208333334,871.2385208333334,-0.0013020833333333333,-0.0625,359.8294055433168,180.1705944566832,"left,right"
Recorder 2 - 1004 to 1704,04-13-2026,07:09:03,1.91835W,50.94075N,100%,2C,97%,2_20260413_070903.wav,AGC,48kHz,stereo,Part2,2_20260413_070903.wav,942.0,945.0,944.8865208333333,944.6365208333333,945.0,0.020833333333333332,1.0,2.730540749448636,177.26945925055136,"left,right"
Recorder 2 - 1004 to 1704,04-13-2026,07:09:03,1.91835W,50.94075N,100%,2C,97%,2_20260413_070903.wav,AGC,48kHz,stereo,Part2,2_20260413_070903.wav,945.0,948.0,945.2000625,945.0,945.4500625,0.0,0.0,0.0,180.0,"left,right"
Recorder 2 - 1004 to 1704,04-13-2026,07:09:03,1.91835W,50.94075N,100%,2C,97%,2_20260413_070903.wav,AGC,48kHz,stereo,Part2,2_20260413_070903.wav,1077.0,1080.0,1078.6753333333334,1078.4253333333334,1078.9253333333334,0.022135416666666668,1.0625,2.9013412575649227,177.09865874243508,"left,right"
Recorder 2 - 1004 to 1704,04-13-2026,07:09:03,1.91835W,50.94075N,100%,2C,97%,2_20260413_070903.wav,AGC,48kHz,stereo,Part2,2_20260413_070903.wav,1206.0,1209.0,1208.9400416666667,1208.6900416666667,1209.0,0.0,0.0,0.0,180.0,"left,right"
Recorder 2 - 1004 to 1704,04-13-2026,07:09:03,1.91835W,50.94075N,100%,2C,97%,2_20260413_070903.wav,AGC,48kHz,stereo,Part2,2_20260413_070903.wav,1209.0,1212.0,1209.0139791666666,1209.0,1209.2639791666666,0.0,0.0,0.0,180.0,"left,right"
Recorder 2 - 1004 to 1704,04-13-2026,07:09:03,1.91835W,50.94075N,100%,2C,97%,2_20260413_070903.wav,AGC,48kHz,stereo,Part2,2_20260413_070903.wav,1326.0,1329.0,1327.624625,1327.374625,1327.874625,0.0,0.0,0.0,180.0,"left,right"
Recorder 2 - 1004 to 1704,04-13-2026,07:09:03,1.91835W,50.94075N,100%,2C,97%,2_20260413_070903.wav,AGC,48kHz,stereo,Part2,2_20260413_070903.wav,1428.0,1431.0,1430.9893541666668,1430.7393541666668,1431.0,-0.020833333333333332,-1.0,357.26945925055134,182.73054074944866,"left,right"
Recorder 2 - 1004 to 1704,04-13-2026,07:09:03,1.91835W,50.94075N,100%,2C,97%,2_20260413_070903.wav,AGC,48kHz,stereo,Part2,2_20260413_070903.wav,1431.0,1434.0,1431.0131875,1431.0,1431.2631875,-0.01953125,-0.9375,357.4402354785634,182.5597645214366,"left,right"
Recorder 2 - 1004 to 1704,04-13-2026,07:09:03,1.91835W,50.94075N,100%,2C,97%,2_20260413_070903.wav,AGC,48kHz,stereo,Part2,2_20260413_070903.wav,1542.0,1545.0,1543.6395625,1543.3895625,1543.8895625,0.0,0.0,0.0,180.0,"left,right"
Recorder 2 - 1004 to 1704,04-13-2026,07:09:03,1.91835W,50.94075N,100%,2C,97%,2_20260413_070903.wav,AGC,48kHz,stereo,Part2,2_20260413_070903.wav,1683.0,1686.0,1683.1999375,1683.0,1683.4499375,0.0,0.0,0.0,180.0,"left,right"
Recorder 2 - 1004 to 1704,04-13-2026,07:09:03,1.91835W,50.94075N,100%,2C,97%,2_20260413_070903.wav,AGC,48kHz,stereo,Part2,2_20260413_070903.wav,1776.0,1779.0,1776.8852916666667,1776.6352916666667,1777.1352916666667,0.020833333333333332,1.0,2.730540749448636,177.26945925055136,"left,right"
Recorder 2 - 1004 to 1704,04-14-2026,06:39:02,1.91835W,50.94075N,100%,6C,98%,2_20260414_063902.wav,AGC,48kHz,stereo,Part1,2_20260414_063902.wav,1089.0,1092.0,1091.5073958333332,1091.2573958333332,1091.7573958333332,-0.01953125,-0.9375,357.4402354785634,182.5597645214366,"left,right"
Recorder 2 - 1004 to 1704,04-14-2026,06:39:02,1.91835W,50.94075N,100%,6C,98%,2_20260414_063902.wav,AGC,48kHz,stereo,Part1,2_20260414_063902.wav,1245.0,1248.0,1247.2857708333333,1247.0357708333333,1247.5357708333333,0.0013020833333333333,0.0625,0.1705944566832045,179.8294055433168,"left,right"
Recorder 2 - 1004 to 1704,04-14-2026,06:39:02,1.91835W,50.94075N,100%,6C,98%,2_20260414_063902.wav,AGC,48kHz,stereo,Part1,2_20260414_063902.wav,1377.0,1380.0,1378.2093958333332,1377.9593958333332,1378.4593958333332,-0.020833333333333332,-1.0,357.26945925055134,182.73054074944866,"left,right"
Recorder 2 - 1004 to 1704,04-14-2026,06:39:02,1.91835W,50.94075N,100%,6C,98%,2_20260414_063902.wav,AGC,48kHz,stereo,Part1,2_20260414_063902.wav,1437.0,1440.0,1439.9613125,1439.7113125,1440.0,-0.022135416666666668,-1.0625,357.0986587424351,182.90134125756492,"left,right"
Recorder 2 - 1004 to 1704,04-14-2026,06:39:02,1.91835W,50.94075N,100%,6C,98%,2_20260414_063902.wav,AGC,48kHz,stereo,Part1,2_20260414_063902.wav,1548.0,1551.0,1548.4641041666666,1548.2141041666666,1548.7141041666666,0.0,0.0,0.0,180.0,"left,right"
Recorder 2 - 1004 to 1704,04-14-2026,06:39:02,1.91835W,50.94075N,100%,6C,98%,2_20260414_063902.wav,AGC,48kHz,stereo,Part1,2_20260414_063902.wav,1590.0,1593.0,1591.4348541666666,1591.1848541666666,1591.6848541666666,0.0,0.0,0.0,180.0,"left,right"
Recorder 2 - 1004 to 1704,04-14-2026,06:39:02,1.91835W,50.94075N,100%,6C,98%,2_20260414_063902.wav,AGC,48kHz,stereo,Part1,2_20260414_063902.wav,1695.0,1698.0,1695.976625,1695.726625,1696.226625,0.0013020833333333333,0.0625,0.1705944566832045,179.8294055433168,"left,right"
Recorder 2 - 1004 to 1704,04-14-2026,07:09:03,1.91835W,50.94075N,100%,6C,98%,2_20260414_070903.wav,AGC,48kHz,stereo,Part2,2_20260414_070903.wav,72.0,75.0,72.338125,72.088125,72.588125,0.018229166666666668,0.8750000000000001,2.389011046620638,177.61098895337938,"left,right"
Recorder 2 - 1004 to 1704,04-14-2026,07:09:03,1.91835W,50.94075N,100%,6C,98%,2_20260414_070903.wav,AGC,48kHz,stereo,Part2,2_20260414_070903.wav,183.0,186.0,184.93883333333332,184.68883333333332,185.18883333333332,0.020833333333333332,1.0,2.730540749448636,177.26945925055136,"left,right"
Recorder 2 - 1004 to 1704,04-14-2026,07:09:03,1.91835W,50.94075N,100%,6C,98%,2_20260414_070903.wav,AGC,48kHz,stereo,Part2,2_20260414_070903.wav,489.0,492.0,490.8351666666667,490.5851666666667,491.0851666666667,0.3958333333333333,19.0,64.84199555654006,115.15800444345994,"left,right"
Recorder 2 - 1004 to 1704,04-14-2026,07:09:03,1.91835W,50.94075N,100%,6C,98%,2_20260414_070903.wav,AGC,48kHz,stereo,Part2,2_20260414_070903.wav,756.0,759.0,757.8473541666667,757.5973541666667,758.0973541666667,0.0,0.0,0.0,180.0,"left,right"
Recorder 2 - 1004 to 1704,04-14-2026,07:09:03,1.91835W,50.94075N,100%,6C,98%,2_20260414_070903.wav,AGC,48kHz,stereo,Part2,2_20260414_070903.wav,840.0,843.0,841.7892916666667,841.5392916666667,842.0392916666667,0.0,0.0,0.0,180.0,"left,right"
Recorder 2 - 1004 to 1704,04-14-2026,07:09:03,1.91835W,50.94075N,100%,6C,98%,2_20260414_070903.wav,AGC,48kHz,stereo,Part2,2_20260414_070903.wav,927.0,930.0,928.4903125,928.2403125,928.7403125,0.0,0.0,0.0,180.0,"left,right"
Recorder 2 - 1004 to 1704,04-14-2026,18:42:02,1.91835W,50.94075N,100%,11C,95%,2_20260414_184202.wav,AGC,48kHz,stereo,Part1,2_20260414_184202.wav,1242.0,1245.0,1244.982875,1244.732875,1245.0,0.0013020833333333333,0.0625,0.1705944566832045,179.8294055433168,"left,right"
Recorder 2 - 1004 to 1704,04-14-2026,18:42:02,1.91835W,50.94075N,100%,11C,95%,2_20260414_184202.wav,AGC,48kHz,stereo,Part1,2_20260414_184202.wav,1245.0,1248.0,1245.134625,1245.0,1245.384625,-0.022135416666666668,-1.0625,357.0986587424351,182.90134125756492,"left,right"
Recorder 2 - 1004 to 1704,04-14-2026,18:42:02,1.91835W,50.94075N,100%,11C,95%,2_20260414_184202.wav,AGC,48kHz,stereo,Part1,2_20260414_184202.wav,1749.0,1752.0,1750.456625,1750.206625,1750.706625,0.0,0.0,0.0,180.0,"left,right"
Recorder 2 - 1004 to 1704,04-14-2026,19:12:03,1.91835W,50.94075N,100%,11C,95%,2_20260414_191203.wav,AGC,48kHz,stereo,Part2,2_20260414_191203.wav,435.0,438.0,435.68595833333336,435.43595833333336,435.93595833333336,0.43619791666666663,20.9375,85.89876061475425,94.10123938524575,"left,right"
Recorder 2 - 1004 to 1704,04-14-2026,19:12:03,1.91835W,50.94075N,100%,11C,95%,2_20260414_191203.wav,AGC,48kHz,stereo,Part2,2_20260414_191203.wav,1020.0,1023.0,1020.81025,1020.56025,1021.06025,0.0,0.0,0.0,180.0,"left,right"
Recorder 2 - 1004 to 1704,04-15-2026,07:09:03,1.91835W,50.94075N,100%,11C,99%,2_20260415_070903.wav,AGC,48kHz,stereo,Part2,2_20260415_070903.wav,1209.0,1212.0,1210.9755416666667,1210.7255416666667,1211.2255416666667,0.0,0.0,0.0,180.0,"left,right"
Recorder 2 - 1004 to 1704,04-16-2026,06:39:02,1.91835W,50.94075N,100%,10C,95%,2_20260416_063902.wav,AGC,48kHz,stereo,Part1,2_20260416_063902.wav,729.0,732.0,730.5835416666666,730.3335416666666,730.8335416666666,0.01953125,0.9375,2.559764521436577,177.4402354785634,"left,right"
Recorder 2 - 1004 to 1704,04-16-2026,07:09:03,1.91835W,50.94075N,100%,10C,95%,2_20260416_070903.wav,AGC,48kHz,stereo,Part2,2_20260416_070903.wav,1497.0,1500.0,1499.5120416666666,1499.2620416666666,1499.7620416666666,0.0,0.0,0.0,180.0,"left,right"
Recorder 2 - 1004 to 1704,04-16-2026,18:42:02,1.91835W,50.94075N,100%,14C,74%,2_20260416_184202.wav,AGC,48kHz,stereo,Part1,2_20260416_184202.wav,81.0,84.0,83.81035416666667,83.56035416666667,84.0,0.0,0.0,0.0,180.0,"left,right"
Recorder 2 - 1004 to 1704,04-16-2026,18:42:02,1.91835W,50.94075N,100%,14C,74%,2_20260416_184202.wav,AGC,48kHz,stereo,Part1,2_20260416_184202.wav,90.0,93.0,91.34110416666667,91.09110416666667,91.59110416666667,-0.022135416666666668,-1.0625,357.0986587424351,182.90134125756492,"left,right"
Recorder 2 - 1004 to 1704,04-16-2026,18:42:02,1.91835W,50.94075N,100%,14C,74%,2_20260416_184202.wav,AGC,48kHz,stereo,Part1,2_20260416_184202.wav,564.0,567.0,564.7688125,564.5188125,565.0188125,0.0,0.0,0.0,180.0,"left,right"
Recorder 2 - 1004 to 1704,04-16-2026,18:42:02,1.91835W,50.94075N,100%,14C,74%,2_20260416_184202.wav,AGC,48kHz,stereo,Part1,2_20260416_184202.wav,1491.0,1494.0,1493.6229791666667,1493.3729791666667,1493.8729791666667,0.01953125,0.9375,2.559764521436577,177.4402354785634,"left,right"
Recorder 2 - 1004 to 1704,04-16-2026,19:12:03,1.91835W,50.94075N,100%,14C,74%,2_20260416_191203.wav,AGC,48kHz,stereo,Part2,2_20260416_191203.wav,708.0,711.0,708.3109166666667,708.0609166666667,708.5609166666667,-0.0013020833333333333,-0.0625,359.8294055433168,180.1705944566832,"left,right"
Recorder 2 - 1004 to 1704,04-16-2026,19:12:03,1.91835W,50.94075N,100%,14C,74%,2_20260416_191203.wav,AGC,48kHz,stereo,Part2,2_20260416_191203.wav,1260.0,1263.0,1261.0648125,1260.8148125,1261.3148125,-0.0013020833333333333,-0.0625,359.8294055433168,180.1705944566832,"left,right"
Recorder 2 - 1004 to 1704,04-16-2026,19:12:03,1.91835W,50.94075N,100%,14C,74%,2_20260416_191203.wav,AGC,48kHz,stereo,Part2,2_20260416_191203.wav,1758.0,1761.0,1758.7511666666667,1758.5011666666667,1759.0011666666667,-0.0013020833333333333,-0.0625,359.8294055433168,180.1705944566832,"left,right"
Recorder 2 - 1004 to 1704,04-17-2026,06:39:02,1.91835W,50.94075N,100%,11C,94%,2_20260417_063902.wav,AGC,48kHz,stereo,Part1,2_20260417_063902.wav,822.0,825.0,822.4088541666666,822.1588541666666,822.6588541666666,0.01953125,0.9375,2.559764521436577,177.4402354785634,"left,right"
Recorder 2 - 1004 to 1704,04-17-2026,06:39:02,1.91835W,50.94075N,100%,11C,94%,2_20260417_063902.wav,AGC,48kHz,stereo,Part1,2_20260417_063902.wav,1551.0,1554.0,1552.5809166666666,1552.3309166666666,1552.8309166666666,0.0,0.0,0.0,180.0,"left,right"
Recorder 2 - 1004 to 1704,04-17-2026,06:39:02,1.91835W,50.94075N,100%,11C,94%,2_20260417_063902.wav,AGC,48kHz,stereo,Part1,2_20260417_063902.wav,1716.0,1719.0,1718.5854583333332,1718.3354583333332,1718.8354583333332,-0.0013020833333333333,-0.0625,359.8294055433168,180.1705944566832,"left,right"
Recorder 2 - 1004 to 1704,04-17-2026,07:09:03,1.91835W,50.94075N,100%,11C,94%,2_20260417_070903.wav,AGC,48kHz,stereo,Part2,2_20260417_070903.wav,105.0,108.0,106.6441875,106.3941875,106.8941875,-0.0013020833333333333,-0.0625,359.8294055433168,180.1705944566832,"left,right"
Recorder 2 - 1004 to 1704,04-17-2026,07:09:03,1.91835W,50.94075N,100%,11C,94%,2_20260417_070903.wav,AGC,48kHz,stereo,Part2,2_20260417_070903.wav,147.0,150.0,147.712375,147.462375,147.962375,-0.01953125,-0.9375,357.4402354785634,182.5597645214366,"left,right"
Recorder 2 - 1004 to 1704,04-17-2026,07:09:03,1.91835W,50.94075N,100%,11C,94%,2_20260417_070903.wav,AGC,48kHz,stereo,Part2,2_20260417_070903.wav,255.0,258.0,257.2601041666667,257.0101041666667,257.5101041666667,0.0,0.0,0.0,180.0,"left,right"
Recorder 2 - 1004 to 1704,04-17-2026,07:09:03,1.91835W,50.94075N,100%,11C,94%,2_20260417_070903.wav,AGC,48kHz,stereo,Part2,2_20260417_070903.wav,393.0,396.0,394.59633333333335,394.34633333333335,394.84633333333335,0.0,0.0,0.0,180.0,"left,right"
Recorder 2 - 1004 to 1704,04-17-2026,07:09:03,1.91835W,50.94075N,100%,11C,94%,2_20260417_070903.wav,AGC,48kHz,stereo,Part2,2_20260417_070903.wav,591.0,594.0,591.0131875,591.0,591.2631875,0.0,0.0,0.0,180.0,"left,right"
Recorder 2 - 1004 to 1704,04-17-2026,07:09:03,1.91835W,50.94075N,100%,11C,94%,2_20260417_070903.wav,AGC,48kHz,stereo,Part2,2_20260417_070903.wav,945.0,948.0,946.5079583333334,946.2579583333334,946.7579583333334,0.0,0.0,0.0,180.0,"left,right"
Recorder 2 - 1004 to 1704,04-17-2026,07:09:03,1.91835W,50.94075N,100%,11C,94%,2_20260417_070903.wav,AGC,48kHz,stereo,Part2,2_20260417_070903.wav,1101.0,1104.0,1102.1157291666666,1101.8657291666666,1102.3657291666666,-0.01953125,-0.9375,357.4402354785634,182.5597645214366,"left,right"
Recorder 2 - 1004 to 1704,04-17-2026,07:09:03,1.91835W,50.94075N,100%,11C,94%,2_20260417_070903.wav,AGC,48kHz,stereo,Part2,2_20260417_070903.wav,1557.0,1560.0,1557.0447916666667,1557.0,1557.2947916666667,0.0,0.0,0.0,180.0,"left,right"
Recorder 2 - 1704 to 2804,04-17-2026,18:42:02,1.91835W,50.94075N,100%,13C,85%,2_20260417_184202.wav,AGC,48kHz,stereo,Part1,2_20260417_184202.wav,639.0,642.0,639.0268125,639.0,639.2768125,-0.01953125,-0.9375,357.4402354785634,182.5597645214366,"left,right"
Recorder 2 - 1704 to 2804,04-17-2026,18:42:02,1.91835W,50.94075N,100%,13C,85%,2_20260417_184202.wav,AGC,48kHz,stereo,Part1,2_20260417_184202.wav,1086.0,1089.0,1086.47275,1086.22275,1086.72275,0.0,0.0,0.0,180.0,"left,right"
Recorder 2 - 1704 to 2804,04-17-2026,18:42:02,1.91835W,50.94075N,100%,13C,85%,2_20260417_184202.wav,AGC,48kHz,stereo,Part1,2_20260417_184202.wav,1182.0,1185.0,1184.10475,1183.85475,1184.35475,0.0,0.0,0.0,180.0,"left,right"
Recorder 2 - 1704 to 2804,04-17-2026,18:42:02,1.91835W,50.94075N,100%,13C,85%,2_20260417_184202.wav,AGC,48kHz,stereo,Part1,2_20260417_184202.wav,1308.0,1311.0,1308.214375,1308.0,1308.464375,0.022135416666666668,1.0625,2.9013412575649227,177.09865874243508,"left,right"
Recorder 2 - 1704 to 2804,04-17-2026,18:42:02,1.91835W,50.94075N,100%,13C,85%,2_20260417_184202.wav,AGC,48kHz,stereo,Part1,2_20260417_184202.wav,1431.0,1434.0,1431.786625,1431.536625,1432.036625,0.0,0.0,0.0,180.0,"left,right"
Recorder 2 - 1704 to 2804,04-18-2026,06:39:02,1.91834W,50.94074N,100%,4C,99%,2_20260418_063902.wav,AGC,48kHz,stereo,Part1,2_20260418_063902.wav,66.0,69.0,67.0858125,66.8358125,67.3358125,0.43619791666666663,20.9375,85.89876061475425,94.10123938524575,"left,right"
Recorder 2 - 1704 to 2804,04-18-2026,06:39:02,1.91834W,50.94074N,100%,4C,99%,2_20260418_063902.wav,AGC,48kHz,stereo,Part1,2_20260418_063902.wav,126.0,129.0,128.12375,127.87375,128.37375,0.43619791666666663,20.9375,85.89876061475425,94.10123938524575,"left,right"
Recorder 2 - 1704 to 2804,04-18-2026,06:39:02,1.91834W,50.94074N,100%,4C,99%,2_20260418_063902.wav,AGC,48kHz,stereo,Part1,2_20260418_063902.wav,195.0,198.0,197.37816666666666,197.12816666666666,197.62816666666666,-0.01953125,-0.9375,357.4402354785634,182.5597645214366,"left,right"
Recorder 2 - 1704 to 2804,04-18-2026,06:39:02,1.91834W,50.94074N,100%,4C,99%,2_20260418_063902.wav,AGC,48kHz,stereo,Part1,2_20260418_063902.wav,369.0,372.0,371.6474375,371.3974375,371.8974375,0.0,0.0,0.0,180.0,"left,right"
Recorder 2 - 1704 to 2804,04-18-2026,06:39:02,1.91834W,50.94074N,100%,4C,99%,2_20260418_063902.wav,AGC,48kHz,stereo,Part1,2_20260418_063902.wav,738.0,741.0,740.2229791666666,739.9729791666666,740.4729791666666,0.12630208333333331,6.0625,16.78677158463084,163.21322841536914,"left,right"
Recorder 2 - 1704 to 2804,04-18-2026,06:39:02,1.91834W,50.94074N,100%,4C,99%,2_20260418_063902.wav,AGC,48kHz,stereo,Part1,2_20260418_063902.wav,792.0,795.0,794.78575,794.53575,795.0,0.0,0.0,0.0,180.0,"left,right"
Recorder 2 - 1704 to 2804,04-18-2026,06:39:02,1.91834W,50.94074N,100%,4C,99%,2_20260418_063902.wav,AGC,48kHz,stereo,Part1,2_20260418_063902.wav,1422.0,1425.0,1422.6272916666667,1422.3772916666667,1422.8772916666667,0.0013020833333333333,0.0625,0.1705944566832045,179.8294055433168,"left,right"
Recorder 2 - 1704 to 2804,04-18-2026,06:39:02,1.91834W,50.94074N,100%,4C,99%,2_20260418_063902.wav,AGC,48kHz,stereo,Part1,2_20260418_063902.wav,1677.0,1680.0,1678.90325,1678.65325,1679.15325,0.022135416666666668,1.0625,2.9013412575649227,177.09865874243508,"left,right"
Recorder 2 - 1704 to 2804,04-18-2026,06:39:02,1.91834W,50.94074N,100%,4C,99%,2_20260418_063902.wav,AGC,48kHz,stereo,Part1,2_20260418_063902.wav,1782.0,1785.0,1783.3314375,1783.0814375,1783.5814375,0.01953125,0.9375,2.559764521436577,177.4402354785634,"left,right"
Recorder 2 - 1704 to 2804,04-18-2026,07:09:03,1.91834W,50.94074N,100%,4C,99%,2_20260418_070903.wav,AGC,48kHz,stereo,Part2,2_20260418_070903.wav,57.0,60.0,59.989958333333334,59.739958333333334,60.0,-0.020833333333333332,-1.0,357.26945925055134,182.73054074944866,"left,right"
Recorder 2 - 1704 to 2804,04-18-2026,07:09:03,1.91834W,50.94074N,100%,4C,99%,2_20260418_070903.wav,AGC,48kHz,stereo,Part2,2_20260418_070903.wav,60.0,63.0,60.010020833333336,60.0,60.260020833333336,0.0,0.0,0.0,180.0,"left,right"
Recorder 2 - 1704 to 2804,04-18-2026,07:09:03,1.91834W,50.94074N,100%,4C,99%,2_20260418_070903.wav,AGC,48kHz,stereo,Part2,2_20260418_070903.wav,90.0,93.0,90.36575,90.11575,90.61575,0.0234375,1.125,3.0721675746425348,176.92783242535745,"left,right"
Recorder 2 - 1704 to 2804,04-18-2026,07:09:03,1.91834W,50.94074N,100%,4C,99%,2_20260418_070903.wav,AGC,48kHz,stereo,Part2,2_20260418_070903.wav,195.0,198.0,197.60127083333333,197.35127083333333,197.85127083333333,0.0,0.0,0.0,180.0,"left,right"
Recorder 2 - 1704 to 2804,04-18-2026,07:09:03,1.91834W,50.94074N,100%,4C,99%,2_20260418_070903.wav,AGC,48kHz,stereo,Part2,2_20260418_070903.wav,198.0,201.0,198.080375,198.0,198.330375,0.0,0.0,0.0,180.0,"left,right"
Recorder 2 - 1704 to 2804,04-18-2026,07:09:03,1.91834W,50.94074N,100%,4C,99%,2_20260418_070903.wav,AGC,48kHz,stereo,Part2,2_20260418_070903.wav,246.0,249.0,248.06395833333335,247.81395833333335,248.31395833333335,0.0,0.0,0.0,180.0,"left,right"
Recorder 2 - 1704 to 2804,04-18-2026,07:09:03,1.91834W,50.94074N,100%,4C,99%,2_20260418_070903.wav,AGC,48kHz,stereo,Part2,2_20260418_070903.wav,294.0,297.0,295.28425,295.03425,295.53425,-0.0013020833333333333,-0.0625,359.8294055433168,180.1705944566832,"left,right"
Recorder 2 - 1704 to 2804,04-18-2026,07:09:03,1.91834W,50.94074N,100%,4C,99%,2_20260418_070903.wav,AGC,48kHz,stereo,Part2,2_20260418_070903.wav,453.0,456.0,455.97,455.72,456.0,-0.01953125,-0.9375,357.4402354785634,182.5597645214366,"left,right"
Recorder 2 - 1704 to 2804,04-18-2026,07:09:03,1.91834W,50.94074N,100%,4C,99%,2_20260418_070903.wav,AGC,48kHz,stereo,Part2,2_20260418_070903.wav,456.0,459.0,456.39672916666666,456.14672916666666,456.64672916666666,-0.0013020833333333333,-0.0625,359.8294055433168,180.1705944566832,"left,right"
Recorder 2 - 1704 to 2804,04-18-2026,07:09:03,1.91834W,50.94074N,100%,4C,99%,2_20260418_070903.wav,AGC,48kHz,stereo,Part2,2_20260418_070903.wav,546.0,549.0,547.658,547.408,547.908,-0.01953125,-0.9375,357.4402354785634,182.5597645214366,"left,right"
Recorder 2 - 1704 to 2804,04-18-2026,07:09:03,1.91834W,50.94074N,100%,4C,99%,2_20260418_070903.wav,AGC,48kHz,stereo,Part2,2_20260418_070903.wav,573.0,576.0,574.745375,574.495375,574.995375,0.0,0.0,0.0,180.0,"left,right"
Recorder 2 - 1704 to 2804,04-18-2026,07:09:03,1.91834W,50.94074N,100%,4C,99%,2_20260418_070903.wav,AGC,48kHz,stereo,Part2,2_20260418_070903.wav,759.0,762.0,760.5223125,760.2723125,760.7723125,0.020833333333333332,1.0,2.730540749448636,177.26945925055136,"left,right"
Recorder 2 - 1704 to 2804,04-18-2026,07:09:03,1.91834W,50.94074N,100%,4C,99%,2_20260418_070903.wav,AGC,48kHz,stereo,Part2,2_20260418_070903.wav,843.0,846.0,845.5078333333333,845.2578333333333,845.7578333333333,-0.0013020833333333333,-0.0625,359.8294055433168,180.1705944566832,"left,right"
Recorder 2 - 1704 to 2804,04-18-2026,07:09:03,1.91834W,50.94074N,100%,4C,99%,2_20260418_070903.wav,AGC,48kHz,stereo,Part2,2_20260418_070903.wav,1122.0,1125.0,1122.2074791666666,1122.0,1122.4574791666666,0.0,0.0,0.0,180.0,"left,right"
Recorder 2 - 1704 to 2804,04-18-2026,07:09:03,1.91834W,50.94074N,100%,4C,99%,2_20260418_070903.wav,AGC,48kHz,stereo,Part2,2_20260418_070903.wav,1203.0,1206.0,1203.7075625,1203.4575625,1203.9575625,-0.01953125,-0.9375,357.4402354785634,182.5597645214366,"left,right"
Recorder 2 - 1704 to 2804,04-18-2026,07:09:03,1.91834W,50.94074N,100%,4C,99%,2_20260418_070903.wav,AGC,48kHz,stereo,Part2,2_20260418_070903.wav,1275.0,1278.0,1275.8197916666666,1275.5697916666666,1276.0697916666666,0.01953125,0.9375,2.559764521436577,177.4402354785634,"left,right"
Recorder 2 - 1704 to 2804,04-18-2026,07:09:03,1.91834W,50.94074N,100%,4C,99%,2_20260418_070903.wav,AGC,48kHz,stereo,Part2,2_20260418_070903.wav,1533.0,1536.0,1535.4972083333334,1535.2472083333334,1535.7472083333334,0.0013020833333333333,0.0625,0.1705944566832045,179.8294055433168,"left,right"
Recorder 2 - 1704 to 2804,04-18-2026,07:09:03,1.91834W,50.94074N,100%,4C,99%,2_20260418_070903.wav,AGC,48kHz,stereo,Part2,2_20260418_070903.wav,1566.0,1569.0,1566.5715625,1566.3215625,1566.8215625,0.0,0.0,0.0,180.0,"left,right"
Recorder 2 - 1704 to 2804,04-18-2026,07:09:03,1.91834W,50.94074N,100%,4C,99%,2_20260418_070903.wav,AGC,48kHz,stereo,Part2,2_20260418_070903.wav,1785.0,1788.0,1787.9648958333332,1787.7148958333332,1788.0,0.0013020833333333333,0.0625,0.1705944566832045,179.8294055433168,"left,right"
Recorder 2 - 1704 to 2804,04-18-2026,07:09:03,1.91834W,50.94074N,100%,4C,99%,2_20260418_070903.wav,AGC,48kHz,stereo,Part2,2_20260418_070903.wav,1788.0,1791.0,1788.0390416666667,1788.0,1788.2890416666667,0.0,0.0,0.0,180.0,"left,right"
Recorder 2 - 1704 to 2804,04-18-2026,18:42:02,1.91834W,50.94074N,100%,18C,50%,2_20260418_184202.wav,AGC,48kHz,stereo,Part1,2_20260418_184202.wav,453.0,456.0,455.5861875,455.3361875,455.8361875,0.022135416666666668,1.0625,2.9013412575649227,177.09865874243508,"left,right"
Recorder 2 - 1704 to 2804,04-18-2026,19:12:03,1.91834W,50.94074N,100%,18C,50%,2_20260418_191203.wav,AGC,48kHz,stereo,Part2,2_20260418_191203.wav,147.0,150.0,147.8964375,147.6464375,148.1464375,0.020833333333333332,1.0,2.730540749448636,177.26945925055136,"left,right"
Recorder 2 - 1704 to 2804,04-18-2026,19:12:03,1.91834W,50.94074N,100%,18C,50%,2_20260418_191203.wav,AGC,48kHz,stereo,Part2,2_20260418_191203.wav,276.0,279.0,278.7780416666667,278.5280416666667,279.0,0.0,0.0,0.0,180.0,"left,right"
Recorder 2 - 1704 to 2804,04-18-2026,19:12:03,1.91834W,50.94074N,100%,18C,50%,2_20260418_191203.wav,AGC,48kHz,stereo,Part2,2_20260418_191203.wav,375.0,378.0,377.83725,377.58725,378.0,0.0026041666666666665,0.125,0.34119042573000513,179.65880957426998,"left,right"
Recorder 2 - 1704 to 2804,04-18-2026,19:12:03,1.91834W,50.94074N,100%,18C,50%,2_20260418_191203.wav,AGC,48kHz,stereo,Part2,2_20260418_191203.wav,600.0,603.0,600.9585416666666,600.7085416666666,601.2085416666666,0.022135416666666668,1.0625,2.9013412575649227,177.09865874243508,"left,right"
Recorder 2 - 1704 to 2804,04-18-2026,19:12:03,1.91834W,50.94074N,100%,18C,50%,2_20260418_191203.wav,AGC,48kHz,stereo,Part2,2_20260418_191203.wav,1242.0,1245.0,1243.3082916666667,1243.0582916666667,1243.5582916666667,0.01953125,0.9375,2.559764521436577,177.4402354785634,"left,right"
Recorder 2 - 1704 to 2804,04-19-2026,06:39:02,1.91834W,50.94074N,100%,5C,92%,2_20260419_063902.wav,AGC,48kHz,stereo,Part1,2_20260419_063902.wav,162.0,165.0,164.4120625,164.1620625,164.6620625,0.0013020833333333333,0.0625,0.1705944566832045,179.8294055433168,"left,right"
Recorder 2 - 1704 to 2804,04-19-2026,06:39:02,1.91834W,50.94074N,100%,5C,92%,2_20260419_063902.wav,AGC,48kHz,stereo,Part1,2_20260419_063902.wav,399.0,402.0,399.94625,399.69625,400.19625,0.0,0.0,0.0,180.0,"left,right"
Recorder 2 - 1704 to 2804,04-19-2026,06:39:02,1.91834W,50.94074N,100%,5C,92%,2_20260419_063902.wav,AGC,48kHz,stereo,Part1,2_20260419_063902.wav,516.0,519.0,518.550625,518.300625,518.800625,0.020833333333333332,1.0,2.730540749448636,177.26945925055136,"left,right"
Recorder 2 - 1704 to 2804,04-19-2026,06:39:02,1.91834W,50.94074N,100%,5C,92%,2_20260419_063902.wav,AGC,48kHz,stereo,Part1,2_20260419_063902.wav,684.0,687.0,685.7982916666666,685.5482916666666,686.0482916666666,-0.01953125,-0.9375,357.4402354785634,182.5597645214366,"left,right"
Recorder 2 - 1704 to 2804,04-19-2026,06:39:02,1.91834W,50.94074N,100%,5C,92%,2_20260419_063902.wav,AGC,48kHz,stereo,Part1,2_20260419_063902.wav,795.0,798.0,796.6840833333333,796.4340833333333,796.9340833333333,0.020833333333333332,1.0,2.730540749448636,177.26945925055136,"left,right"
Recorder 2 - 1704 to 2804,04-19-2026,06:39:02,1.91834W,50.94074N,100%,5C,92%,2_20260419_063902.wav,AGC,48kHz,stereo,Part1,2_20260419_063902.wav,831.0,834.0,831.1220416666666,831.0,831.3720416666666,0.0,0.0,0.0,180.0,"left,right"
Recorder 2 - 1704 to 2804,04-19-2026,06:39:02,1.91834W,50.94074N,100%,5C,92%,2_20260419_063902.wav,AGC,48kHz,stereo,Part1,2_20260419_063902.wav,930.0,933.0,932.9351666666666,932.6851666666666,933.0,0.0,0.0,0.0,180.0,"left,right"
Recorder 2 - 1704 to 2804,04-19-2026,06:39:02,1.91834W,50.94074N,100%,5C,92%,2_20260419_063902.wav,AGC,48kHz,stereo,Part1,2_20260419_063902.wav,933.0,936.0,933.0100416666667,933.0,933.2600416666667,0.0,0.0,0.0,180.0,"left,right"
Recorder 2 - 1704 to 2804,04-19-2026,06:39:02,1.91834W,50.94074N,100%,5C,92%,2_20260419_063902.wav,AGC,48kHz,stereo,Part1,2_20260419_063902.wav,1032.0,1035.0,1033.9051041666667,1033.6551041666667,1034.1551041666667,-0.0013020833333333333,-0.0625,359.8294055433168,180.1705944566832,"left,right"
Recorder 2 - 1704 to 2804,04-19-2026,06:39:02,1.91834W,50.94074N,100%,5C,92%,2_20260419_063902.wav,AGC,48kHz,stereo,Part1,2_20260419_063902.wav,1212.0,1215.0,1214.9193958333333,1214.6693958333333,1215.0,0.0013020833333333333,0.0625,0.1705944566832045,179.8294055433168,"left,right"
Recorder 2 - 1704 to 2804,04-19-2026,06:39:02,1.91834W,50.94074N,100%,5C,92%,2_20260419_063902.wav,AGC,48kHz,stereo,Part1,2_20260419_063902.wav,1215.0,1218.0,1215.0302916666667,1215.0,1215.2802916666667,0.0,0.0,0.0,180.0,"left,right"
Recorder 2 - 1704 to 2804,04-19-2026,06:39:02,1.91834W,50.94074N,100%,5C,92%,2_20260419_063902.wav,AGC,48kHz,stereo,Part1,2_20260419_063902.wav,1305.0,1308.0,1307.8521458333332,1307.6021458333332,1308.0,0.0013020833333333333,0.0625,0.1705944566832045,179.8294055433168,"left,right"
Recorder 2 - 1704 to 2804,04-19-2026,06:39:02,1.91834W,50.94074N,100%,5C,92%,2_20260419_063902.wav,AGC,48kHz,stereo,Part1,2_20260419_063902.wav,1308.0,1311.0,1308.0100833333333,1308.0,1308.2600833333333,0.0013020833333333333,0.0625,0.1705944566832045,179.8294055433168,"left,right"
Recorder 2 - 1704 to 2804,04-19-2026,06:39:02,1.91834W,50.94074N,100%,5C,92%,2_20260419_063902.wav,AGC,48kHz,stereo,Part1,2_20260419_063902.wav,1428.0,1431.0,1430.9758541666667,1430.7258541666667,1431.0,0.0,0.0,0.0,180.0,"left,right"
Recorder 2 - 1704 to 2804,04-19-2026,06:39:02,1.91834W,50.94074N,100%,5C,92%,2_20260419_063902.wav,AGC,48kHz,stereo,Part1,2_20260419_063902.wav,1431.0,1434.0,1431.0355833333333,1431.0,1431.2855833333333,0.0,0.0,0.0,180.0,"left,right"
Recorder 2 - 1704 to 2804,04-19-2026,06:39:02,1.91834W,50.94074N,100%,5C,92%,2_20260419_063902.wav,AGC,48kHz,stereo,Part1,2_20260419_063902.wav,1518.0,1521.0,1519.3419583333334,1519.0919583333334,1519.5919583333334,0.0,0.0,0.0,180.0,"left,right"
Recorder 2 - 1704 to 2804,04-19-2026,06:39:02,1.91834W,50.94074N,100%,5C,92%,2_20260419_063902.wav,AGC,48kHz,stereo,Part1,2_20260419_063902.wav,1563.0,1566.0,1564.7246041666667,1564.4746041666667,1564.9746041666667,0.0013020833333333333,0.0625,0.1705944566832045,179.8294055433168,"left,right"
Recorder 2 - 1704 to 2804,04-19-2026,06:39:02,1.91834W,50.94074N,100%,5C,92%,2_20260419_063902.wav,AGC,48kHz,stereo,Part1,2_20260419_063902.wav,1623.0,1626.0,1623.7487083333333,1623.4987083333333,1623.9987083333333,0.018229166666666668,0.8750000000000001,2.389011046620638,177.61098895337938,"left,right"
Recorder 2 - 1704 to 2804,04-19-2026,06:39:02,1.91834W,50.94074N,100%,5C,92%,2_20260419_063902.wav,AGC,48kHz,stereo,Part1,2_20260419_063902.wav,1665.0,1668.0,1666.0519791666666,1665.8019791666666,1666.3019791666666,0.0,0.0,0.0,180.0,"left,right"
Recorder 2 - 1704 to 2804,04-19-2026,06:39:02,1.91834W,50.94074N,100%,5C,92%,2_20260419_063902.wav,AGC,48kHz,stereo,Part1,2_20260419_063902.wav,1752.0,1755.0,1754.5929583333334,1754.3429583333334,1754.8429583333334,-0.01953125,-0.9375,357.4402354785634,182.5597645214366,"left,right"
Recorder 2 - 1704 to 2804,04-19-2026,07:09:03,1.91834W,50.94074N,100%,5C,92%,2_20260419_070903.wav,AGC,48kHz,stereo,Part2,2_20260419_070903.wav,42.0,45.0,44.666583333333335,44.416583333333335,44.916583333333335,0.0013020833333333333,0.0625,0.1705944566832045,179.8294055433168,"left,right"
Recorder 2 - 1704 to 2804,04-19-2026,07:09:03,1.91834W,50.94074N,100%,5C,92%,2_20260419_070903.wav,AGC,48kHz,stereo,Part2,2_20260419_070903.wav,45.0,48.0,45.010104166666665,45.0,45.260104166666665,0.0013020833333333333,0.0625,0.1705944566832045,179.8294055433168,"left,right"
Recorder 2 - 1704 to 2804,04-19-2026,07:09:03,1.91834W,50.94074N,100%,5C,92%,2_20260419_070903.wav,AGC,48kHz,stereo,Part2,2_20260419_070903.wav,177.0,180.0,177.52379166666665,177.27379166666665,177.77379166666665,0.022135416666666668,1.0625,2.9013412575649227,177.09865874243508,"left,right"
Recorder 2 - 1704 to 2804,04-19-2026,07:09:03,1.91834W,50.94074N,100%,5C,92%,2_20260419_070903.wav,AGC,48kHz,stereo,Part2,2_20260419_070903.wav,210.0,213.0,212.3271875,212.0771875,212.5771875,-0.022135416666666668,-1.0625,357.0986587424351,182.90134125756492,"left,right"
Recorder 2 - 1704 to 2804,04-19-2026,07:09:03,1.91834W,50.94074N,100%,5C,92%,2_20260419_070903.wav,AGC,48kHz,stereo,Part2,2_20260419_070903.wav,387.0,390.0,387.92929166666664,387.67929166666664,388.17929166666664,-0.08463541666666667,-4.0625,348.84096254525366,191.15903745474634,"left,right"
Recorder 2 - 1704 to 2804,04-19-2026,07:09:03,1.91834W,50.94074N,100%,5C,92%,2_20260419_070903.wav,AGC,48kHz,stereo,Part2,2_20260419_070903.wav,426.0,429.0,427.5051041666667,427.2551041666667,427.7551041666667,0.01953125,0.9375,2.559764521436577,177.4402354785634,"left,right"
Recorder 2 - 1704 to 2804,04-19-2026,07:09:03,1.91834W,50.94074N,100%,5C,92%,2_20260419_070903.wav,AGC,48kHz,stereo,Part2,2_20260419_070903.wav,498.0,501.0,500.49258333333336,500.24258333333336,500.74258333333336,-0.01953125,-0.9375,357.4402354785634,182.5597645214366,"left,right"
Recorder 2 - 1704 to 2804,04-19-2026,07:09:03,1.91834W,50.94074N,100%,5C,92%,2_20260419_070903.wav,AGC,48kHz,stereo,Part2,2_20260419_070903.wav,627.0,630.0,629.4001666666667,629.1501666666667,629.6501666666667,-0.020833333333333332,-1.0,357.26945925055134,182.73054074944866,"left,right"
Recorder 2 - 1704 to 2804,04-19-2026,07:09:03,1.91834W,50.94074N,100%,5C,92%,2_20260419_070903.wav,AGC,48kHz,stereo,Part2,2_20260419_070903.wav,732.0,735.0,732.197375,732.0,732.447375,0.01953125,0.9375,2.559764521436577,177.4402354785634,"left,right"
Recorder 2 - 1704 to 2804,04-19-2026,07:09:03,1.91834W,50.94074N,100%,5C,92%,2_20260419_070903.wav,AGC,48kHz,stereo,Part2,2_20260419_070903.wav,780.0,783.0,782.108625,781.858625,782.358625,0.0013020833333333333,0.0625,0.1705944566832045,179.8294055433168,"left,right"
Recorder 2 - 1704 to 2804,04-19-2026,07:09:03,1.91834W,50.94074N,100%,5C,92%,2_20260419_070903.wav,AGC,48kHz,stereo,Part2,2_20260419_070903.wav,831.0,834.0,833.3633958333334,833.1133958333334,833.6133958333334,0.0,0.0,0.0,180.0,"left,right"
Recorder 2 - 1704 to 2804,04-19-2026,07:09:03,1.91834W,50.94074N,100%,5C,92%,2_20260419_070903.wav,AGC,48kHz,stereo,Part2,2_20260419_070903.wav,873.0,876.0,873.4514166666667,873.2014166666667,873.7014166666667,0.0,0.0,0.0,180.0,"left,right"
Recorder 2 - 1704 to 2804,04-19-2026,07:09:03,1.91834W,50.94074N,100%,5C,92%,2_20260419_070903.wav,AGC,48kHz,stereo,Part2,2_20260419_070903.wav,924.0,927.0,926.3882708333333,926.1382708333333,926.6382708333333,0.0,0.0,0.0,180.0,"left,right"
Recorder 2 - 1704 to 2804,04-19-2026,07:09:03,1.91834W,50.94074N,100%,5C,92%,2_20260419_070903.wav,AGC,48kHz,stereo,Part2,2_20260419_070903.wav,1008.0,1011.0,1010.9299583333334,1010.6799583333334,1011.0,-0.0013020833333333333,-0.0625,359.8294055433168,180.1705944566832,"left,right"
Recorder 2 - 1704 to 2804,04-19-2026,07:09:03,1.91834W,50.94074N,100%,5C,92%,2_20260419_070903.wav,AGC,48kHz,stereo,Part2,2_20260419_070903.wav,1011.0,1014.0,1011.0101041666667,1011.0,1011.2601041666667,-0.0013020833333333333,-0.0625,359.8294055433168,180.1705944566832,"left,right"
Recorder 2 - 1704 to 2804,04-19-2026,07:09:03,1.91834W,50.94074N,100%,5C,92%,2_20260419_070903.wav,AGC,48kHz,stereo,Part2,2_20260419_070903.wav,1023.0,1026.0,1025.969125,1025.719125,1026.0,0.022135416666666668,1.0625,2.9013412575649227,177.09865874243508,"left,right"
Recorder 2 - 1704 to 2804,04-19-2026,07:09:03,1.91834W,50.94074N,100%,5C,92%,2_20260419_070903.wav,AGC,48kHz,stereo,Part2,2_20260419_070903.wav,1119.0,1122.0,1121.99,1121.74,1122.0,0.0,0.0,0.0,180.0,"left,right"
Recorder 2 - 1704 to 2804,04-19-2026,07:09:03,1.91834W,50.94074N,100%,5C,92%,2_20260419_070903.wav,AGC,48kHz,stereo,Part2,2_20260419_070903.wav,1122.0,1125.0,1122.0100625,1122.0,1122.2600625,0.0,0.0,0.0,180.0,"left,right"
Recorder 2 - 1704 to 2804,04-19-2026,07:09:03,1.91834W,50.94074N,100%,5C,92%,2_20260419_070903.wav,AGC,48kHz,stereo,Part2,2_20260419_070903.wav,1212.0,1215.0,1213.9101875,1213.6601875,1214.1601875,0.0,0.0,0.0,180.0,"left,right"
Recorder 2 - 1704 to 2804,04-19-2026,07:09:03,1.91834W,50.94074N,100%,5C,92%,2_20260419_070903.wav,AGC,48kHz,stereo,Part2,2_20260419_070903.wav,1287.0,1290.0,1288.6848125,1288.4348125,1288.9348125,0.0,0.0,0.0,180.0,"left,right"
Recorder 2 - 1704 to 2804,04-19-2026,07:09:03,1.91834W,50.94074N,100%,5C,92%,2_20260419_070903.wav,AGC,48kHz,stereo,Part2,2_20260419_070903.wav,1386.0,1389.0,1388.0980416666666,1387.8480416666666,1388.3480416666666,0.022135416666666668,1.0625,2.9013412575649227,177.09865874243508,"left,right"
Recorder 2 - 1704 to 2804,04-19-2026,07:09:03,1.91834W,50.94074N,100%,5C,92%,2_20260419_070903.wav,AGC,48kHz,stereo,Part2,2_20260419_070903.wav,1485.0,1488.0,1487.2334166666667,1486.9834166666667,1487.4834166666667,0.0,0.0,0.0,180.0,"left,right"
Recorder 2 - 1704 to 2804,04-19-2026,07:09:03,1.91834W,50.94074N,100%,5C,92%,2_20260419_070903.wav,AGC,48kHz,stereo,Part2,2_20260419_070903.wav,1584.0,1587.0,1585.3395,1585.0895,1585.5895,0.0,0.0,0.0,180.0,"left,right"
Recorder 2 - 1704 to 2804,04-19-2026,07:09:03,1.91834W,50.94074N,100%,5C,92%,2_20260419_070903.wav,AGC,48kHz,stereo,Part2,2_20260419_070903.wav,1731.0,1734.0,1733.522875,1733.272875,1733.772875,-0.020833333333333332,-1.0,357.26945925055134,182.73054074944866,"left,right"
Recorder 2 - 1704 to 2804,04-19-2026,18:42:02,1.91834W,50.94074N,100%,16C,40%,2_20260419_184202.wav,AGC,48kHz,stereo,Part1,2_20260419_184202.wav,369.0,372.0,370.029125,369.779125,370.279125,0.018229166666666668,0.8750000000000001,2.389011046620638,177.61098895337938,"left,right"
Recorder 2 - 1704 to 2804,04-19-2026,18:42:02,1.91834W,50.94074N,100%,16C,40%,2_20260419_184202.wav,AGC,48kHz,stereo,Part1,2_20260419_184202.wav,1101.0,1104.0,1102.6081666666666,1102.3581666666666,1102.8581666666666,0.01953125,0.9375,2.559764521436577,177.4402354785634,"left,right"
Recorder 2 - 1704 to 2804,04-19-2026,19:12:03,1.91834W,50.94074N,100%,16C,40%,2_20260419_191203.wav,AGC,48kHz,stereo,Part2,2_20260419_191203.wav,702.0,705.0,703.0627708333334,702.8127708333334,703.3127708333334,0.018229166666666668,0.8750000000000001,2.389011046620638,177.61098895337938,"left,right"
Recorder 2 - 1704 to 2804,04-20-2026,06:39:02,1.91834W,50.94074N,100%,3C,96%,2_20260420_063902.wav,AGC,48kHz,stereo,Part1,2_20260420_063902.wav,393.0,396.0,394.7805833333333,394.5305833333333,395.0305833333333,0.0,0.0,0.0,180.0,"left,right"
Recorder 2 - 1704 to 2804,04-20-2026,06:39:02,1.91834W,50.94074N,100%,3C,96%,2_20260420_063902.wav,AGC,48kHz,stereo,Part1,2_20260420_063902.wav,1011.0,1014.0,1013.123625,1012.873625,1013.373625,0.020833333333333332,1.0,2.730540749448636,177.26945925055136,"left,right"
Recorder 2 - 1704 to 2804,04-20-2026,07:09:03,1.91834W,50.94074N,100%,3C,96%,2_20260420_070903.wav,AGC,48kHz,stereo,Part2,2_20260420_070903.wav,237.0,240.0,238.06489583333334,237.81489583333334,238.31489583333334,0.0,0.0,0.0,180.0,"left,right"
Recorder 2 - 1704 to 2804,04-20-2026,18:42:02,1.91834W,50.94074N,100%,17C,47%,2_20260420_184202.wav,AGC,48kHz,stereo,Part1,2_20260420_184202.wav,387.0,390.0,388.141875,387.891875,388.391875,0.0,0.0,0.0,180.0,"left,right"
Recorder 2 - 1704 to 2804,04-20-2026,18:42:02,1.91834W,50.94074N,100%,17C,47%,2_20260420_184202.wav,AGC,48kHz,stereo,Part1,2_20260420_184202.wav,471.0,474.0,471.4223125,471.1723125,471.6723125,0.0,0.0,0.0,180.0,"left,right"
Recorder 2 - 1704 to 2804,04-20-2026,18:42:02,1.91834W,50.94074N,100%,17C,47%,2_20260420_184202.wav,AGC,48kHz,stereo,Part1,2_20260420_184202.wav,597.0,600.0,597.9802291666666,597.7302291666666,598.2302291666666,0.0,0.0,0.0,180.0,"left,right"
Recorder 2 - 1704 to 2804,04-20-2026,18:42:02,1.91834W,50.94074N,100%,17C,47%,2_20260420_184202.wav,AGC,48kHz,stereo,Part1,2_20260420_184202.wav,747.0,750.0,749.2934375,749.0434375,749.5434375,0.0,0.0,0.0,180.0,"left,right"
Recorder 2 - 1704 to 2804,04-20-2026,18:42:02,1.91834W,50.94074N,100%,17C,47%,2_20260420_184202.wav,AGC,48kHz,stereo,Part1,2_20260420_184202.wav,780.0,783.0,781.0651875,780.8151875,781.3151875,0.0,0.0,0.0,180.0,"left,right"
Recorder 2 - 1704 to 2804,04-20-2026,18:42:02,1.91834W,50.94074N,100%,17C,47%,2_20260420_184202.wav,AGC,48kHz,stereo,Part1,2_20260420_184202.wav,882.0,885.0,882.524375,882.274375,882.774375,0.3958333333333333,19.0,64.84199555654006,115.15800444345994,"left,right"
Recorder 2 - 1704 to 2804,04-20-2026,18:42:02,1.91834W,50.94074N,100%,17C,47%,2_20260420_184202.wav,AGC,48kHz,stereo,Part1,2_20260420_184202.wav,885.0,888.0,885.9571041666667,885.7071041666667,886.2071041666667,0.0013020833333333333,0.0625,0.1705944566832045,179.8294055433168,"left,right"
Recorder 2 - 1704 to 2804,04-20-2026,18:42:02,1.91834W,50.94074N,100%,17C,47%,2_20260420_184202.wav,AGC,48kHz,stereo,Part1,2_20260420_184202.wav,1026.0,1029.0,1028.90075,1028.65075,1029.0,0.0013020833333333333,0.0625,0.1705944566832045,179.8294055433168,"left,right"
Recorder 2 - 1704 to 2804,04-20-2026,18:42:02,1.91834W,50.94074N,100%,17C,47%,2_20260420_184202.wav,AGC,48kHz,stereo,Part1,2_20260420_184202.wav,1029.0,1032.0,1029.30525,1029.05525,1029.55525,0.0013020833333333333,0.0625,0.1705944566832045,179.8294055433168,"left,right"
Recorder 2 - 1704 to 2804,04-20-2026,18:42:02,1.91834W,50.94074N,100%,17C,47%,2_20260420_184202.wav,AGC,48kHz,stereo,Part1,2_20260420_184202.wav,1377.0,1380.0,1378.9710833333334,1378.7210833333334,1379.2210833333334,0.18880208333333334,9.0625,25.577237270285522,154.42276272971446,"left,right"
Recorder 2 - 1704 to 2804,04-20-2026,19:12:03,1.91834W,50.94074N,100%,17C,47%,2_20260420_191203.wav,AGC,48kHz,stereo,Part2,2_20260420_191203.wav,645.0,648.0,645.4907083333334,645.2407083333334,645.7407083333334,0.0013020833333333333,0.0625,0.1705944566832045,179.8294055433168,"left,right"
Recorder 2 - 1704 to 2804,04-20-2026,19:12:03,1.91834W,50.94074N,100%,17C,47%,2_20260420_191203.wav,AGC,48kHz,stereo,Part2,2_20260420_191203.wav,1779.0,1782.0,1780.0179583333334,1779.7679583333334,1780.2679583333334,-0.01953125,-0.9375,357.4402354785634,182.5597645214366,"left,right"
Recorder 2 - 1704 to 2804,04-21-2026,07:09:03,1.91834W,50.94074N,100%,3C,97%,2_20260421_070903.wav,AGC,48kHz,stereo,Part2,2_20260421_070903.wav,315.0,318.0,316.3715833333333,316.1215833333333,316.6215833333333,0.0013020833333333333,0.0625,0.1705944566832045,179.8294055433168,"left,right"
Recorder 2 - 1704 to 2804,04-21-2026,07:09:03,1.91834W,50.94074N,100%,3C,97%,2_20260421_070903.wav,AGC,48kHz,stereo,Part2,2_20260421_070903.wav,1164.0,1167.0,1166.1437916666666,1165.8937916666666,1166.3937916666666,0.0,0.0,0.0,180.0,"left,right"
Recorder 2 - 1704 to 2804,04-21-2026,07:09:03,1.91834W,50.94074N,100%,3C,97%,2_20260421_070903.wav,AGC,48kHz,stereo,Part2,2_20260421_070903.wav,1629.0,1632.0,1630.8531875,1630.6031875,1631.1031875,0.0,0.0,0.0,180.0,"left,right"
Recorder 2 - 1704 to 2804,04-21-2026,18:42:02,1.91834W,50.94074N,100%,18C,43%,2_20260421_184202.wav,AGC,48kHz,stereo,Part1,2_20260421_184202.wav,204.0,207.0,204.20075,204.0,204.45075,-0.022135416666666668,-1.0625,357.0986587424351,182.90134125756492,"left,right"
Recorder 2 - 1704 to 2804,04-21-2026,19:12:03,1.91834W,50.94074N,100%,18C,43%,2_20260421_191203.wav,AGC,48kHz,stereo,Part2,2_20260421_191203.wav,1269.0,1272.0,1270.2356666666667,1269.9856666666667,1270.4856666666667,-0.0013020833333333333,-0.0625,359.8294055433168,180.1705944566832,"left,right"
Recorder 2 - 1704 to 2804,04-22-2026,06:39:02,1.91834W,50.94074N,100%,4C,95%,2_20260422_063902.wav,AGC,48kHz,stereo,Part1,2_20260422_063902.wav,129.0,132.0,129.65627083333334,129.40627083333334,129.90627083333334,0.0,0.0,0.0,180.0,"left,right"
Recorder 2 - 1704 to 2804,04-22-2026,06:39:02,1.91834W,50.94074N,100%,4C,95%,2_20260422_063902.wav,AGC,48kHz,stereo,Part1,2_20260422_063902.wav,285.0,288.0,287.27441666666664,287.02441666666664,287.52441666666664,0.0013020833333333333,0.0625,0.1705944566832045,179.8294055433168,"left,right"
Recorder 2 - 1704 to 2804,04-22-2026,06:39:02,1.91834W,50.94074N,100%,4C,95%,2_20260422_063902.wav,AGC,48kHz,stereo,Part1,2_20260422_063902.wav,414.0,417.0,415.67464583333333,415.42464583333333,415.92464583333333,0.01953125,0.9375,2.559764521436577,177.4402354785634,"left,right"
Recorder 2 - 1704 to 2804,04-22-2026,06:39:02,1.91834W,50.94074N,100%,4C,95%,2_20260422_063902.wav,AGC,48kHz,stereo,Part1,2_20260422_063902.wav,570.0,573.0,572.7751041666667,572.5251041666667,573.0,0.0,0.0,0.0,180.0,"left,right"
Recorder 2 - 1704 to 2804,04-22-2026,06:39:02,1.91834W,50.94074N,100%,4C,95%,2_20260422_063902.wav,AGC,48kHz,stereo,Part1,2_20260422_063902.wav,573.0,576.0,573.0639166666666,573.0,573.3139166666666,0.0013020833333333333,0.0625,0.1705944566832045,179.8294055433168,"left,right"
Recorder 2 - 1704 to 2804,04-22-2026,06:39:02,1.91834W,50.94074N,100%,4C,95%,2_20260422_063902.wav,AGC,48kHz,stereo,Part1,2_20260422_063902.wav,708.0,711.0,710.9611875,710.7111875,711.0,-0.0013020833333333333,-0.0625,359.8294055433168,180.1705944566832,"left,right"
Recorder 2 - 1704 to 2804,04-22-2026,06:39:02,1.91834W,50.94074N,100%,4C,95%,2_20260422_063902.wav,AGC,48kHz,stereo,Part1,2_20260422_063902.wav,711.0,714.0,711.0180416666667,711.0,711.2680416666667,0.0,0.0,0.0,180.0,"left,right"
Recorder 2 - 1704 to 2804,04-22-2026,06:39:02,1.91834W,50.94074N,100%,4C,95%,2_20260422_063902.wav,AGC,48kHz,stereo,Part1,2_20260422_063902.wav,855.0,858.0,857.99,857.74,858.0,0.0,0.0,0.0,180.0,"left,right"
Recorder 2 - 1704 to 2804,04-22-2026,06:39:02,1.91834W,50.94074N,100%,4C,95%,2_20260422_063902.wav,AGC,48kHz,stereo,Part1,2_20260422_063902.wav,858.0,861.0,858.4100625,858.1600625,858.6600625,0.0,0.0,0.0,180.0,"left,right"
Recorder 2 - 1704 to 2804,04-22-2026,06:39:02,1.91834W,50.94074N,100%,4C,95%,2_20260422_063902.wav,AGC,48kHz,stereo,Part1,2_20260422_063902.wav,1410.0,1413.0,1412.7689166666667,1412.5189166666667,1413.0,0.022135416666666668,1.0625,2.9013412575649227,177.09865874243508,"left,right"
Recorder 2 - 1704 to 2804,04-22-2026,06:39:02,1.91834W,50.94074N,100%,4C,95%,2_20260422_063902.wav,AGC,48kHz,stereo,Part1,2_20260422_063902.wav,1413.0,1416.0,1413.1198541666668,1413.0,1413.3698541666668,0.0,0.0,0.0,180.0,"left,right"
Recorder 2 - 1704 to 2804,04-22-2026,06:39:02,1.91834W,50.94074N,100%,4C,95%,2_20260422_063902.wav,AGC,48kHz,stereo,Part1,2_20260422_063902.wav,1611.0,1614.0,1611.7926875,1611.5426875,1612.0426875,0.020833333333333332,1.0,2.730540749448636,177.26945925055136,"left,right"
Recorder 2 - 1704 to 2804,04-22-2026,07:09:03,1.91834W,50.94074N,100%,4C,95%,2_20260422_070903.wav,AGC,48kHz,stereo,Part2,2_20260422_070903.wav,60.0,63.0,60.428666666666665,60.178666666666665,60.678666666666665,0.0,0.0,0.0,180.0,"left,right"
Recorder 2 - 1704 to 2804,04-22-2026,07:09:03,1.91834W,50.94074N,100%,4C,95%,2_20260422_070903.wav,AGC,48kHz,stereo,Part2,2_20260422_070903.wav,255.0,258.0,256.80677083333336,256.55677083333336,257.05677083333336,0.01953125,0.9375,2.559764521436577,177.4402354785634,"left,right"
Recorder 2 - 1704 to 2804,04-22-2026,07:09:03,1.91834W,50.94074N,100%,4C,95%,2_20260422_070903.wav,AGC,48kHz,stereo,Part2,2_20260422_070903.wav,279.0,282.0,280.737,280.487,280.987,0.020833333333333332,1.0,2.730540749448636,177.26945925055136,"left,right"
Recorder 2 - 1704 to 2804,04-22-2026,07:09:03,1.91834W,50.94074N,100%,4C,95%,2_20260422_070903.wav,AGC,48kHz,stereo,Part2,2_20260422_070903.wav,537.0,540.0,539.1734166666666,538.9234166666666,539.4234166666666,0.0,0.0,0.0,180.0,"left,right"
Recorder 2 - 1704 to 2804,04-22-2026,07:09:03,1.91834W,50.94074N,100%,4C,95%,2_20260422_070903.wav,AGC,48kHz,stereo,Part2,2_20260422_070903.wav,888.0,891.0,890.0621458333334,889.8121458333334,890.3121458333334,-0.01953125,-0.9375,357.4402354785634,182.5597645214366,"left,right"
Recorder 2 - 1704 to 2804,04-22-2026,07:09:03,1.91834W,50.94074N,100%,4C,95%,2_20260422_070903.wav,AGC,48kHz,stereo,Part2,2_20260422_070903.wav,1083.0,1086.0,1083.5459583333334,1083.2959583333334,1083.7959583333334,-0.0026041666666666665,-0.125,359.65880957427,180.34119042573002,"left,right"
Recorder 2 - 1704 to 2804,04-22-2026,07:09:03,1.91834W,50.94074N,100%,4C,95%,2_20260422_070903.wav,AGC,48kHz,stereo,Part2,2_20260422_070903.wav,1254.0,1257.0,1254.5463333333332,1254.2963333333332,1254.7963333333332,0.0,0.0,0.0,180.0,"left,right"
Recorder 2 - 1704 to 2804,04-22-2026,07:09:03,1.91834W,50.94074N,100%,4C,95%,2_20260422_070903.wav,AGC,48kHz,stereo,Part2,2_20260422_070903.wav,1452.0,1455.0,1453.5127916666668,1453.2627916666668,1453.7627916666668,-0.020833333333333332,-1.0,357.26945925055134,182.73054074944866,"left,right"
Recorder 2 - 1704 to 2804,04-22-2026,07:09:03,1.91834W,50.94074N,100%,4C,95%,2_20260422_070903.wav,AGC,48kHz,stereo,Part2,2_20260422_070903.wav,1614.0,1617.0,1615.7803541666667,1615.5303541666667,1616.0303541666667,0.01953125,0.9375,2.559764521436577,177.4402354785634,"left,right"
Recorder 2 - 1704 to 2804,04-22-2026,18:42:02,1.91834W,50.94074N,100%,16C,40%,2_20260422_184202.wav,AGC,48kHz,stereo,Part1,2_20260422_184202.wav,153.0,156.0,153.59704166666666,153.34704166666666,153.84704166666666,0.0,0.0,0.0,180.0,"left,right"
Recorder 2 - 1704 to 2804,04-22-2026,18:42:02,1.91834W,50.94074N,100%,16C,40%,2_20260422_184202.wav,AGC,48kHz,stereo,Part1,2_20260422_184202.wav,204.0,207.0,204.47685416666667,204.22685416666667,204.72685416666667,0.01953125,0.9375,2.559764521436577,177.4402354785634,"left,right"
Recorder 2 - 1704 to 2804,04-22-2026,18:42:02,1.91834W,50.94074N,100%,16C,40%,2_20260422_184202.wav,AGC,48kHz,stereo,Part1,2_20260422_184202.wav,285.0,288.0,287.3145,287.0645,287.5645,-0.01953125,-0.9375,357.4402354785634,182.5597645214366,"left,right"
Recorder 2 - 1704 to 2804,04-22-2026,18:42:02,1.91834W,50.94074N,100%,16C,40%,2_20260422_184202.wav,AGC,48kHz,stereo,Part1,2_20260422_184202.wav,546.0,549.0,548.9307916666667,548.6807916666667,549.0,0.0,0.0,0.0,180.0,"left,right"
Recorder 2 - 1704 to 2804,04-22-2026,18:42:02,1.91834W,50.94074N,100%,16C,40%,2_20260422_184202.wav,AGC,48kHz,stereo,Part1,2_20260422_184202.wav,549.0,552.0,549.186,549.0,549.436,0.0013020833333333333,0.0625,0.1705944566832045,179.8294055433168,"left,right"
Recorder 2 - 1704 to 2804,04-22-2026,18:42:02,1.91834W,50.94074N,100%,16C,40%,2_20260422_184202.wav,AGC,48kHz,stereo,Part1,2_20260422_184202.wav,696.0,699.0,696.8676041666666,696.6176041666666,697.1176041666666,0.0,0.0,0.0,180.0,"left,right"
Recorder 2 - 1704 to 2804,04-22-2026,18:42:02,1.91834W,50.94074N,100%,16C,40%,2_20260422_184202.wav,AGC,48kHz,stereo,Part1,2_20260422_184202.wav,882.0,885.0,882.54325,882.29325,882.79325,0.0013020833333333333,0.0625,0.1705944566832045,179.8294055433168,"left,right"
Recorder 2 - 1704 to 2804,04-22-2026,18:42:02,1.91834W,50.94074N,100%,16C,40%,2_20260422_184202.wav,AGC,48kHz,stereo,Part1,2_20260422_184202.wav,1026.0,1029.0,1027.9668541666667,1027.7168541666667,1028.2168541666667,0.0,0.0,0.0,180.0,"left,right"
Recorder 2 - 1704 to 2804,04-22-2026,18:42:02,1.91834W,50.94074N,100%,16C,40%,2_20260422_184202.wav,AGC,48kHz,stereo,Part1,2_20260422_184202.wav,1212.0,1215.0,1213.3386041666668,1213.0886041666668,1213.5886041666668,0.0,0.0,0.0,180.0,"left,right"
Recorder 2 - 1704 to 2804,04-22-2026,18:42:02,1.91834W,50.94074N,100%,16C,40%,2_20260422_184202.wav,AGC,48kHz,stereo,Part1,2_20260422_184202.wav,1314.0,1317.0,1316.9315208333333,1316.6815208333333,1317.0,0.0,0.0,0.0,180.0,"left,right"
Recorder 2 - 1704 to 2804,04-22-2026,18:42:02,1.91834W,50.94074N,100%,16C,40%,2_20260422_184202.wav,AGC,48kHz,stereo,Part1,2_20260422_184202.wav,1374.0,1377.0,1375.17525,1374.92525,1375.42525,-0.01953125,-0.9375,357.4402354785634,182.5597645214366,"left,right"
Recorder 2 - 1704 to 2804,04-22-2026,18:42:02,1.91834W,50.94074N,100%,16C,40%,2_20260422_184202.wav,AGC,48kHz,stereo,Part1,2_20260422_184202.wav,1464.0,1467.0,1465.0376875,1464.7876875,1465.2876875,0.0013020833333333333,0.0625,0.1705944566832045,179.8294055433168,"left,right"
Recorder 2 - 1704 to 2804,04-22-2026,18:42:02,1.91834W,50.94074N,100%,16C,40%,2_20260422_184202.wav,AGC,48kHz,stereo,Part1,2_20260422_184202.wav,1770.0,1773.0,1771.2028125,1770.9528125,1771.4528125,0.0,0.0,0.0,180.0,"left,right"
Recorder 2 - 1704 to 2804,04-22-2026,19:12:03,1.91834W,50.94074N,100%,16C,40%,2_20260422_191203.wav,AGC,48kHz,stereo,Part2,2_20260422_191203.wav,231.0,234.0,231.42689583333333,231.17689583333333,231.67689583333333,0.020833333333333332,1.0,2.730540749448636,177.26945925055136,"left,right"
Recorder 2 - 1704 to 2804,04-23-2026,06:39:02,1.91834W,50.94074N,100%,6C,93%,2_20260423_063902.wav,AGC,48kHz,stereo,Part1,2_20260423_063902.wav,12.0,15.0,14.766354166666666,14.516354166666666,15.0,-0.10286458333333333,-4.9375,346.3955846593196,193.60441534068042,"left,right"
Recorder 2 - 1704 to 2804,04-23-2026,06:39:02,1.91834W,50.94074N,100%,6C,93%,2_20260423_063902.wav,AGC,48kHz,stereo,Part1,2_20260423_063902.wav,375.0,378.0,376.6161041666667,376.3661041666667,376.8661041666667,-0.020833333333333332,-1.0,357.26945925055134,182.73054074944866,"left,right"
Recorder 2 - 1704 to 2804,04-23-2026,06:39:02,1.91834W,50.94074N,100%,6C,93%,2_20260423_063902.wav,AGC,48kHz,stereo,Part1,2_20260423_063902.wav,768.0,771.0,770.7278125,770.4778125,770.9778125,0.0,0.0,0.0,180.0,"left,right"
Recorder 2 - 1704 to 2804,04-23-2026,06:39:02,1.91834W,50.94074N,100%,6C,93%,2_20260423_063902.wav,AGC,48kHz,stereo,Part1,2_20260423_063902.wav,990.0,993.0,991.2443541666667,990.9943541666667,991.4943541666667,-0.022135416666666668,-1.0625,357.0986587424351,182.90134125756492,"left,right"
Recorder 2 - 1704 to 2804,04-23-2026,06:39:02,1.91834W,50.94074N,100%,6C,93%,2_20260423_063902.wav,AGC,48kHz,stereo,Part1,2_20260423_063902.wav,1314.0,1317.0,1316.1236875,1315.8736875,1316.3736875,0.0,0.0,0.0,180.0,"left,right"
Recorder 2 - 1704 to 2804,04-23-2026,06:39:02,1.91834W,50.94074N,100%,6C,93%,2_20260423_063902.wav,AGC,48kHz,stereo,Part1,2_20260423_063902.wav,1536.0,1539.0,1536.1038541666667,1536.0,1536.3538541666667,0.020833333333333332,1.0,2.730540749448636,177.26945925055136,"left,right"
Recorder 2 - 1704 to 2804,04-23-2026,07:09:03,1.91834W,50.94074N,100%,6C,93%,2_20260423_070903.wav,AGC,48kHz,stereo,Part2,2_20260423_070903.wav,12.0,15.0,12.900229166666666,12.650229166666666,13.150229166666666,0.01953125,0.9375,2.559764521436577,177.4402354785634,"left,right"
Recorder 2 - 1704 to 2804,04-23-2026,07:09:03,1.91834W,50.94074N,100%,6C,93%,2_20260423_070903.wav,AGC,48kHz,stereo,Part2,2_20260423_070903.wav,315.0,318.0,317.7861875,317.5361875,318.0,0.0,0.0,0.0,180.0,"left,right"
Recorder 2 - 1704 to 2804,04-23-2026,07:09:03,1.91834W,50.94074N,100%,6C,93%,2_20260423_070903.wav,AGC,48kHz,stereo,Part2,2_20260423_070903.wav,540.0,543.0,541.3100625,541.0600625,541.5600625,0.0,0.0,0.0,180.0,"left,right"
Recorder 2 - 1704 to 2804,04-23-2026,07:09:03,1.91834W,50.94074N,100%,6C,93%,2_20260423_070903.wav,AGC,48kHz,stereo,Part2,2_20260423_070903.wav,1548.0,1551.0,1548.5339583333334,1548.2839583333334,1548.7839583333334,0.0,0.0,0.0,180.0,"left,right"
Recorder 2 - 1704 to 2804,04-23-2026,07:09:03,1.91834W,50.94074N,100%,6C,93%,2_20260423_070903.wav,AGC,48kHz,stereo,Part2,2_20260423_070903.wav,1704.0,1707.0,1705.7413958333334,1705.4913958333334,1705.9913958333334,-0.0859375,-4.125,348.6670285480438,191.3329714519562,"left,right"
Recorder 2 - 1704 to 2804,04-23-2026,18:42:02,1.91834W,50.94074N,100%,24C,31%,2_20260423_184202.wav,AGC,48kHz,stereo,Part1,2_20260423_184202.wav,663.0,666.0,663.012375,663.0,663.262375,-0.020833333333333332,-1.0,357.26945925055134,182.73054074944866,"left,right"
Recorder 2 - 1704 to 2804,04-23-2026,19:12:03,1.91834W,50.94074N,100%,24C,31%,2_20260423_191203.wav,AGC,48kHz,stereo,Part2,2_20260423_191203.wav,297.0,300.0,297.8197083333333,297.5697083333333,298.0697083333333,0.0,0.0,0.0,180.0,"left,right"
Recorder 2 - 1704 to 2804,04-23-2026,19:12:03,1.91834W,50.94074N,100%,24C,31%,2_20260423_191203.wav,AGC,48kHz,stereo,Part2,2_20260423_191203.wav,606.0,609.0,607.4071875,607.1571875,607.6571875,0.0,0.0,0.0,180.0,"left,right"
Recorder 2 - 1704 to 2804,04-23-2026,19:12:03,1.91834W,50.94074N,100%,24C,31%,2_20260423_191203.wav,AGC,48kHz,stereo,Part2,2_20260423_191203.wav,771.0,774.0,771.1075625,771.0,771.3575625,0.0,0.0,0.0,180.0,"left,right"
Recorder 2 - 1704 to 2804,04-23-2026,19:12:03,1.91834W,50.94074N,100%,24C,31%,2_20260423_191203.wav,AGC,48kHz,stereo,Part2,2_20260423_191203.wav,1362.0,1365.0,1362.4100625,1362.1600625,1362.6600625,0.0,0.0,0.0,180.0,"left,right"
Recorder 2 - 1704 to 2804,04-24-2026,06:39:02,1.91834W,50.94074N,100%,4C,87%,2_20260424_063902.wav,AGC,48kHz,stereo,Part1,2_20260424_063902.wav,678.0,681.0,678.46875,678.21875,678.71875,0.0013020833333333333,0.0625,0.1705944566832045,179.8294055433168,"left,right"
Recorder 2 - 1704 to 2804,04-24-2026,06:39:02,1.91834W,50.94074N,100%,4C,87%,2_20260424_063902.wav,AGC,48kHz,stereo,Part1,2_20260424_063902.wav,1029.0,1032.0,1030.5048958333334,1030.2548958333334,1030.7548958333334,0.0,0.0,0.0,180.0,"left,right"
Recorder 2 - 1704 to 2804,04-24-2026,07:09:03,1.91834W,50.94074N,100%,4C,87%,2_20260424_070903.wav,AGC,48kHz,stereo,Part2,2_20260424_070903.wav,54.0,57.0,54.7345,54.4845,54.9845,-0.01953125,-0.9375,357.4402354785634,182.5597645214366,"left,right"
Recorder 2 - 1704 to 2804,04-24-2026,07:09:03,1.91834W,50.94074N,100%,4C,87%,2_20260424_070903.wav,AGC,48kHz,stereo,Part2,2_20260424_070903.wav,393.0,396.0,393.98975,393.73975,394.23975,-0.022135416666666668,-1.0625,357.0986587424351,182.90134125756492,"left,right"
Recorder 2 - 1704 to 2804,04-24-2026,07:09:03,1.91834W,50.94074N,100%,4C,87%,2_20260424_070903.wav,AGC,48kHz,stereo,Part2,2_20260424_070903.wav,570.0,573.0,570.2625625,570.0125625,570.5125625,0.01953125,0.9375,2.559764521436577,177.4402354785634,"left,right"
Recorder 2 - 1704 to 2804,04-24-2026,07:09:03,1.91834W,50.94074N,100%,4C,87%,2_20260424_070903.wav,AGC,48kHz,stereo,Part2,2_20260424_070903.wav,951.0,954.0,953.8893958333333,953.6393958333333,954.0,0.0,0.0,0.0,180.0,"left,right"
Recorder 2 - 1704 to 2804,04-24-2026,07:09:03,1.91834W,50.94074N,100%,4C,87%,2_20260424_070903.wav,AGC,48kHz,stereo,Part2,2_20260424_070903.wav,954.0,957.0,954.2579791666667,954.0079791666667,954.5079791666667,0.0,0.0,0.0,180.0,"left,right"
Recorder 2 - 1704 to 2804,04-24-2026,07:09:03,1.91834W,50.94074N,100%,4C,87%,2_20260424_070903.wav,AGC,48kHz,stereo,Part2,2_20260424_070903.wav,1362.0,1365.0,1362.147375,1362.0,1362.397375,0.0013020833333333333,0.0625,0.1705944566832045,179.8294055433168,"left,right"
Recorder 2 - 1704 to 2804,04-24-2026,07:09:03,1.91834W,50.94074N,100%,4C,87%,2_20260424_070903.wav,AGC,48kHz,stereo,Part2,2_20260424_070903.wav,1743.0,1746.0,1744.391875,1744.141875,1744.641875,0.0,0.0,0.0,180.0,"left,right"
Recorder 2 - 1704 to 2804,04-24-2026,18:42:02,1.91834W,50.94074N,100%,27C,29%,2_20260424_184202.wav,AGC,48kHz,stereo,Part1,2_20260424_184202.wav,303.0,306.0,303.2891041666667,303.0391041666667,303.5391041666667,-0.020833333333333332,-1.0,357.26945925055134,182.73054074944866,"left,right"
Recorder 2 - 1704 to 2804,04-24-2026,18:42:02,1.91834W,50.94074N,100%,27C,29%,2_20260424_184202.wav,AGC,48kHz,stereo,Part1,2_20260424_184202.wav,414.0,417.0,414.4405625,414.1905625,414.6905625,0.0,0.0,0.0,180.0,"left,right"
Recorder 2 - 1704 to 2804,04-24-2026,18:42:02,1.91834W,50.94074N,100%,27C,29%,2_20260424_184202.wav,AGC,48kHz,stereo,Part1,2_20260424_184202.wav,597.0,600.0,597.1978541666666,597.0,597.4478541666666,0.0,0.0,0.0,180.0,"left,right"
Recorder 2 - 1704 to 2804,04-24-2026,18:42:02,1.91834W,50.94074N,100%,27C,29%,2_20260424_184202.wav,AGC,48kHz,stereo,Part1,2_20260424_184202.wav,711.0,714.0,713.4653541666667,713.2153541666667,713.7153541666667,-0.0013020833333333333,-0.0625,359.8294055433168,180.1705944566832,"left,right"
Recorder 2 - 1704 to 2804,04-24-2026,18:42:02,1.91834W,50.94074N,100%,27C,29%,2_20260424_184202.wav,AGC,48kHz,stereo,Part1,2_20260424_184202.wav,1464.0,1467.0,1465.3695833333334,1465.1195833333334,1465.6195833333334,0.0,0.0,0.0,180.0,"left,right"
Recorder 2 - 1704 to 2804,04-24-2026,19:12:03,1.91834W,50.94074N,100%,27C,29%,2_20260424_191203.wav,AGC,48kHz,stereo,Part2,2_20260424_191203.wav,534.0,537.0,534.559625,534.309625,534.809625,-0.0013020833333333333,-0.0625,359.8294055433168,180.1705944566832,"left,right"
Recorder 2 - 1704 to 2804,04-24-2026,19:12:03,1.91834W,50.94074N,100%,27C,29%,2_20260424_191203.wav,AGC,48kHz,stereo,Part2,2_20260424_191203.wav,1134.0,1137.0,1135.0171666666668,1134.7671666666668,1135.2671666666668,0.0,0.0,0.0,180.0,"left,right"
Recorder 2 - 1704 to 2804,04-24-2026,19:12:03,1.91834W,50.94074N,100%,27C,29%,2_20260424_191203.wav,AGC,48kHz,stereo,Part2,2_20260424_191203.wav,1692.0,1695.0,1693.7345208333334,1693.4845208333334,1693.9845208333334,-0.020833333333333332,-1.0,357.26945925055134,182.73054074944866,"left,right"
Recorder 2 - 1704 to 2804,04-24-2026,19:12:03,1.91834W,50.94074N,100%,27C,29%,2_20260424_191203.wav,AGC,48kHz,stereo,Part2,2_20260424_191203.wav,1752.0,1755.0,1753.2019375,1752.9519375,1753.4519375,-0.020833333333333332,-1.0,357.26945925055134,182.73054074944866,"left,right"
Recorder 2 - 1704 to 2804,04-25-2026,06:39:02,1.91834W,50.94074N,100%,6C,54%,2_20260425_063902.wav,AGC,48kHz,stereo,Part1,2_20260425_063902.wav,180.0,183.0,181.78804166666666,181.53804166666666,182.03804166666666,-0.020833333333333332,-1.0,357.26945925055134,182.73054074944866,"left,right"
Recorder 2 - 1704 to 2804,04-25-2026,06:39:02,1.91834W,50.94074N,100%,6C,54%,2_20260425_063902.wav,AGC,48kHz,stereo,Part1,2_20260425_063902.wav,381.0,384.0,382.4770208333333,382.2270208333333,382.7270208333333,-0.01953125,-0.9375,357.4402354785634,182.5597645214366,"left,right"
Recorder 2 - 1704 to 2804,04-25-2026,06:39:02,1.91834W,50.94074N,100%,6C,54%,2_20260425_063902.wav,AGC,48kHz,stereo,Part1,2_20260425_063902.wav,477.0,480.0,477.5133333333333,477.2633333333333,477.7633333333333,-0.0013020833333333333,-0.0625,359.8294055433168,180.1705944566832,"left,right"
Recorder 2 - 1704 to 2804,04-25-2026,06:39:02,1.91834W,50.94074N,100%,6C,54%,2_20260425_063902.wav,AGC,48kHz,stereo,Part1,2_20260425_063902.wav,630.0,633.0,630.5119791666667,630.2619791666667,630.7619791666667,0.018229166666666668,0.8750000000000001,2.389011046620638,177.61098895337938,"left,right"
Recorder 2 - 1704 to 2804,04-25-2026,06:39:02,1.91834W,50.94074N,100%,6C,54%,2_20260425_063902.wav,AGC,48kHz,stereo,Part1,2_20260425_063902.wav,714.0,717.0,715.7711458333333,715.5211458333333,716.0211458333333,0.0,0.0,0.0,180.0,"left,right"
Recorder 2 - 1704 to 2804,04-25-2026,06:39:02,1.91834W,50.94074N,100%,6C,54%,2_20260425_063902.wav,AGC,48kHz,stereo,Part1,2_20260425_063902.wav,768.0,771.0,770.241125,769.991125,770.491125,0.01953125,0.9375,2.559764521436577,177.4402354785634,"left,right"
Recorder 2 - 1704 to 2804,04-25-2026,06:39:02,1.91834W,50.94074N,100%,6C,54%,2_20260425_063902.wav,AGC,48kHz,stereo,Part1,2_20260425_063902.wav,900.0,903.0,901.9668541666666,901.7168541666666,902.2168541666666,0.018229166666666668,0.8750000000000001,2.389011046620638,177.61098895337938,"left,right"
Recorder 2 - 1704 to 2804,04-25-2026,06:39:02,1.91834W,50.94074N,100%,6C,54%,2_20260425_063902.wav,AGC,48kHz,stereo,Part1,2_20260425_063902.wav,1011.0,1014.0,1012.9726041666667,1012.7226041666667,1013.2226041666667,0.0013020833333333333,0.0625,0.1705944566832045,179.8294055433168,"left,right"
Recorder 2 - 1704 to 2804,04-25-2026,06:39:02,1.91834W,50.94074N,100%,6C,54%,2_20260425_063902.wav,AGC,48kHz,stereo,Part1,2_20260425_063902.wav,1101.0,1104.0,1102.3821041666667,1102.1321041666667,1102.6321041666667,0.0,0.0,0.0,180.0,"left,right"
Recorder 2 - 1704 to 2804,04-25-2026,06:39:02,1.91834W,50.94074N,100%,6C,54%,2_20260425_063902.wav,AGC,48kHz,stereo,Part1,2_20260425_063902.wav,1203.0,1206.0,1204.8675208333334,1204.6175208333334,1205.1175208333334,0.01953125,0.9375,2.559764521436577,177.4402354785634,"left,right"
Recorder 2 - 1704 to 2804,04-25-2026,06:39:02,1.91834W,50.94074N,100%,6C,54%,2_20260425_063902.wav,AGC,48kHz,stereo,Part1,2_20260425_063902.wav,1290.0,1293.0,1292.4026041666666,1292.1526041666666,1292.6526041666666,-0.022135416666666668,-1.0625,357.0986587424351,182.90134125756492,"left,right"
Recorder 2 - 1704 to 2804,04-25-2026,06:39:02,1.91834W,50.94074N,100%,6C,54%,2_20260425_063902.wav,AGC,48kHz,stereo,Part1,2_20260425_063902.wav,1704.0,1707.0,1705.2548541666667,1705.0048541666667,1705.5048541666667,0.0,0.0,0.0,180.0,"left,right"
Recorder 2 - 1704 to 2804,04-25-2026,07:09:03,1.91834W,50.94074N,100%,6C,54%,2_20260425_070903.wav,AGC,48kHz,stereo,Part2,2_20260425_070903.wav,48.0,51.0,49.8621875,49.6121875,50.1121875,-0.020833333333333332,-1.0,357.26945925055134,182.73054074944866,"left,right"
Recorder 2 - 1704 to 2804,04-25-2026,07:09:03,1.91834W,50.94074N,100%,6C,54%,2_20260425_070903.wav,AGC,48kHz,stereo,Part2,2_20260425_070903.wav,492.0,495.0,493.25345833333336,493.00345833333336,493.50345833333336,-0.0013020833333333333,-0.0625,359.8294055433168,180.1705944566832,"left,right"
Recorder 2 - 1704 to 2804,04-25-2026,07:09:03,1.91834W,50.94074N,100%,6C,54%,2_20260425_070903.wav,AGC,48kHz,stereo,Part2,2_20260425_070903.wav,747.0,750.0,748.9339583333333,748.6839583333333,749.1839583333333,0.0,0.0,0.0,180.0,"left,right"
Recorder 2 - 1704 to 2804,04-25-2026,07:09:03,1.91834W,50.94074N,100%,6C,54%,2_20260425_070903.wav,AGC,48kHz,stereo,Part2,2_20260425_070903.wav,798.0,801.0,799.2130625,798.9630625,799.4630625,0.0013020833333333333,0.0625,0.1705944566832045,179.8294055433168,"left,right"
Recorder 2 - 1704 to 2804,04-25-2026,07:09:03,1.91834W,50.94074N,100%,6C,54%,2_20260425_070903.wav,AGC,48kHz,stereo,Part2,2_20260425_070903.wav,1254.0,1257.0,1254.8599791666666,1254.6099791666666,1255.1099791666666,-0.022135416666666668,-1.0625,357.0986587424351,182.90134125756492,"left,right"
Recorder 2 - 1704 to 2804,04-25-2026,07:09:03,1.91834W,50.94074N,100%,6C,54%,2_20260425_070903.wav,AGC,48kHz,stereo,Part2,2_20260425_070903.wav,1347.0,1350.0,1349.2283333333332,1348.9783333333332,1349.4783333333332,-0.01953125,-0.9375,357.4402354785634,182.5597645214366,"left,right"
Recorder 2 - 1704 to 2804,04-25-2026,07:09:03,1.91834W,50.94074N,100%,6C,54%,2_20260425_070903.wav,AGC,48kHz,stereo,Part2,2_20260425_070903.wav,1422.0,1425.0,1423.8079583333333,1423.5579583333333,1424.0579583333333,0.125,6.0,16.60866735628548,163.39133264371452,"left,right"
Recorder 2 - 1704 to 2804,04-25-2026,07:09:03,1.91834W,50.94074N,100%,6C,54%,2_20260425_070903.wav,AGC,48kHz,stereo,Part2,2_20260425_070903.wav,1737.0,1740.0,1737.5786666666668,1737.3286666666668,1737.8286666666668,-0.0013020833333333333,-0.0625,359.8294055433168,180.1705944566832,"left,right"
Recorder 2 - 1704 to 2804,04-25-2026,18:42:02,1.91834W,50.94074N,100%,24C,31%,2_20260425_184202.wav,AGC,48kHz,stereo,Part1,2_20260425_184202.wav,6.0,9.0,7.682666666666667,7.432666666666667,7.932666666666667,-0.020833333333333332,-1.0,357.26945925055134,182.73054074944866,"left,right"
Recorder 2 - 1704 to 2804,04-25-2026,18:42:02,1.91834W,50.94074N,100%,24C,31%,2_20260425_184202.wav,AGC,48kHz,stereo,Part1,2_20260425_184202.wav,159.0,162.0,160.90727083333334,160.65727083333334,161.15727083333334,0.022135416666666668,1.0625,2.9013412575649227,177.09865874243508,"left,right"
Recorder 2 - 1704 to 2804,04-25-2026,18:42:02,1.91834W,50.94074N,100%,24C,31%,2_20260425_184202.wav,AGC,48kHz,stereo,Part1,2_20260425_184202.wav,207.0,210.0,208.74470833333334,208.49470833333334,208.99470833333334,0.020833333333333332,1.0,2.730540749448636,177.26945925055136,"left,right"
Recorder 2 - 1704 to 2804,04-25-2026,18:42:02,1.91834W,50.94074N,100%,24C,31%,2_20260425_184202.wav,AGC,48kHz,stereo,Part1,2_20260425_184202.wav,261.0,264.0,262.97558333333336,262.72558333333336,263.22558333333336,0.0,0.0,0.0,180.0,"left,right"
Recorder 2 - 1704 to 2804,04-25-2026,18:42:02,1.91834W,50.94074N,100%,24C,31%,2_20260425_184202.wav,AGC,48kHz,stereo,Part1,2_20260425_184202.wav,519.0,522.0,519.0658125,519.0,519.3158125,0.0,0.0,0.0,180.0,"left,right"
Recorder 2 - 1704 to 2804,04-25-2026,18:42:02,1.91834W,50.94074N,100%,24C,31%,2_20260425_184202.wav,AGC,48kHz,stereo,Part1,2_20260425_184202.wav,609.0,612.0,611.7202708333333,611.4702708333333,611.9702708333333,-0.0013020833333333333,-0.0625,359.8294055433168,180.1705944566832,"left,right"
Recorder 2 - 1704 to 2804,04-25-2026,18:42:02,1.91834W,50.94074N,100%,24C,31%,2_20260425_184202.wav,AGC,48kHz,stereo,Part1,2_20260425_184202.wav,612.0,615.0,612.0696041666666,612.0,612.3196041666666,0.0,0.0,0.0,180.0,"left,right"
Recorder 2 - 1704 to 2804,04-25-2026,18:42:02,1.91834W,50.94074N,100%,24C,31%,2_20260425_184202.wav,AGC,48kHz,stereo,Part1,2_20260425_184202.wav,768.0,771.0,770.4721666666667,770.2221666666667,770.7221666666667,0.0013020833333333333,0.0625,0.1705944566832045,179.8294055433168,"left,right"
Recorder 2 - 1704 to 2804,04-25-2026,18:42:02,1.91834W,50.94074N,100%,24C,31%,2_20260425_184202.wav,AGC,48kHz,stereo,Part1,2_20260425_184202.wav,837.0,840.0,837.7005625,837.4505625,837.9505625,0.0,0.0,0.0,180.0,"left,right"
Recorder 2 - 1704 to 2804,04-25-2026,18:42:02,1.91834W,50.94074N,100%,24C,31%,2_20260425_184202.wav,AGC,48kHz,stereo,Part1,2_20260425_184202.wav,900.0,903.0,901.9326875,901.6826875,902.1826875,0.01953125,0.9375,2.559764521436577,177.4402354785634,"left,right"
Recorder 2 - 1704 to 2804,04-25-2026,18:42:02,1.91834W,50.94074N,100%,24C,31%,2_20260425_184202.wav,AGC,48kHz,stereo,Part1,2_20260425_184202.wav,1029.0,1032.0,1031.589,1031.339,1031.839,0.0,0.0,0.0,180.0,"left,right"
Recorder 2 - 1704 to 2804,04-25-2026,18:42:02,1.91834W,50.94074N,100%,24C,31%,2_20260425_184202.wav,AGC,48kHz,stereo,Part1,2_20260425_184202.wav,1119.0,1122.0,1121.3258958333333,1121.0758958333333,1121.5758958333333,-0.01953125,-0.9375,357.4402354785634,182.5597645214366,"left,right"
Recorder 2 - 1704 to 2804,04-25-2026,18:42:02,1.91834W,50.94074N,100%,24C,31%,2_20260425_184202.wav,AGC,48kHz,stereo,Part1,2_20260425_184202.wav,1335.0,1338.0,1335.998,1335.748,1336.248,0.01953125,0.9375,2.559764521436577,177.4402354785634,"left,right"
Recorder 2 - 1704 to 2804,04-25-2026,18:42:02,1.91834W,50.94074N,100%,24C,31%,2_20260425_184202.wav,AGC,48kHz,stereo,Part1,2_20260425_184202.wav,1377.0,1380.0,1378.7371458333334,1378.4871458333334,1378.9871458333334,0.020833333333333332,1.0,2.730540749448636,177.26945925055136,"left,right"
Recorder 2 - 1704 to 2804,04-25-2026,18:42:02,1.91834W,50.94074N,100%,24C,31%,2_20260425_184202.wav,AGC,48kHz,stereo,Part1,2_20260425_184202.wav,1785.0,1788.0,1786.7331041666666,1786.4831041666666,1786.9831041666666,-0.020833333333333332,-1.0,357.26945925055134,182.73054074944866,"left,right"
Recorder 2 - 1704 to 2804,04-25-2026,19:12:03,1.91834W,50.94074N,100%,24C,31%,2_20260425_191203.wav,AGC,48kHz,stereo,Part2,2_20260425_191203.wav,6.0,9.0,6.719354166666666,6.469354166666666,6.969354166666666,-0.018229166666666668,-0.8750000000000001,357.6109889533793,182.38901104662065,"left,right"
Recorder 2 - 1704 to 2804,04-25-2026,19:12:03,1.91834W,50.94074N,100%,24C,31%,2_20260425_191203.wav,AGC,48kHz,stereo,Part2,2_20260425_191203.wav,123.0,126.0,124.41060416666667,124.16060416666667,124.66060416666667,0.0,0.0,0.0,180.0,"left,right"
Recorder 2 - 1704 to 2804,04-25-2026,19:12:03,1.91834W,50.94074N,100%,24C,31%,2_20260425_191203.wav,AGC,48kHz,stereo,Part2,2_20260425_191203.wav,294.0,297.0,294.96454166666666,294.71454166666666,295.21454166666666,0.0,0.0,0.0,180.0,"left,right"
Recorder 2 - 1704 to 2804,04-25-2026,19:12:03,1.91834W,50.94074N,100%,24C,31%,2_20260425_191203.wav,AGC,48kHz,stereo,Part2,2_20260425_191203.wav,504.0,507.0,504.0375833333333,504.0,504.2875833333333,-0.022135416666666668,-1.0625,357.0986587424351,182.90134125756492,"left,right"
Recorder 2 - 1704 to 2804,04-25-2026,19:12:03,1.91834W,50.94074N,100%,24C,31%,2_20260425_191203.wav,AGC,48kHz,stereo,Part2,2_20260425_191203.wav,678.0,681.0,679.2742708333334,679.0242708333334,679.5242708333334,0.0013020833333333333,0.0625,0.1705944566832045,179.8294055433168,"left,right"
Recorder 2 - 1704 to 2804,04-25-2026,19:12:03,1.91834W,50.94074N,100%,24C,31%,2_20260425_191203.wav,AGC,48kHz,stereo,Part2,2_20260425_191203.wav,966.0,969.0,966.6585,966.4085,966.9085,0.0013020833333333333,0.0625,0.1705944566832045,179.8294055433168,"left,right"
Recorder 2 - 1704 to 2804,04-25-2026,19:12:03,1.91834W,50.94074N,100%,24C,31%,2_20260425_191203.wav,AGC,48kHz,stereo,Part2,2_20260425_191203.wav,1005.0,1008.0,1006.5761875,1006.3261875,1006.8261875,0.0013020833333333333,0.0625,0.1705944566832045,179.8294055433168,"left,right"
Recorder 2 - 1704 to 2804,04-25-2026,19:12:03,1.91834W,50.94074N,100%,24C,31%,2_20260425_191203.wav,AGC,48kHz,stereo,Part2,2_20260425_191203.wav,1152.0,1155.0,1153.04875,1152.79875,1153.29875,0.0013020833333333333,0.0625,0.1705944566832045,179.8294055433168,"left,right"
Recorder 2 - 1704 to 2804,04-25-2026,19:12:03,1.91834W,50.94074N,100%,24C,31%,2_20260425_191203.wav,AGC,48kHz,stereo,Part2,2_20260425_191203.wav,1392.0,1395.0,1394.8161458333334,1394.5661458333334,1395.0,0.01953125,0.9375,2.559764521436577,177.4402354785634,"left,right"
Recorder 2 - 1704 to 2804,04-25-2026,19:12:03,1.91834W,50.94074N,100%,24C,31%,2_20260425_191203.wav,AGC,48kHz,stereo,Part2,2_20260425_191203.wav,1395.0,1398.0,1395.0512708333333,1395.0,1395.3012708333333,0.0013020833333333333,0.0625,0.1705944566832045,179.8294055433168,"left,right"
Recorder 2 - 1704 to 2804,04-25-2026,19:12:03,1.91834W,50.94074N,100%,24C,31%,2_20260425_191203.wav,AGC,48kHz,stereo,Part2,2_20260425_191203.wav,1503.0,1506.0,1503.2489166666667,1503.0,1503.4989166666667,0.0,0.0,0.0,180.0,"left,right"
Recorder 2 - 1704 to 2804,04-25-2026,19:12:03,1.91834W,50.94074N,100%,24C,31%,2_20260425_191203.wav,AGC,48kHz,stereo,Part2,2_20260425_191203.wav,1572.0,1575.0,1573.5703125,1573.3203125,1573.8203125,0.0,0.0,0.0,180.0,"left,right"
Recorder 2 - 1704 to 2804,04-25-2026,19:12:03,1.91834W,50.94074N,100%,24C,31%,2_20260425_191203.wav,AGC,48kHz,stereo,Part2,2_20260425_191203.wav,1650.0,1653.0,1652.8766666666668,1652.6266666666668,1653.0,0.0,0.0,0.0,180.0,"left,right"
Recorder 2 - 1704 to 2804,04-25-2026,19:12:03,1.91834W,50.94074N,100%,24C,31%,2_20260425_191203.wav,AGC,48kHz,stereo,Part2,2_20260425_191203.wav,1698.0,1701.0,1699.89875,1699.64875,1700.14875,-0.01953125,-0.9375,357.4402354785634,182.5597645214366,"left,right"
Recorder 2 - 1704 to 2804,04-25-2026,19:12:03,1.91834W,50.94074N,100%,24C,31%,2_20260425_191203.wav,AGC,48kHz,stereo,Part2,2_20260425_191203.wav,1740.0,1743.0,1740.8367083333333,1740.5867083333333,1741.0867083333333,0.0013020833333333333,0.0625,0.1705944566832045,179.8294055433168,"left,right"
Recorder 2 - 1704 to 2804,04-26-2026,06:39:02,1.91833W,50.94074N,100%,7C,53%,2_20260426_063902.wav,AGC,48kHz,stereo,Part1,2_20260426_063902.wav,39.0,42.0,40.84727083333333,40.59727083333333,41.09727083333333,-0.0013020833333333333,-0.0625,359.8294055433168,180.1705944566832,"left,right"
Recorder 2 - 1704 to 2804,04-26-2026,06:39:02,1.91833W,50.94074N,100%,7C,53%,2_20260426_063902.wav,AGC,48kHz,stereo,Part1,2_20260426_063902.wav,162.0,165.0,163.29383333333334,163.04383333333334,163.54383333333334,-0.0234375,-1.125,356.92783242535745,183.07216757464255,"left,right"
Recorder 2 - 1704 to 2804,04-26-2026,06:39:02,1.91833W,50.94074N,100%,7C,53%,2_20260426_063902.wav,AGC,48kHz,stereo,Part1,2_20260426_063902.wav,294.0,297.0,295.54864583333335,295.29864583333335,295.79864583333335,-0.01953125,-0.9375,357.4402354785634,182.5597645214366,"left,right"
Recorder 2 - 1704 to 2804,04-26-2026,06:39:02,1.91833W,50.94074N,100%,7C,53%,2_20260426_063902.wav,AGC,48kHz,stereo,Part1,2_20260426_063902.wav,468.0,471.0,470.02858333333336,469.77858333333336,470.27858333333336,0.0013020833333333333,0.0625,0.1705944566832045,179.8294055433168,"left,right"
Recorder 2 - 1704 to 2804,04-26-2026,06:39:02,1.91833W,50.94074N,100%,7C,53%,2_20260426_063902.wav,AGC,48kHz,stereo,Part1,2_20260426_063902.wav,600.0,603.0,601.7486041666667,601.4986041666667,601.9986041666667,0.022135416666666668,1.0625,2.9013412575649227,177.09865874243508,"left,right"
Recorder 2 - 1704 to 2804,04-26-2026,06:39:02,1.91833W,50.94074N,100%,7C,53%,2_20260426_063902.wav,AGC,48kHz,stereo,Part1,2_20260426_063902.wav,780.0,783.0,782.4003958333333,782.1503958333333,782.6503958333333,-0.022135416666666668,-1.0625,357.0986587424351,182.90134125756492,"left,right"
Recorder 2 - 1704 to 2804,04-26-2026,06:39:02,1.91833W,50.94074N,100%,7C,53%,2_20260426_063902.wav,AGC,48kHz,stereo,Part1,2_20260426_063902.wav,954.0,957.0,955.6270833333333,955.3770833333333,955.8770833333333,0.0,0.0,0.0,180.0,"left,right"
Recorder 2 - 1704 to 2804,04-26-2026,06:39:02,1.91833W,50.94074N,100%,7C,53%,2_20260426_063902.wav,AGC,48kHz,stereo,Part1,2_20260426_063902.wav,1359.0,1362.0,1361.7106875,1361.4606875,1361.9606875,-0.0013020833333333333,-0.0625,359.8294055433168,180.1705944566832,"left,right"
Recorder 2 - 1704 to 2804,04-26-2026,06:39:02,1.91833W,50.94074N,100%,7C,53%,2_20260426_063902.wav,AGC,48kHz,stereo,Part1,2_20260426_063902.wav,1566.0,1569.0,1566.2015833333332,1566.0,1566.4515833333332,-0.0013020833333333333,-0.0625,359.8294055433168,180.1705944566832,"left,right"
Recorder 2 - 1704 to 2804,04-26-2026,07:09:03,1.91833W,50.94074N,100%,7C,53%,2_20260426_070903.wav,AGC,48kHz,stereo,Part2,2_20260426_070903.wav,81.0,84.0,83.91216666666666,83.66216666666666,84.0,0.020833333333333332,1.0,2.730540749448636,177.26945925055136,"left,right"
Recorder 2 - 1704 to 2804,04-26-2026,07:09:03,1.91833W,50.94074N,100%,7C,53%,2_20260426_070903.wav,AGC,48kHz,stereo,Part2,2_20260426_070903.wav,804.0,807.0,805.0231875,804.7731875,805.2731875,0.01953125,0.9375,2.559764521436577,177.4402354785634,"left,right"
Recorder 2 - 1704 to 2804,04-26-2026,07:09:03,1.91833W,50.94074N,100%,7C,53%,2_20260426_070903.wav,AGC,48kHz,stereo,Part2,2_20260426_070903.wav,1377.0,1380.0,1379.8141666666668,1379.5641666666668,1380.0,-0.01953125,-0.9375,357.4402354785634,182.5597645214366,"left,right"
Recorder 2 - 1704 to 2804,04-26-2026,07:09:03,1.91833W,50.94074N,100%,7C,53%,2_20260426_070903.wav,AGC,48kHz,stereo,Part2,2_20260426_070903.wav,1557.0,1560.0,1558.2689166666667,1558.0189166666667,1558.5189166666667,-0.01953125,-0.9375,357.4402354785634,182.5597645214366,"left,right"
Recorder 2 - 1704 to 2804,04-26-2026,18:42:02,1.91833W,50.94074N,100%,23C,27%,2_20260426_184202.wav,AGC,48kHz,stereo,Part1,2_20260426_184202.wav,234.0,237.0,235.2098125,234.9598125,235.4598125,0.0013020833333333333,0.0625,0.1705944566832045,179.8294055433168,"left,right"
Recorder 2 - 1704 to 2804,04-26-2026,18:42:02,1.91833W,50.94074N,100%,23C,27%,2_20260426_184202.wav,AGC,48kHz,stereo,Part1,2_20260426_184202.wav,597.0,600.0,598.6067291666667,598.3567291666667,598.8567291666667,0.018229166666666668,0.8750000000000001,2.389011046620638,177.61098895337938,"left,right"
Recorder 2 - 1704 to 2804,04-26-2026,18:42:02,1.91833W,50.94074N,100%,23C,27%,2_20260426_184202.wav,AGC,48kHz,stereo,Part1,2_20260426_184202.wav,789.0,792.0,790.700875,790.450875,790.950875,0.0,0.0,0.0,180.0,"left,right"
Recorder 2 - 1704 to 2804,04-26-2026,18:42:02,1.91833W,50.94074N,100%,23C,27%,2_20260426_184202.wav,AGC,48kHz,stereo,Part1,2_20260426_184202.wav,957.0,960.0,957.4796458333333,957.2296458333333,957.7296458333333,0.020833333333333332,1.0,2.730540749448636,177.26945925055136,"left,right"
Recorder 2 - 1704 to 2804,04-26-2026,18:42:02,1.91833W,50.94074N,100%,23C,27%,2_20260426_184202.wav,AGC,48kHz,stereo,Part1,2_20260426_184202.wav,1692.0,1695.0,1693.2810208333333,1693.0310208333333,1693.5310208333333,0.0,0.0,0.0,180.0,"left,right"
Recorder 2 - 1704 to 2804,04-26-2026,19:12:03,1.91833W,50.94074N,100%,23C,27%,2_20260426_191203.wav,AGC,48kHz,stereo,Part2,2_20260426_191203.wav,69.0,72.0,70.44704166666666,70.19704166666666,70.69704166666666,0.022135416666666668,1.0625,2.9013412575649227,177.09865874243508,"left,right"
Recorder 2 - 1704 to 2804,04-26-2026,19:12:03,1.91833W,50.94074N,100%,23C,27%,2_20260426_191203.wav,AGC,48kHz,stereo,Part2,2_20260426_191203.wav,159.0,162.0,160.598625,160.348625,160.848625,-0.01953125,-0.9375,357.4402354785634,182.5597645214366,"left,right"
Recorder 2 - 1704 to 2804,04-26-2026,19:12:03,1.91833W,50.94074N,100%,23C,27%,2_20260426_191203.wav,AGC,48kHz,stereo,Part2,2_20260426_191203.wav,234.0,237.0,236.24235416666667,235.99235416666667,236.49235416666667,-0.01953125,-0.9375,357.4402354785634,182.5597645214366,"left,right"
Recorder 2 - 1704 to 2804,04-26-2026,19:12:03,1.91833W,50.94074N,100%,23C,27%,2_20260426_191203.wav,AGC,48kHz,stereo,Part2,2_20260426_191203.wav,399.0,402.0,400.2518125,400.0018125,400.5018125,0.01953125,0.9375,2.559764521436577,177.4402354785634,"left,right"
Recorder 2 - 1704 to 2804,04-26-2026,19:12:03,1.91833W,50.94074N,100%,23C,27%,2_20260426_191203.wav,AGC,48kHz,stereo,Part2,2_20260426_191203.wav,594.0,597.0,594.2312916666667,594.0,594.4812916666667,0.01953125,0.9375,2.559764521436577,177.4402354785634,"left,right"
Recorder 2 - 1704 to 2804,04-26-2026,19:12:03,1.91833W,50.94074N,100%,23C,27%,2_20260426_191203.wav,AGC,48kHz,stereo,Part2,2_20260426_191203.wav,1185.0,1188.0,1185.2165833333333,1185.0,1185.4665833333333,0.0,0.0,0.0,180.0,"left,right"
Recorder 2 - 1704 to 2804,04-26-2026,19:12:03,1.91833W,50.94074N,100%,23C,27%,2_20260426_191203.wav,AGC,48kHz,stereo,Part2,2_20260426_191203.wav,1371.0,1374.0,1373.6191041666666,1373.3691041666666,1373.8691041666666,-0.16536458333333334,-7.9375,337.78187364529435,202.21812635470567,"left,right"
Recorder 2 - 1704 to 2804,04-26-2026,19:12:03,1.91833W,50.94074N,100%,23C,27%,2_20260426_191203.wav,AGC,48kHz,stereo,Part2,2_20260426_191203.wav,1464.0,1467.0,1465.705125,1465.455125,1465.955125,-0.0013020833333333333,-0.0625,359.8294055433168,180.1705944566832,"left,right"
Recorder 2 - 1704 to 2804,04-26-2026,19:12:03,1.91833W,50.94074N,100%,23C,27%,2_20260426_191203.wav,AGC,48kHz,stereo,Part2,2_20260426_191203.wav,1632.0,1635.0,1632.9520625,1632.7020625,1633.2020625,-0.020833333333333332,-1.0,357.26945925055134,182.73054074944866,"left,right"
Recorder 2 - 1704 to 2804,04-27-2026,06:39:02,1.91833W,50.94074N,100%,8C,74%,2_20260427_063902.wav,AGC,48kHz,stereo,Part1,2_20260427_063902.wav,243.0,246.0,244.661375,244.411375,244.911375,0.0013020833333333333,0.0625,0.1705944566832045,179.8294055433168,"left,right"
Recorder 2 - 1704 to 2804,04-27-2026,06:39:02,1.91833W,50.94074N,100%,8C,74%,2_20260427_063902.wav,AGC,48kHz,stereo,Part1,2_20260427_063902.wav,306.0,309.0,308.58872916666667,308.33872916666667,308.83872916666667,-0.0013020833333333333,-0.0625,359.8294055433168,180.1705944566832,"left,right"
Recorder 2 - 1704 to 2804,04-27-2026,06:39:02,1.91833W,50.94074N,100%,8C,74%,2_20260427_063902.wav,AGC,48kHz,stereo,Part1,2_20260427_063902.wav,372.0,375.0,373.89995833333336,373.64995833333336,374.14995833333336,0.0,0.0,0.0,180.0,"left,right"
Recorder 2 - 1704 to 2804,04-27-2026,06:39:02,1.91833W,50.94074N,100%,8C,74%,2_20260427_063902.wav,AGC,48kHz,stereo,Part1,2_20260427_063902.wav,549.0,552.0,551.5670833333334,551.3170833333334,551.8170833333334,-0.020833333333333332,-1.0,357.26945925055134,182.73054074944866,"left,right"
Recorder 2 - 1704 to 2804,04-27-2026,06:39:02,1.91833W,50.94074N,100%,8C,74%,2_20260427_063902.wav,AGC,48kHz,stereo,Part1,2_20260427_063902.wav,585.0,588.0,587.6205,587.3705,587.8705,-0.018229166666666668,-0.8750000000000001,357.6109889533793,182.38901104662065,"left,right"
Recorder 2 - 1704 to 2804,04-27-2026,06:39:02,1.91833W,50.94074N,100%,8C,74%,2_20260427_063902.wav,AGC,48kHz,stereo,Part1,2_20260427_063902.wav,780.0,783.0,782.4299166666667,782.1799166666667,782.6799166666667,-0.01953125,-0.9375,357.4402354785634,182.5597645214366,"left,right"
Recorder 2 - 1704 to 2804,04-27-2026,06:39:02,1.91833W,50.94074N,100%,8C,74%,2_20260427_063902.wav,AGC,48kHz,stereo,Part1,2_20260427_063902.wav,873.0,876.0,875.3464166666666,875.0964166666666,875.5964166666666,0.022135416666666668,1.0625,2.9013412575649227,177.09865874243508,"left,right"
Recorder 2 - 1704 to 2804,04-27-2026,06:39:02,1.91833W,50.94074N,100%,8C,74%,2_20260427_063902.wav,AGC,48kHz,stereo,Part1,2_20260427_063902.wav,993.0,996.0,993.1868958333333,993.0,993.4368958333333,0.01953125,0.9375,2.559764521436577,177.4402354785634,"left,right"
Recorder 2 - 1704 to 2804,04-27-2026,06:39:02,1.91833W,50.94074N,100%,8C,74%,2_20260427_063902.wav,AGC,48kHz,stereo,Part1,2_20260427_063902.wav,1038.0,1041.0,1038.5532708333333,1038.3032708333333,1038.8032708333333,0.0,0.0,0.0,180.0,"left,right"
Recorder 2 - 1704 to 2804,04-27-2026,06:39:02,1.91833W,50.94074N,100%,8C,74%,2_20260427_063902.wav,AGC,48kHz,stereo,Part1,2_20260427_063902.wav,1104.0,1107.0,1105.415375,1105.165375,1105.665375,0.0,0.0,0.0,180.0,"left,right"
Recorder 2 - 1704 to 2804,04-27-2026,06:39:02,1.91833W,50.94074N,100%,8C,74%,2_20260427_063902.wav,AGC,48kHz,stereo,Part1,2_20260427_063902.wav,1167.0,1170.0,1167.7303541666668,1167.4803541666668,1167.9803541666668,0.0,0.0,0.0,180.0,"left,right"
Recorder 2 - 1704 to 2804,04-27-2026,06:39:02,1.91833W,50.94074N,100%,8C,74%,2_20260427_063902.wav,AGC,48kHz,stereo,Part1,2_20260427_063902.wav,1209.0,1212.0,1211.8100208333333,1211.5600208333333,1212.0,0.01953125,0.9375,2.559764521436577,177.4402354785634,"left,right"
Recorder 2 - 1704 to 2804,04-27-2026,06:39:02,1.91833W,50.94074N,100%,8C,74%,2_20260427_063902.wav,AGC,48kHz,stereo,Part1,2_20260427_063902.wav,1212.0,1215.0,1212.1406458333333,1212.0,1212.3906458333333,0.0013020833333333333,0.0625,0.1705944566832045,179.8294055433168,"left,right"
Recorder 2 - 1704 to 2804,04-27-2026,06:39:02,1.91833W,50.94074N,100%,8C,74%,2_20260427_063902.wav,AGC,48kHz,stereo,Part1,2_20260427_063902.wav,1296.0,1299.0,1298.1699791666667,1297.9199791666667,1298.4199791666667,0.022135416666666668,1.0625,2.9013412575649227,177.09865874243508,"left,right"
Recorder 2 - 1704 to 2804,04-27-2026,06:39:02,1.91833W,50.94074N,100%,8C,74%,2_20260427_063902.wav,AGC,48kHz,stereo,Part1,2_20260427_063902.wav,1329.0,1332.0,1329.3101666666666,1329.0601666666666,1329.5601666666666,-0.022135416666666668,-1.0625,357.0986587424351,182.90134125756492,"left,right"
Recorder 2 - 1704 to 2804,04-27-2026,06:39:02,1.91833W,50.94074N,100%,8C,74%,2_20260427_063902.wav,AGC,48kHz,stereo,Part1,2_20260427_063902.wav,1422.0,1425.0,1423.5646458333333,1423.3146458333333,1423.8146458333333,0.01953125,0.9375,2.559764521436577,177.4402354785634,"left,right"
Recorder 2 - 1704 to 2804,04-27-2026,06:39:02,1.91833W,50.94074N,100%,8C,74%,2_20260427_063902.wav,AGC,48kHz,stereo,Part1,2_20260427_063902.wav,1455.0,1458.0,1456.5231041666666,1456.2731041666666,1456.7731041666666,0.0,0.0,0.0,180.0,"left,right"
Recorder 2 - 1704 to 2804,04-27-2026,06:39:02,1.91833W,50.94074N,100%,8C,74%,2_20260427_063902.wav,AGC,48kHz,stereo,Part1,2_20260427_063902.wav,1614.0,1617.0,1616.7620208333333,1616.5120208333333,1617.0,0.0,0.0,0.0,180.0,"left,right"
Recorder 2 - 1704 to 2804,04-27-2026,06:39:02,1.91833W,50.94074N,100%,8C,74%,2_20260427_063902.wav,AGC,48kHz,stereo,Part1,2_20260427_063902.wav,1728.0,1731.0,1729.6351458333334,1729.3851458333334,1729.8851458333334,-0.0013020833333333333,-0.0625,359.8294055433168,180.1705944566832,"left,right"
Recorder 2 - 1704 to 2804,04-27-2026,07:09:03,1.91833W,50.94074N,100%,8C,74%,2_20260427_070903.wav,AGC,48kHz,stereo,Part2,2_20260427_070903.wav,18.0,21.0,18.522,18.272,18.772,-0.022135416666666668,-1.0625,357.0986587424351,182.90134125756492,"left,right"
Recorder 2 - 1704 to 2804,04-27-2026,07:09:03,1.91833W,50.94074N,100%,8C,74%,2_20260427_070903.wav,AGC,48kHz,stereo,Part2,2_20260427_070903.wav,114.0,117.0,114.482,114.232,114.732,0.0013020833333333333,0.0625,0.1705944566832045,179.8294055433168,"left,right"
Recorder 2 - 1704 to 2804,04-27-2026,07:09:03,1.91833W,50.94074N,100%,8C,74%,2_20260427_070903.wav,AGC,48kHz,stereo,Part2,2_20260427_070903.wav,366.0,369.0,367.22375,366.97375,367.47375,0.0,0.0,0.0,180.0,"left,right"
Recorder 2 - 1704 to 2804,04-27-2026,07:09:03,1.91833W,50.94074N,100%,8C,74%,2_20260427_070903.wav,AGC,48kHz,stereo,Part2,2_20260427_070903.wav,471.0,474.0,471.097875,471.0,471.347875,0.0,0.0,0.0,180.0,"left,right"
Recorder 2 - 1704 to 2804,04-27-2026,07:09:03,1.91833W,50.94074N,100%,8C,74%,2_20260427_070903.wav,AGC,48kHz,stereo,Part2,2_20260427_070903.wav,582.0,585.0,584.6833541666666,584.4333541666666,584.9333541666666,0.0,0.0,0.0,180.0,"left,right"
Recorder 2 - 1704 to 2804,04-27-2026,07:09:03,1.91833W,50.94074N,100%,8C,74%,2_20260427_070903.wav,AGC,48kHz,stereo,Part2,2_20260427_070903.wav,585.0,588.0,585.121375,585.0,585.371375,0.0,0.0,0.0,180.0,"left,right"
Recorder 2 - 1704 to 2804,04-27-2026,07:09:03,1.91833W,50.94074N,100%,8C,74%,2_20260427_070903.wav,AGC,48kHz,stereo,Part2,2_20260427_070903.wav,678.0,681.0,679.317,679.067,679.567,0.0,0.0,0.0,180.0,"left,right"
Recorder 2 - 1704 to 2804,04-27-2026,07:09:03,1.91833W,50.94074N,100%,8C,74%,2_20260427_070903.wav,AGC,48kHz,stereo,Part2,2_20260427_070903.wav,1035.0,1038.0,1035.7743541666666,1035.5243541666666,1036.0243541666666,-0.020833333333333332,-1.0,357.26945925055134,182.73054074944866,"left,right"
Recorder 2 - 1704 to 2804,04-27-2026,07:09:03,1.91833W,50.94074N,100%,8C,74%,2_20260427_070903.wav,AGC,48kHz,stereo,Part2,2_20260427_070903.wav,1251.0,1254.0,1252.5491666666667,1252.2991666666667,1252.7991666666667,-0.01953125,-0.9375,357.4402354785634,182.5597645214366,"left,right"
Recorder 2 - 1704 to 2804,04-27-2026,07:09:03,1.91833W,50.94074N,100%,8C,74%,2_20260427_070903.wav,AGC,48kHz,stereo,Part2,2_20260427_070903.wav,1380.0,1383.0,1382.7205833333333,1382.4705833333333,1382.9705833333333,-0.01953125,-0.9375,357.4402354785634,182.5597645214366,"left,right"
Recorder 2 - 1704 to 2804,04-27-2026,07:09:03,1.91833W,50.94074N,100%,8C,74%,2_20260427_070903.wav,AGC,48kHz,stereo,Part2,2_20260427_070903.wav,1476.0,1479.0,1478.478625,1478.228625,1478.728625,0.020833333333333332,1.0,2.730540749448636,177.26945925055136,"left,right"
Recorder 2 - 1704 to 2804,04-27-2026,07:09:03,1.91833W,50.94074N,100%,8C,74%,2_20260427_070903.wav,AGC,48kHz,stereo,Part2,2_20260427_070903.wav,1674.0,1677.0,1676.4830416666666,1676.2330416666666,1676.7330416666666,-0.0013020833333333333,-0.0625,359.8294055433168,180.1705944566832,"left,right"
Recorder 2 - 1704 to 2804,04-27-2026,18:42:02,1.91833W,50.94074N,100%,19C,42%,2_20260427_184202.wav,AGC,48kHz,stereo,Part1,2_20260427_184202.wav,234.0,237.0,236.97708333333333,236.72708333333333,237.0,0.0,0.0,0.0,180.0,"left,right"
Recorder 2 - 1704 to 2804,04-27-2026,18:42:02,1.91833W,50.94074N,100%,19C,42%,2_20260427_184202.wav,AGC,48kHz,stereo,Part1,2_20260427_184202.wav,237.0,240.0,237.04147916666668,237.0,237.29147916666668,0.0,0.0,0.0,180.0,"left,right"
Recorder 2 - 1704 to 2804,04-27-2026,18:42:02,1.91833W,50.94074N,100%,19C,42%,2_20260427_184202.wav,AGC,48kHz,stereo,Part1,2_20260427_184202.wav,561.0,564.0,563.6984166666666,563.4484166666666,563.9484166666666,0.22786458333333334,10.9375,31.4027331161791,148.5972668838209,"left,right"
Recorder 2 - 1704 to 2804,04-27-2026,18:42:02,1.91833W,50.94074N,100%,19C,42%,2_20260427_184202.wav,AGC,48kHz,stereo,Part1,2_20260427_184202.wav,939.0,942.0,940.5070208333333,940.2570208333333,940.7570208333333,0.0,0.0,0.0,180.0,"left,right"
Recorder 2 - 1704 to 2804,04-27-2026,18:42:02,1.91833W,50.94074N,100%,19C,42%,2_20260427_184202.wav,AGC,48kHz,stereo,Part1,2_20260427_184202.wav,1686.0,1689.0,1687.0080416666667,1686.7580416666667,1687.2580416666667,-0.0013020833333333333,-0.0625,359.8294055433168,180.1705944566832,"left,right"
Recorder 2 - 1704 to 2804,04-27-2026,19:12:03,1.91833W,50.94074N,100%,19C,42%,2_20260427_191203.wav,AGC,48kHz,stereo,Part2,2_20260427_191203.wav,210.0,213.0,211.07697916666666,210.82697916666666,211.32697916666666,0.0,0.0,0.0,180.0,"left,right"
Recorder 2 - 1704 to 2804,04-27-2026,19:12:03,1.91833W,50.94074N,100%,19C,42%,2_20260427_191203.wav,AGC,48kHz,stereo,Part2,2_20260427_191203.wav,645.0,648.0,647.513125,647.263125,647.763125,-0.01953125,-0.9375,357.4402354785634,182.5597645214366,"left,right"
Recorder 2 - 1704 to 2804,04-27-2026,19:12:03,1.91833W,50.94074N,100%,19C,42%,2_20260427_191203.wav,AGC,48kHz,stereo,Part2,2_20260427_191203.wav,720.0,723.0,721.9713541666666,721.7213541666666,722.2213541666666,0.0013020833333333333,0.0625,0.1705944566832045,179.8294055433168,"left,right"
Recorder 2 - 1704 to 2804,04-27-2026,19:12:03,1.91833W,50.94074N,100%,19C,42%,2_20260427_191203.wav,AGC,48kHz,stereo,Part2,2_20260427_191203.wav,1092.0,1095.0,1094.6758541666666,1094.4258541666666,1094.9258541666666,-0.020833333333333332,-1.0,357.26945925055134,182.73054074944866,"left,right"
Recorder 2 - 1704 to 2804,04-27-2026,19:12:03,1.91833W,50.94074N,100%,19C,42%,2_20260427_191203.wav,AGC,48kHz,stereo,Part2,2_20260427_191203.wav,1761.0,1764.0,1763.2009166666667,1762.9509166666667,1763.4509166666667,0.020833333333333332,1.0,2.730540749448636,177.26945925055136,"left,right"
Recorder 2 - 1704 to 2804,04-28-2026,06:39:02,1.91833W,50.94074N,100%,9C,85%,2_20260428_063902.wav,AGC,48kHz,stereo,Part1,2_20260428_063902.wav,423.0,426.0,425.08289583333334,424.83289583333334,425.33289583333334,0.0,0.0,0.0,180.0,"left,right"
Recorder 2 - 1704 to 2804,04-28-2026,06:39:02,1.91833W,50.94074N,100%,9C,85%,2_20260428_063902.wav,AGC,48kHz,stereo,Part1,2_20260428_063902.wav,642.0,645.0,643.1881458333334,642.9381458333334,643.4381458333334,0.0013020833333333333,0.0625,0.1705944566832045,179.8294055433168,"left,right"
Recorder 2 - 1704 to 2804,04-28-2026,06:39:02,1.91833W,50.94074N,100%,9C,85%,2_20260428_063902.wav,AGC,48kHz,stereo,Part1,2_20260428_063902.wav,717.0,720.0,717.1935833333333,717.0,717.4435833333333,0.0,0.0,0.0,180.0,"left,right"
Recorder 2 - 1704 to 2804,04-28-2026,06:39:02,1.91833W,50.94074N,100%,9C,85%,2_20260428_063902.wav,AGC,48kHz,stereo,Part1,2_20260428_063902.wav,846.0,849.0,847.2565625,847.0065625,847.5065625,0.0,0.0,0.0,180.0,"left,right"
Recorder 2 - 1704 to 2804,04-28-2026,06:39:02,1.91833W,50.94074N,100%,9C,85%,2_20260428_063902.wav,AGC,48kHz,stereo,Part1,2_20260428_063902.wav,1008.0,1011.0,1010.4608125,1010.2108125,1010.7108125,0.0013020833333333333,0.0625,0.1705944566832045,179.8294055433168,"left,right"
Recorder 2 - 1704 to 2804,04-28-2026,06:39:02,1.91833W,50.94074N,100%,9C,85%,2_20260428_063902.wav,AGC,48kHz,stereo,Part1,2_20260428_063902.wav,1791.0,1794.0,1791.2585,1791.0085,1791.5085,0.01953125,0.9375,2.559764521436577,177.4402354785634,"left,right"
Recorder 2 - 1704 to 2804,04-28-2026,07:09:03,1.91833W,50.94074N,100%,9C,85%,2_20260428_070903.wav,AGC,48kHz,stereo,Part2,2_20260428_070903.wav,300.0,303.0,302.04466666666667,301.79466666666667,302.29466666666667,-0.0013020833333333333,-0.0625,359.8294055433168,180.1705944566832,"left,right"
Recorder 2 - 1704 to 2804,04-28-2026,07:09:03,1.91833W,50.94074N,100%,9C,85%,2_20260428_070903.wav,AGC,48kHz,stereo,Part2,2_20260428_070903.wav,312.0,315.0,314.3043333333333,314.0543333333333,314.5543333333333,-0.22916666666666666,-11.0,328.3971832355576,211.60281676444242,"left,right"
Recorder 2 - 1704 to 2804,04-28-2026,07:09:03,1.91833W,50.94074N,100%,9C,85%,2_20260428_070903.wav,AGC,48kHz,stereo,Part2,2_20260428_070903.wav,669.0,672.0,671.6851666666666,671.4351666666666,671.9351666666666,0.0,0.0,0.0,180.0,"left,right"
Recorder 2 - 1704 to 2804,04-28-2026,07:09:03,1.91833W,50.94074N,100%,9C,85%,2_20260428_070903.wav,AGC,48kHz,stereo,Part2,2_20260428_070903.wav,699.0,702.0,701.5802291666666,701.3302291666666,701.8302291666666,0.0013020833333333333,0.0625,0.1705944566832045,179.8294055433168,"left,right"
Recorder 2 - 1704 to 2804,04-28-2026,07:09:03,1.91833W,50.94074N,100%,9C,85%,2_20260428_070903.wav,AGC,48kHz,stereo,Part2,2_20260428_070903.wav,1110.0,1113.0,1111.5840625,1111.3340625,1111.8340625,0.0,0.0,0.0,180.0,"left,right"
Recorder 2 - 1704 to 2804,04-28-2026,07:09:03,1.91833W,50.94074N,100%,9C,85%,2_20260428_070903.wav,AGC,48kHz,stereo,Part2,2_20260428_070903.wav,1350.0,1353.0,1350.039625,1350.0,1350.289625,0.0,0.0,0.0,180.0,"left,right"
Recorder 2 - 1704 to 2804,04-28-2026,07:09:03,1.91833W,50.94074N,100%,9C,85%,2_20260428_070903.wav,AGC,48kHz,stereo,Part2,2_20260428_070903.wav,1506.0,1509.0,1507.0574791666666,1506.8074791666666,1507.3074791666666,-0.0013020833333333333,-0.0625,359.8294055433168,180.1705944566832,"left,right"
Recorder 2 - 1704 to 2804,04-28-2026,18:42:02,1.91833W,50.94074N,100%,20C,44%,2_20260428_184202.wav,AGC,48kHz,stereo,Part1,2_20260428_184202.wav,132.0,135.0,133.24783333333335,132.99783333333335,133.49783333333335,-0.0013020833333333333,-0.0625,359.8294055433168,180.1705944566832,"left,right"
Recorder 2 - 1704 to 2804,04-28-2026,18:42:02,1.91833W,50.94074N,100%,20C,44%,2_20260428_184202.wav,AGC,48kHz,stereo,Part1,2_20260428_184202.wav,165.0,168.0,167.03325,166.78325,167.28325,0.0,0.0,0.0,180.0,"left,right"
Recorder 2 - 1704 to 2804,04-28-2026,18:42:02,1.91833W,50.94074N,100%,20C,44%,2_20260428_184202.wav,AGC,48kHz,stereo,Part1,2_20260428_184202.wav,234.0,237.0,234.91510416666668,234.66510416666668,235.16510416666668,0.01953125,0.9375,2.559764521436577,177.4402354785634,"left,right"
Recorder 2 - 1704 to 2804,04-28-2026,18:42:02,1.91833W,50.94074N,100%,20C,44%,2_20260428_184202.wav,AGC,48kHz,stereo,Part1,2_20260428_184202.wav,237.0,240.0,237.01866666666666,237.0,237.26866666666666,0.0,0.0,0.0,180.0,"left,right"
Recorder 2 - 1704 to 2804,04-28-2026,18:42:02,1.91833W,50.94074N,100%,20C,44%,2_20260428_184202.wav,AGC,48kHz,stereo,Part1,2_20260428_184202.wav,381.0,384.0,381.77070833333335,381.52070833333335,382.02070833333335,0.01953125,0.9375,2.559764521436577,177.4402354785634,"left,right"
Recorder 2 - 1704 to 2804,04-28-2026,18:42:02,1.91833W,50.94074N,100%,20C,44%,2_20260428_184202.wav,AGC,48kHz,stereo,Part1,2_20260428_184202.wav,516.0,519.0,518.8899375,518.6399375,519.0,0.01953125,0.9375,2.559764521436577,177.4402354785634,"left,right"
Recorder 2 - 1704 to 2804,04-28-2026,18:42:02,1.91833W,50.94074N,100%,20C,44%,2_20260428_184202.wav,AGC,48kHz,stereo,Part1,2_20260428_184202.wav,651.0,654.0,653.7299583333333,653.4799583333333,653.9799583333333,0.0,0.0,0.0,180.0,"left,right"
Recorder 2 - 1704 to 2804,04-28-2026,18:42:02,1.91833W,50.94074N,100%,20C,44%,2_20260428_184202.wav,AGC,48kHz,stereo,Part1,2_20260428_184202.wav,687.0,690.0,687.4869583333333,687.2369583333333,687.7369583333333,0.12369791666666667,5.937500000000001,16.430728113530506,163.5692718864695,"left,right"
Recorder 2 - 1704 to 2804,04-28-2026,18:42:02,1.91833W,50.94074N,100%,20C,44%,2_20260428_184202.wav,AGC,48kHz,stereo,Part1,2_20260428_184202.wav,798.0,801.0,798.3593541666667,798.1093541666667,798.6093541666667,0.0,0.0,0.0,180.0,"left,right"
Recorder 2 - 1704 to 2804,04-28-2026,18:42:02,1.91833W,50.94074N,100%,20C,44%,2_20260428_184202.wav,AGC,48kHz,stereo,Part1,2_20260428_184202.wav,990.0,993.0,990.4967083333333,990.2467083333333,990.7467083333333,-0.0013020833333333333,-0.0625,359.8294055433168,180.1705944566832,"left,right"
Recorder 2 - 1704 to 2804,04-28-2026,19:12:03,1.91833W,50.94074N,100%,20C,44%,2_20260428_191203.wav,AGC,48kHz,stereo,Part2,2_20260428_191203.wav,54.0,57.0,55.30441666666667,55.05441666666667,55.55441666666667,-0.0013020833333333333,-0.0625,359.8294055433168,180.1705944566832,"left,right"
Recorder 2 - 1704 to 2804,04-28-2026,19:12:03,1.91833W,50.94074N,100%,20C,44%,2_20260428_191203.wav,AGC,48kHz,stereo,Part2,2_20260428_191203.wav,174.0,177.0,174.30264583333334,174.05264583333334,174.55264583333334,0.0,0.0,0.0,180.0,"left,right"
Recorder 3 - 1004 to 1704,04-10-2026,18:42:02,1.92060W,50.94220N,100%,9C,61%,3_20260410_184202.wav,AGC,48kHz,stereo,Part1,3_20260410_184202.wav,156.0,159.0,157.97552083333332,157.72552083333332,158.22552083333332,0.0,0.0,0.0,180.0,"left,right"
Recorder 3 - 1004 to 1704,04-10-2026,18:42:02,1.92060W,50.94220N,100%,9C,61%,3_20260410_184202.wav,AGC,48kHz,stereo,Part1,3_20260410_184202.wav,1677.0,1680.0,1677.2038125,1677.0,1677.4538125,0.0,0.0,0.0,180.0,"left,right"
Recorder 3 - 1004 to 1704,04-11-2026,07:09:03,1.92066W,50.94221N,100%,8C,90%,3_20260411_070903.wav,AGC,48kHz,stereo,Part2,3_20260411_070903.wav,831.0,834.0,831.4102916666667,831.1602916666667,831.6602916666667,0.0,0.0,0.0,180.0,"left,right"
Recorder 3 - 1004 to 1704,04-11-2026,07:09:03,1.92066W,50.94221N,100%,8C,90%,3_20260411_070903.wav,AGC,48kHz,stereo,Part2,3_20260411_070903.wav,960.0,963.0,961.249375,960.999375,961.499375,0.4166666666666667,20.0,72.32192951701641,107.67807048298359,"left,right"
Recorder 3 - 1004 to 1704,04-11-2026,07:09:03,1.92066W,50.94221N,100%,8C,90%,3_20260411_070903.wav,AGC,48kHz,stereo,Part2,3_20260411_070903.wav,1092.0,1095.0,1093.0378541666666,1092.7878541666666,1093.2878541666666,0.0,0.0,0.0,180.0,"left,right"
Recorder 3 - 1004 to 1704,04-11-2026,07:09:03,1.92066W,50.94221N,100%,8C,90%,3_20260411_070903.wav,AGC,48kHz,stereo,Part2,3_20260411_070903.wav,1197.0,1200.0,1199.725,1199.475,1199.975,0.0,0.0,0.0,180.0,"left,right"
Recorder 3 - 1004 to 1704,04-11-2026,07:09:03,1.92066W,50.94221N,100%,8C,90%,3_20260411_070903.wav,AGC,48kHz,stereo,Part2,3_20260411_070903.wav,1491.0,1494.0,1491.4567291666667,1491.2067291666667,1491.7067291666667,-0.0013020833333333333,-0.0625,359.8294055433168,180.1705944566832,"left,right"
Recorder 3 - 1004 to 1704,04-11-2026,18:42:02,1.92066W,50.94221N,100%,10C,54%,3_20260411_184202.wav,AGC,48kHz,stereo,Part1,3_20260411_184202.wav,1239.0,1242.0,1239.9286041666667,1239.6786041666667,1240.1786041666667,0.0013020833333333333,0.0625,0.1705944566832045,179.8294055433168,"left,right"
Recorder 3 - 1004 to 1704,04-11-2026,19:12:03,1.92066W,50.94221N,100%,10C,54%,3_20260411_191203.wav,AGC,48kHz,stereo,Part2,3_20260411_191203.wav,402.0,405.0,402.959625,402.709625,403.209625,0.01953125,0.9375,2.559764521436577,177.4402354785634,"left,right"
Recorder 3 - 1004 to 1704,04-12-2026,06:39:02,1.92066W,50.94221N,100%,5C,84%,3_20260412_063902.wav,AGC,48kHz,stereo,Part1,3_20260412_063902.wav,771.0,774.0,773.4478333333333,773.1978333333333,773.6978333333333,0.01953125,0.9375,2.559764521436577,177.4402354785634,"left,right"
Recorder 3 - 1004 to 1704,04-12-2026,07:09:03,1.92066W,50.94221N,100%,5C,84%,3_20260412_070903.wav,AGC,48kHz,stereo,Part2,3_20260412_070903.wav,1086.0,1089.0,1088.948625,1088.698625,1089.0,0.044270833333333336,2.125,5.810155716581889,174.1898442834181,"left,right"
Recorder 3 - 1004 to 1704,04-12-2026,18:42:02,1.92066W,50.94221N,100%,15C,46%,3_20260412_184202.wav,AGC,48kHz,stereo,Part1,3_20260412_184202.wav,486.0,489.0,486.4512291666667,486.2012291666667,486.7012291666667,-0.0013020833333333333,-0.0625,359.8294055433168,180.1705944566832,"left,right"
Recorder 3 - 1004 to 1704,04-12-2026,18:42:02,1.92066W,50.94221N,100%,15C,46%,3_20260412_184202.wav,AGC,48kHz,stereo,Part1,3_20260412_184202.wav,693.0,696.0,695.4007083333333,695.1507083333333,695.6507083333333,0.01953125,0.9375,2.559764521436577,177.4402354785634,"left,right"
Recorder 3 - 1004 to 1704,04-12-2026,18:42:02,1.92066W,50.94221N,100%,15C,46%,3_20260412_184202.wav,AGC,48kHz,stereo,Part1,3_20260412_184202.wav,861.0,864.0,861.2844166666666,861.0344166666666,861.5344166666666,-0.020833333333333332,-1.0,357.26945925055134,182.73054074944866,"left,right"
Recorder 3 - 1004 to 1704,04-12-2026,18:42:02,1.92066W,50.94221N,100%,15C,46%,3_20260412_184202.wav,AGC,48kHz,stereo,Part1,3_20260412_184202.wav,966.0,969.0,968.830625,968.580625,969.0,0.0,0.0,0.0,180.0,"left,right"
Recorder 3 - 1004 to 1704,04-12-2026,18:42:02,1.92066W,50.94221N,100%,15C,46%,3_20260412_184202.wav,AGC,48kHz,stereo,Part1,3_20260412_184202.wav,1095.0,1098.0,1095.9350416666666,1095.6850416666666,1096.1850416666666,0.0,0.0,0.0,180.0,"left,right"
Recorder 3 - 1004 to 1704,04-12-2026,18:42:02,1.92066W,50.94221N,100%,15C,46%,3_20260412_184202.wav,AGC,48kHz,stereo,Part1,3_20260412_184202.wav,1152.0,1155.0,1154.5735,1154.3235,1154.8235,0.0,0.0,0.0,180.0,"left,right"
Recorder 3 - 1004 to 1704,04-12-2026,18:42:02,1.92066W,50.94221N,100%,15C,46%,3_20260412_184202.wav,AGC,48kHz,stereo,Part1,3_20260412_184202.wav,1215.0,1218.0,1217.791125,1217.541125,1218.0,0.0013020833333333333,0.0625,0.1705944566832045,179.8294055433168,"left,right"
Recorder 3 - 1004 to 1704,04-12-2026,18:42:02,1.92066W,50.94221N,100%,15C,46%,3_20260412_184202.wav,AGC,48kHz,stereo,Part1,3_20260412_184202.wav,1494.0,1497.0,1495.0988541666666,1494.8488541666666,1495.3488541666666,0.39453125,18.9375,64.44365200501377,115.55634799498623,"left,right"
Recorder 3 - 1004 to 1704,04-12-2026,18:42:02,1.92066W,50.94221N,100%,15C,46%,3_20260412_184202.wav,AGC,48kHz,stereo,Part1,3_20260412_184202.wav,1557.0,1560.0,1559.6567708333334,1559.4067708333334,1559.9067708333334,0.01953125,0.9375,2.559764521436577,177.4402354785634,"left,right"
Recorder 3 - 1004 to 1704,04-12-2026,18:42:02,1.92066W,50.94221N,100%,15C,46%,3_20260412_184202.wav,AGC,48kHz,stereo,Part1,3_20260412_184202.wav,1668.0,1671.0,1670.764,1670.514,1671.0,-0.0013020833333333333,-0.0625,359.8294055433168,180.1705944566832,"left,right"
Recorder 3 - 1004 to 1704,04-12-2026,19:12:03,1.92066W,50.94221N,100%,15C,46%,3_20260412_191203.wav,AGC,48kHz,stereo,Part2,3_20260412_191203.wav,261.0,264.0,262.0445208333333,261.7945208333333,262.2945208333333,0.0,0.0,0.0,180.0,"left,right"
Recorder 3 - 1004 to 1704,04-12-2026,19:12:03,1.92066W,50.94221N,100%,15C,46%,3_20260412_191203.wav,AGC,48kHz,stereo,Part2,3_20260412_191203.wav,462.0,465.0,463.27060416666666,463.02060416666666,463.52060416666666,-0.020833333333333332,-1.0,357.26945925055134,182.73054074944866,"left,right"
Recorder 3 - 1004 to 1704,04-12-2026,19:12:03,1.92066W,50.94221N,100%,15C,46%,3_20260412_191203.wav,AGC,48kHz,stereo,Part2,3_20260412_191203.wav,1632.0,1635.0,1634.4702291666667,1634.2202291666667,1634.7202291666667,-0.0013020833333333333,-0.0625,359.8294055433168,180.1705944566832,"left,right"
Recorder 3 - 1004 to 1704,04-13-2026,07:09:03,1.92066W,50.94221N,100%,1C,94%,3_20260413_070903.wav,AGC,48kHz,stereo,Part2,3_20260413_070903.wav,1236.0,1239.0,1237.3042708333332,1237.0542708333332,1237.5542708333332,0.020833333333333332,1.0,2.730540749448636,177.26945925055136,"left,right"
Recorder 3 - 1004 to 1704,04-13-2026,07:09:03,1.92066W,50.94221N,100%,1C,94%,3_20260413_070903.wav,AGC,48kHz,stereo,Part2,3_20260413_070903.wav,1275.0,1278.0,1276.863125,1276.613125,1277.113125,0.0026041666666666665,0.125,0.34119042573000513,179.65880957426998,"left,right"
Recorder 3 - 1004 to 1704,04-13-2026,18:42:02,1.92066W,50.94221N,100%,17C,43%,3_20260413_184202.wav,AGC,48kHz,stereo,Part1,3_20260413_184202.wav,102.0,105.0,104.96208333333334,104.71208333333334,105.0,0.01953125,0.9375,2.559764521436577,177.4402354785634,"left,right"
Recorder 3 - 1004 to 1704,04-13-2026,18:42:02,1.92066W,50.94221N,100%,17C,43%,3_20260413_184202.wav,AGC,48kHz,stereo,Part1,3_20260413_184202.wav,105.0,108.0,105.2126875,105.0,105.4626875,0.022135416666666668,1.0625,2.9013412575649227,177.09865874243508,"left,right"
Recorder 3 - 1004 to 1704,04-13-2026,19:12:03,1.92066W,50.94221N,100%,17C,43%,3_20260413_191203.wav,AGC,48kHz,stereo,Part2,3_20260413_191203.wav,1605.0,1608.0,1606.1664166666667,1605.9164166666667,1606.4164166666667,0.01953125,0.9375,2.559764521436577,177.4402354785634,"left,right"
Recorder 3 - 1004 to 1704,04-14-2026,06:39:02,1.92066W,50.94221N,100%,5C,96%,3_20260414_063902.wav,AGC,48kHz,stereo,Part1,3_20260414_063902.wav,1245.0,1248.0,1247.2875,1247.0375,1247.5375,0.0,0.0,0.0,180.0,"left,right"
Recorder 3 - 1004 to 1704,04-14-2026,06:39:02,1.92066W,50.94221N,100%,5C,96%,3_20260414_063902.wav,AGC,48kHz,stereo,Part1,3_20260414_063902.wav,1383.0,1386.0,1384.9892708333334,1384.7392708333334,1385.2392708333334,0.43489583333333337,20.875,83.96715221412849,96.03284778587151,"left,right"
Recorder 3 - 1004 to 1704,04-14-2026,06:39:02,1.92066W,50.94221N,100%,5C,96%,3_20260414_063902.wav,AGC,48kHz,stereo,Part1,3_20260414_063902.wav,1758.0,1761.0,1760.424375,1760.174375,1760.674375,-0.01953125,-0.9375,357.4402354785634,182.5597645214366,"left,right"
Recorder 3 - 1004 to 1704,04-14-2026,07:09:03,1.92066W,50.94221N,100%,5C,96%,3_20260414_070903.wav,AGC,48kHz,stereo,Part2,3_20260414_070903.wav,333.0,336.0,335.0595,334.8095,335.3095,0.20703125,9.9375,28.25597053916863,151.74402946083137,"left,right"
Recorder 3 - 1004 to 1704,04-14-2026,07:09:03,1.92066W,50.94221N,100%,5C,96%,3_20260414_070903.wav,AGC,48kHz,stereo,Part2,3_20260414_070903.wav,444.0,447.0,445.2823333333333,445.0323333333333,445.5323333333333,0.0,0.0,0.0,180.0,"left,right"
Recorder 3 - 1004 to 1704,04-14-2026,07:09:03,1.92066W,50.94221N,100%,5C,96%,3_20260414_070903.wav,AGC,48kHz,stereo,Part2,3_20260414_070903.wav,540.0,543.0,542.4057083333333,542.1557083333333,542.6557083333333,0.0,0.0,0.0,180.0,"left,right"
Recorder 3 - 1004 to 1704,04-14-2026,19:12:03,1.92066W,50.94221N,100%,11C,92%,3_20260414_191203.wav,AGC,48kHz,stereo,Part2,3_20260414_191203.wav,1539.0,1542.0,1539.7585,1539.5085,1540.0085,-0.0013020833333333333,-0.0625,359.8294055433168,180.1705944566832,"left,right"
Recorder 3 - 1004 to 1704,04-15-2026,18:42:02,1.92066W,50.94221N,100%,14C,72%,3_20260415_184202.wav,AGC,48kHz,stereo,Part1,3_20260415_184202.wav,939.0,942.0,940.3821666666666,940.1321666666666,940.6321666666666,-0.01953125,-0.9375,357.4402354785634,182.5597645214366,"left,right"
Recorder 3 - 1004 to 1704,04-16-2026,18:42:02,1.92066W,50.94221N,100%,13C,71%,3_20260416_184202.wav,AGC,48kHz,stereo,Part1,3_20260416_184202.wav,189.0,192.0,190.65677083333333,190.40677083333333,190.90677083333333,0.020833333333333332,1.0,2.730540749448636,177.26945925055136,"left,right"
Recorder 3 - 1004 to 1704,04-16-2026,18:42:02,1.92066W,50.94221N,100%,13C,71%,3_20260416_184202.wav,AGC,48kHz,stereo,Part1,3_20260416_184202.wav,399.0,402.0,399.9686041666667,399.7186041666667,400.2186041666667,-0.0013020833333333333,-0.0625,359.8294055433168,180.1705944566832,"left,right"
Recorder 3 - 1004 to 1704,04-16-2026,19:12:03,1.92066W,50.94221N,100%,13C,71%,3_20260416_191203.wav,AGC,48kHz,stereo,Part2,3_20260416_191203.wav,1647.0,1650.0,1647.3619166666667,1647.1119166666667,1647.6119166666667,0.0,0.0,0.0,180.0,"left,right"
Recorder 3 - 1004 to 1704,04-16-2026,19:12:03,1.92066W,50.94221N,100%,13C,71%,3_20260416_191203.wav,AGC,48kHz,stereo,Part2,3_20260416_191203.wav,1755.0,1758.0,1757.8073541666668,1757.5573541666668,1758.0,0.0,0.0,0.0,180.0,"left,right"
Recorder 3 - 1004 to 1704,04-17-2026,06:39:02,1.92066W,50.94221N,100%,11C,91%,3_20260417_063902.wav,AGC,48kHz,stereo,Part1,3_20260417_063902.wav,69.0,72.0,69.2920625,69.0420625,69.5420625,-0.020833333333333332,-1.0,357.26945925055134,182.73054074944866,"left,right"
Recorder 3 - 1004 to 1704,04-17-2026,07:09:03,1.92066W,50.94221N,100%,11C,91%,3_20260417_070903.wav,AGC,48kHz,stereo,Part2,3_20260417_070903.wav,687.0,690.0,688.0658541666667,687.8158541666667,688.3158541666667,0.0,0.0,0.0,180.0,"left,right"
Recorder 3 - 1704 to 2804,04-17-2026,18:42:02,1.92064W,50.94219N,100%,12C,82%,3_20260417_184202.wav,AGC,48kHz,stereo,Part1,3_20260417_184202.wav,186.0,189.0,187.581,187.331,187.831,0.0,0.0,0.0,180.0,"left,right"
Recorder 3 - 1704 to 2804,04-17-2026,18:42:02,1.92064W,50.94219N,100%,12C,82%,3_20260417_184202.wav,AGC,48kHz,stereo,Part1,3_20260417_184202.wav,525.0,528.0,525.6012916666666,525.3512916666666,525.8512916666666,-0.01953125,-0.9375,357.4402354785634,182.5597645214366,"left,right"
Recorder 3 - 1704 to 2804,04-17-2026,18:42:02,1.92064W,50.94219N,100%,12C,82%,3_20260417_184202.wav,AGC,48kHz,stereo,Part1,3_20260417_184202.wav,732.0,735.0,734.0145,733.7645,734.2645,0.0,0.0,0.0,180.0,"left,right"
Recorder 3 - 1704 to 2804,04-17-2026,18:42:02,1.92064W,50.94219N,100%,12C,82%,3_20260417_184202.wav,AGC,48kHz,stereo,Part1,3_20260417_184202.wav,825.0,828.0,826.820875,826.570875,827.070875,0.0,0.0,0.0,180.0,"left,right"
Recorder 3 - 1704 to 2804,04-17-2026,18:42:02,1.92064W,50.94219N,100%,12C,82%,3_20260417_184202.wav,AGC,48kHz,stereo,Part1,3_20260417_184202.wav,915.0,918.0,917.2769583333334,917.0269583333334,917.5269583333334,0.0,0.0,0.0,180.0,"left,right"
Recorder 3 - 1704 to 2804,04-17-2026,18:42:02,1.92064W,50.94219N,100%,12C,82%,3_20260417_184202.wav,AGC,48kHz,stereo,Part1,3_20260417_184202.wav,993.0,996.0,995.604625,995.354625,995.854625,0.0,0.0,0.0,180.0,"left,right"
Recorder 3 - 1704 to 2804,04-17-2026,18:42:02,1.92064W,50.94219N,100%,12C,82%,3_20260417_184202.wav,AGC,48kHz,stereo,Part1,3_20260417_184202.wav,996.0,999.0,997.6270208333333,997.3770208333333,997.8770208333333,0.0,0.0,0.0,180.0,"left,right"
Recorder 3 - 1704 to 2804,04-17-2026,18:42:02,1.92064W,50.94219N,100%,12C,82%,3_20260417_184202.wav,AGC,48kHz,stereo,Part1,3_20260417_184202.wav,1083.0,1086.0,1085.4665625,1085.2165625,1085.7165625,-0.01953125,-0.9375,357.4402354785634,182.5597645214366,"left,right"
Recorder 3 - 1704 to 2804,04-17-2026,18:42:02,1.92064W,50.94219N,100%,12C,82%,3_20260417_184202.wav,AGC,48kHz,stereo,Part1,3_20260417_184202.wav,1179.0,1182.0,1180.3241458333334,1180.0741458333334,1180.5741458333334,-0.01953125,-0.9375,357.4402354785634,182.5597645214366,"left,right"
Recorder 3 - 1704 to 2804,04-17-2026,18:42:02,1.92064W,50.94219N,100%,12C,82%,3_20260417_184202.wav,AGC,48kHz,stereo,Part1,3_20260417_184202.wav,1239.0,1242.0,1241.6605208333333,1241.4105208333333,1241.9105208333333,-0.018229166666666668,-0.8750000000000001,357.6109889533793,182.38901104662065,"left,right"
Recorder 3 - 1704 to 2804,04-17-2026,18:42:02,1.92064W,50.94219N,100%,12C,82%,3_20260417_184202.wav,AGC,48kHz,stereo,Part1,3_20260417_184202.wav,1395.0,1398.0,1397.9468958333334,1397.6968958333334,1398.0,0.0,0.0,0.0,180.0,"left,right"
Recorder 3 - 1704 to 2804,04-17-2026,18:42:02,1.92064W,50.94219N,100%,12C,82%,3_20260417_184202.wav,AGC,48kHz,stereo,Part1,3_20260417_184202.wav,1551.0,1554.0,1552.9850833333333,1552.7350833333333,1553.2350833333333,0.0,0.0,0.0,180.0,"left,right"
Recorder 3 - 1704 to 2804,04-17-2026,18:42:02,1.92064W,50.94219N,100%,12C,82%,3_20260417_184202.wav,AGC,48kHz,stereo,Part1,3_20260417_184202.wav,1692.0,1695.0,1694.426375,1694.176375,1694.676375,-0.0013020833333333333,-0.0625,359.8294055433168,180.1705944566832,"left,right"
Recorder 3 - 1704 to 2804,04-17-2026,18:42:02,1.92064W,50.94219N,100%,12C,82%,3_20260417_184202.wav,AGC,48kHz,stereo,Part1,3_20260417_184202.wav,1731.0,1734.0,1731.9551041666666,1731.7051041666666,1732.2051041666666,-0.0013020833333333333,-0.0625,359.8294055433168,180.1705944566832,"left,right"
Recorder 3 - 1704 to 2804,04-17-2026,18:42:02,1.92064W,50.94219N,100%,12C,82%,3_20260417_184202.wav,AGC,48kHz,stereo,Part1,3_20260417_184202.wav,1797.0,1800.0,1799.1300416666666,1798.8800416666666,1799.3800416666666,-0.01953125,-0.9375,357.4402354785634,182.5597645214366,"left,right"
Recorder 3 - 1704 to 2804,04-17-2026,19:12:03,1.92064W,50.94219N,100%,12C,82%,3_20260417_191203.wav,AGC,48kHz,stereo,Part2,3_20260417_191203.wav,21.0,24.0,23.0198125,22.7698125,23.2698125,0.01953125,0.9375,2.559764521436577,177.4402354785634,"left,right"
Recorder 3 - 1704 to 2804,04-17-2026,19:12:03,1.92064W,50.94219N,100%,12C,82%,3_20260417_191203.wav,AGC,48kHz,stereo,Part2,3_20260417_191203.wav,120.0,123.0,122.98141666666666,122.73141666666666,123.0,-0.020833333333333332,-1.0,357.26945925055134,182.73054074944866,"left,right"
Recorder 3 - 1704 to 2804,04-17-2026,19:12:03,1.92064W,50.94219N,100%,12C,82%,3_20260417_191203.wav,AGC,48kHz,stereo,Part2,3_20260417_191203.wav,918.0,921.0,918.7655416666666,918.5155416666666,919.0155416666666,-0.018229166666666668,-0.8750000000000001,357.6109889533793,182.38901104662065,"left,right"
Recorder 3 - 1704 to 2804,04-17-2026,19:12:03,1.92064W,50.94219N,100%,12C,82%,3_20260417_191203.wav,AGC,48kHz,stereo,Part2,3_20260417_191203.wav,1044.0,1047.0,1045.8601458333333,1045.6101458333333,1046.1101458333333,0.01953125,0.9375,2.559764521436577,177.4402354785634,"left,right"
Recorder 3 - 1704 to 2804,04-17-2026,19:12:03,1.92064W,50.94219N,100%,12C,82%,3_20260417_191203.wav,AGC,48kHz,stereo,Part2,3_20260417_191203.wav,1545.0,1548.0,1546.9189375,1546.6689375,1547.1689375,0.0,0.0,0.0,180.0,"left,right"
Recorder 3 - 1704 to 2804,04-18-2026,06:39:02,1.92064W,50.94221N,100%,4C,96%,3_20260418_063902.wav,AGC,48kHz,stereo,Part1,3_20260418_063902.wav,1590.0,1593.0,1591.1875625,1590.9375625,1591.4375625,-0.01953125,-0.9375,357.4402354785634,182.5597645214366,"left,right"
Recorder 3 - 1704 to 2804,04-18-2026,06:39:02,1.92064W,50.94221N,100%,4C,96%,3_20260418_063902.wav,AGC,48kHz,stereo,Part1,3_20260418_063902.wav,1779.0,1782.0,1781.7013333333334,1781.4513333333334,1781.9513333333334,0.37369791666666663,17.9375,58.707030274748746,121.29296972525125,"left,right"
Recorder 3 - 1704 to 2804,04-18-2026,07:09:03,1.92064W,50.94221N,100%,4C,96%,3_20260418_070903.wav,AGC,48kHz,stereo,Part2,3_20260418_070903.wav,795.0,798.0,797.3254791666667,797.0754791666667,797.5754791666667,-0.022135416666666668,-1.0625,357.0986587424351,182.90134125756492,"left,right"
Recorder 3 - 1704 to 2804,04-18-2026,07:09:03,1.92064W,50.94221N,100%,4C,96%,3_20260418_070903.wav,AGC,48kHz,stereo,Part2,3_20260418_070903.wav,963.0,966.0,964.3906041666667,964.1406041666667,964.6406041666667,0.0,0.0,0.0,180.0,"left,right"
Recorder 3 - 1704 to 2804,04-18-2026,18:42:02,1.92064W,50.94221N,100%,17C,50%,3_20260418_184202.wav,AGC,48kHz,stereo,Part1,3_20260418_184202.wav,1266.0,1269.0,1266.5021666666667,1266.2521666666667,1266.7521666666667,0.4166666666666667,20.0,72.32192951701641,107.67807048298359,"left,right"
Recorder 3 - 1704 to 2804,04-18-2026,18:42:02,1.92064W,50.94221N,100%,17C,50%,3_20260418_184202.wav,AGC,48kHz,stereo,Part1,3_20260418_184202.wav,1581.0,1584.0,1582.5614791666667,1582.3114791666667,1582.8114791666667,0.0,0.0,0.0,180.0,"left,right"
Recorder 3 - 1704 to 2804,04-18-2026,18:42:02,1.92064W,50.94221N,100%,17C,50%,3_20260418_184202.wav,AGC,48kHz,stereo,Part1,3_20260418_184202.wav,1707.0,1710.0,1707.3983333333333,1707.1483333333333,1707.6483333333333,-0.01953125,-0.9375,357.4402354785634,182.5597645214366,"left,right"
Recorder 3 - 1704 to 2804,04-18-2026,19:12:03,1.92064W,50.94221N,100%,17C,50%,3_20260418_191203.wav,AGC,48kHz,stereo,Part2,3_20260418_191203.wav,339.0,342.0,340.9646041666667,340.7146041666667,341.2146041666667,0.01953125,0.9375,2.559764521436577,177.4402354785634,"left,right"
Recorder 3 - 1704 to 2804,04-18-2026,19:12:03,1.92064W,50.94221N,100%,17C,50%,3_20260418_191203.wav,AGC,48kHz,stereo,Part2,3_20260418_191203.wav,483.0,486.0,484.0400833333333,483.7900833333333,484.2900833333333,0.0,0.0,0.0,180.0,"left,right"
Recorder 3 - 1704 to 2804,04-18-2026,19:12:03,1.92064W,50.94221N,100%,17C,50%,3_20260418_191203.wav,AGC,48kHz,stereo,Part2,3_20260418_191203.wav,597.0,600.0,598.8962708333333,598.6462708333333,599.1462708333333,-0.020833333333333332,-1.0,357.26945925055134,182.73054074944866,"left,right"
Recorder 3 - 1704 to 2804,04-18-2026,19:12:03,1.92064W,50.94221N,100%,17C,50%,3_20260418_191203.wav,AGC,48kHz,stereo,Part2,3_20260418_191203.wav,693.0,696.0,694.23525,693.98525,694.48525,-0.020833333333333332,-1.0,357.26945925055134,182.73054074944866,"left,right"
Recorder 3 - 1704 to 2804,04-19-2026,06:39:02,1.92064W,50.94221N,100%,5C,89%,3_20260419_063902.wav,AGC,48kHz,stereo,Part1,3_20260419_063902.wav,72.0,75.0,72.01008333333333,72.0,72.26008333333333,-0.0013020833333333333,-0.0625,359.8294055433168,180.1705944566832,"left,right"
Recorder 3 - 1704 to 2804,04-19-2026,06:39:02,1.92064W,50.94221N,100%,5C,89%,3_20260419_063902.wav,AGC,48kHz,stereo,Part1,3_20260419_063902.wav,183.0,186.0,183.293,183.043,183.543,0.0,0.0,0.0,180.0,"left,right"
Recorder 3 - 1704 to 2804,04-19-2026,07:09:03,1.92064W,50.94221N,100%,5C,89%,3_20260419_070903.wav,AGC,48kHz,stereo,Part2,3_20260419_070903.wav,555.0,558.0,557.4173333333333,557.1673333333333,557.6673333333333,0.018229166666666668,0.8750000000000001,2.389011046620638,177.61098895337938,"left,right"
Recorder 3 - 1704 to 2804,04-19-2026,07:09:03,1.92064W,50.94221N,100%,5C,89%,3_20260419_070903.wav,AGC,48kHz,stereo,Part2,3_20260419_070903.wav,870.0,873.0,872.52275,872.27275,872.77275,0.020833333333333332,1.0,2.730540749448636,177.26945925055136,"left,right"
Recorder 3 - 1704 to 2804,04-19-2026,07:09:03,1.92064W,50.94221N,100%,5C,89%,3_20260419_070903.wav,AGC,48kHz,stereo,Part2,3_20260419_070903.wav,1014.0,1017.0,1014.6759375,1014.4259375,1014.9259375,0.0,0.0,0.0,180.0,"left,right"
Recorder 3 - 1704 to 2804,04-19-2026,07:09:03,1.92064W,50.94221N,100%,5C,89%,3_20260419_070903.wav,AGC,48kHz,stereo,Part2,3_20260419_070903.wav,1023.0,1026.0,1023.684625,1023.434625,1023.934625,0.018229166666666668,0.8750000000000001,2.389011046620638,177.61098895337938,"left,right"
Recorder 3 - 1704 to 2804,04-19-2026,18:42:02,1.92064W,50.94221N,100%,15C,40%,3_20260419_184202.wav,AGC,48kHz,stereo,Part1,3_20260419_184202.wav,1422.0,1425.0,1424.0703958333334,1423.8203958333334,1424.3203958333334,0.0,0.0,0.0,180.0,"left,right"
Recorder 3 - 1704 to 2804,04-19-2026,19:12:03,1.92064W,50.94221N,100%,15C,40%,3_20260419_191203.wav,AGC,48kHz,stereo,Part2,3_20260419_191203.wav,1038.0,1041.0,1038.1090208333333,1038.0,1038.3590208333333,0.0,0.0,0.0,180.0,"left,right"
Recorder 3 - 1704 to 2804,04-20-2026,06:39:02,1.92064W,50.94221N,100%,3C,91%,3_20260420_063902.wav,AGC,48kHz,stereo,Part1,3_20260420_063902.wav,885.0,888.0,886.6373958333334,886.3873958333334,886.8873958333334,0.0,0.0,0.0,180.0,"left,right"
Recorder 3 - 1704 to 2804,04-20-2026,06:39:02,1.92064W,50.94221N,100%,3C,91%,3_20260420_063902.wav,AGC,48kHz,stereo,Part1,3_20260420_063902.wav,1149.0,1152.0,1150.2647708333334,1150.0147708333334,1150.5147708333334,0.0,0.0,0.0,180.0,"left,right"
Recorder 3 - 1704 to 2804,04-20-2026,06:39:02,1.92064W,50.94221N,100%,3C,91%,3_20260420_063902.wav,AGC,48kHz,stereo,Part1,3_20260420_063902.wav,1224.0,1227.0,1225.869125,1225.619125,1226.119125,0.0,0.0,0.0,180.0,"left,right"
Recorder 3 - 1704 to 2804,04-20-2026,06:39:02,1.92064W,50.94221N,100%,3C,91%,3_20260420_063902.wav,AGC,48kHz,stereo,Part1,3_20260420_063902.wav,1263.0,1266.0,1265.8522291666666,1265.6022291666666,1266.0,-0.0013020833333333333,-0.0625,359.8294055433168,180.1705944566832,"left,right"
Recorder 3 - 1704 to 2804,04-20-2026,07:09:03,1.92064W,50.94221N,100%,3C,91%,3_20260420_070903.wav,AGC,48kHz,stereo,Part2,3_20260420_070903.wav,36.0,39.0,36.31520833333333,36.06520833333333,36.56520833333333,-0.0013020833333333333,-0.0625,359.8294055433168,180.1705944566832,"left,right"
Recorder 3 - 1704 to 2804,04-20-2026,18:42:02,1.92064W,50.94221N,100%,15C,50%,3_20260420_184202.wav,AGC,48kHz,stereo,Part1,3_20260420_184202.wav,39.0,42.0,40.836395833333334,40.586395833333334,41.086395833333334,0.01953125,0.9375,2.559764521436577,177.4402354785634,"left,right"
Recorder 3 - 1704 to 2804,04-20-2026,18:42:02,1.92064W,50.94221N,100%,15C,50%,3_20260420_184202.wav,AGC,48kHz,stereo,Part1,3_20260420_184202.wav,102.0,105.0,104.5605,104.3105,104.8105,0.0,0.0,0.0,180.0,"left,right"
Recorder 3 - 1704 to 2804,04-20-2026,18:42:02,1.92064W,50.94221N,100%,15C,50%,3_20260420_184202.wav,AGC,48kHz,stereo,Part1,3_20260420_184202.wav,141.0,144.0,143.4063125,143.1563125,143.6563125,-0.01953125,-0.9375,357.4402354785634,182.5597645214366,"left,right"
Recorder 3 - 1704 to 2804,04-20-2026,18:42:02,1.92064W,50.94221N,100%,15C,50%,3_20260420_184202.wav,AGC,48kHz,stereo,Part1,3_20260420_184202.wav,291.0,294.0,292.4223958333333,292.1723958333333,292.6723958333333,-0.0013020833333333333,-0.0625,359.8294055433168,180.1705944566832,"left,right"
Recorder 3 - 1704 to 2804,04-20-2026,18:42:02,1.92064W,50.94221N,100%,15C,50%,3_20260420_184202.wav,AGC,48kHz,stereo,Part1,3_20260420_184202.wav,321.0,324.0,321.1443541666667,321.0,321.3943541666667,-0.0013020833333333333,-0.0625,359.8294055433168,180.1705944566832,"left,right"
Recorder 3 - 1704 to 2804,04-20-2026,18:42:02,1.92064W,50.94221N,100%,15C,50%,3_20260420_184202.wav,AGC,48kHz,stereo,Part1,3_20260420_184202.wav,384.0,387.0,385.457625,385.207625,385.707625,0.0,0.0,0.0,180.0,"left,right"
Recorder 3 - 1704 to 2804,04-20-2026,18:42:02,1.92064W,50.94221N,100%,15C,50%,3_20260420_184202.wav,AGC,48kHz,stereo,Part1,3_20260420_184202.wav,468.0,471.0,468.78964583333334,468.53964583333334,469.03964583333334,0.0,0.0,0.0,180.0,"left,right"
Recorder 3 - 1704 to 2804,04-20-2026,18:42:02,1.92064W,50.94221N,100%,15C,50%,3_20260420_184202.wav,AGC,48kHz,stereo,Part1,3_20260420_184202.wav,594.0,597.0,595.2376041666666,594.9876041666666,595.4876041666666,0.3958333333333333,19.0,64.84199555654006,115.15800444345994,"left,right"
Recorder 3 - 1704 to 2804,04-20-2026,18:42:02,1.92064W,50.94221N,100%,15C,50%,3_20260420_184202.wav,AGC,48kHz,stereo,Part1,3_20260420_184202.wav,744.0,747.0,746.5913125,746.3413125,746.8413125,-0.020833333333333332,-1.0,357.26945925055134,182.73054074944866,"left,right"
Recorder 3 - 1704 to 2804,04-20-2026,18:42:02,1.92064W,50.94221N,100%,15C,50%,3_20260420_184202.wav,AGC,48kHz,stereo,Part1,3_20260420_184202.wav,747.0,750.0,747.0482083333334,747.0,747.2982083333334,0.0,0.0,0.0,180.0,"left,right"
Recorder 3 - 1704 to 2804,04-20-2026,18:42:02,1.92064W,50.94221N,100%,15C,50%,3_20260420_184202.wav,AGC,48kHz,stereo,Part1,3_20260420_184202.wav,879.0,882.0,879.6965208333334,879.4465208333334,879.9465208333334,0.0,0.0,0.0,180.0,"left,right"
Recorder 3 - 1704 to 2804,04-20-2026,18:42:02,1.92064W,50.94221N,100%,15C,50%,3_20260420_184202.wav,AGC,48kHz,stereo,Part1,3_20260420_184202.wav,1026.0,1029.0,1026.0852083333334,1026.0,1026.3352083333334,0.0,0.0,0.0,180.0,"left,right"
Recorder 3 - 1704 to 2804,04-20-2026,18:42:02,1.92064W,50.94221N,100%,15C,50%,3_20260420_184202.wav,AGC,48kHz,stereo,Part1,3_20260420_184202.wav,1113.0,1116.0,1115.9899791666667,1115.7399791666667,1116.0,0.0,0.0,0.0,180.0,"left,right"
Recorder 3 - 1704 to 2804,04-20-2026,18:42:02,1.92064W,50.94221N,100%,15C,50%,3_20260420_184202.wav,AGC,48kHz,stereo,Part1,3_20260420_184202.wav,1116.0,1119.0,1116.2820208333333,1116.0320208333333,1116.5320208333333,-0.0013020833333333333,-0.0625,359.8294055433168,180.1705944566832,"left,right"
Recorder 3 - 1704 to 2804,04-20-2026,18:42:02,1.92064W,50.94221N,100%,15C,50%,3_20260420_184202.wav,AGC,48kHz,stereo,Part1,3_20260420_184202.wav,1197.0,1200.0,1197.2978125,1197.0478125,1197.5478125,0.022135416666666668,1.0625,2.9013412575649227,177.09865874243508,"left,right"
Recorder 3 - 1704 to 2804,04-20-2026,18:42:02,1.92064W,50.94221N,100%,15C,50%,3_20260420_184202.wav,AGC,48kHz,stereo,Part1,3_20260420_184202.wav,1407.0,1410.0,1408.6437291666666,1408.3937291666666,1408.8937291666666,-0.0013020833333333333,-0.0625,359.8294055433168,180.1705944566832,"left,right"
Recorder 3 - 1704 to 2804,04-20-2026,18:42:02,1.92064W,50.94221N,100%,15C,50%,3_20260420_184202.wav,AGC,48kHz,stereo,Part1,3_20260420_184202.wav,1458.0,1461.0,1458.1374375,1458.0,1458.3874375,0.0013020833333333333,0.0625,0.1705944566832045,179.8294055433168,"left,right"
Recorder 3 - 1704 to 2804,04-20-2026,18:42:02,1.92064W,50.94221N,100%,15C,50%,3_20260420_184202.wav,AGC,48kHz,stereo,Part1,3_20260420_184202.wav,1521.0,1524.0,1522.6157916666666,1522.3657916666666,1522.8657916666666,-0.0013020833333333333,-0.0625,359.8294055433168,180.1705944566832,"left,right"
Recorder 3 - 1704 to 2804,04-20-2026,18:42:02,1.92064W,50.94221N,100%,15C,50%,3_20260420_184202.wav,AGC,48kHz,stereo,Part1,3_20260420_184202.wav,1611.0,1614.0,1613.5672291666667,1613.3172291666667,1613.8172291666667,0.0,0.0,0.0,180.0,"left,right"
Recorder 3 - 1704 to 2804,04-20-2026,19:12:03,1.92064W,50.94221N,100%,15C,50%,3_20260420_191203.wav,AGC,48kHz,stereo,Part2,3_20260420_191203.wav,3.0,6.0,4.395458333333333,4.145458333333333,4.645458333333333,0.0,0.0,0.0,180.0,"left,right"
Recorder 3 - 1704 to 2804,04-20-2026,19:12:03,1.92064W,50.94221N,100%,15C,50%,3_20260420_191203.wav,AGC,48kHz,stereo,Part2,3_20260420_191203.wav,321.0,324.0,321.76045833333336,321.51045833333336,322.01045833333336,0.020833333333333332,1.0,2.730540749448636,177.26945925055136,"left,right"
Recorder 3 - 1704 to 2804,04-20-2026,19:12:03,1.92064W,50.94221N,100%,15C,50%,3_20260420_191203.wav,AGC,48kHz,stereo,Part2,3_20260420_191203.wav,642.0,645.0,643.2163125,642.9663125,643.4663125,0.0,0.0,0.0,180.0,"left,right"
Recorder 3 - 1704 to 2804,04-21-2026,06:39:02,1.92064W,50.94221N,100%,3C,93%,3_20260421_063902.wav,AGC,48kHz,stereo,Part1,3_20260421_063902.wav,159.0,162.0,161.27947916666668,161.02947916666668,161.52947916666668,0.0013020833333333333,0.0625,0.1705944566832045,179.8294055433168,"left,right"
Recorder 3 - 1704 to 2804,04-21-2026,06:39:02,1.92064W,50.94221N,100%,3C,93%,3_20260421_063902.wav,AGC,48kHz,stereo,Part1,3_20260421_063902.wav,1074.0,1077.0,1074.9182291666666,1074.6682291666666,1075.1682291666666,0.0,0.0,0.0,180.0,"left,right"
Recorder 3 - 1704 to 2804,04-21-2026,06:39:02,1.92064W,50.94221N,100%,3C,93%,3_20260421_063902.wav,AGC,48kHz,stereo,Part1,3_20260421_063902.wav,1296.0,1299.0,1298.4825208333334,1298.2325208333334,1298.7325208333334,0.0,0.0,0.0,180.0,"left,right"
Recorder 3 - 1704 to 2804,04-21-2026,07:09:03,1.92064W,50.94221N,100%,3C,93%,3_20260421_070903.wav,AGC,48kHz,stereo,Part2,3_20260421_070903.wav,261.0,264.0,261.7004166666667,261.4504166666667,261.9504166666667,0.020833333333333332,1.0,2.730540749448636,177.26945925055136,"left,right"
Recorder 3 - 1704 to 2804,04-21-2026,07:09:03,1.92064W,50.94221N,100%,3C,93%,3_20260421_070903.wav,AGC,48kHz,stereo,Part2,3_20260421_070903.wav,435.0,438.0,436.7296875,436.4796875,436.9796875,-0.0013020833333333333,-0.0625,359.8294055433168,180.1705944566832,"left,right"
Recorder 3 - 1704 to 2804,04-21-2026,07:09:03,1.92064W,50.94221N,100%,3C,93%,3_20260421_070903.wav,AGC,48kHz,stereo,Part2,3_20260421_070903.wav,843.0,846.0,843.7508958333333,843.5008958333333,844.0008958333333,0.0,0.0,0.0,180.0,"left,right"
Recorder 3 - 1704 to 2804,04-21-2026,07:09:03,1.92064W,50.94221N,100%,3C,93%,3_20260421_070903.wav,AGC,48kHz,stereo,Part2,3_20260421_070903.wav,978.0,981.0,978.3394583333334,978.0894583333334,978.5894583333334,-0.0013020833333333333,-0.0625,359.8294055433168,180.1705944566832,"left,right"
Recorder 3 - 1704 to 2804,04-21-2026,07:09:03,1.92064W,50.94221N,100%,3C,93%,3_20260421_070903.wav,AGC,48kHz,stereo,Part2,3_20260421_070903.wav,1194.0,1197.0,1194.2448125,1194.0,1194.4948125,0.0013020833333333333,0.0625,0.1705944566832045,179.8294055433168,"left,right"
Recorder 3 - 1704 to 2804,04-21-2026,18:42:02,1.92064W,50.94221N,100%,19C,39%,3_20260421_184202.wav,AGC,48kHz,stereo,Part1,3_20260421_184202.wav,258.0,261.0,260.55566666666664,260.30566666666664,260.80566666666664,0.020833333333333332,1.0,2.730540749448636,177.26945925055136,"left,right"
Recorder 3 - 1704 to 2804,04-21-2026,18:42:02,1.92064W,50.94221N,100%,19C,39%,3_20260421_184202.wav,AGC,48kHz,stereo,Part1,3_20260421_184202.wav,474.0,477.0,475.5431041666667,475.2931041666667,475.7931041666667,0.01953125,0.9375,2.559764521436577,177.4402354785634,"left,right"
Recorder 3 - 1704 to 2804,04-21-2026,18:42:02,1.92064W,50.94221N,100%,19C,39%,3_20260421_184202.wav,AGC,48kHz,stereo,Part1,3_20260421_184202.wav,849.0,852.0,849.3190208333333,849.0690208333333,849.5690208333333,-0.01953125,-0.9375,357.4402354785634,182.5597645214366,"left,right"
Recorder 3 - 1704 to 2804,04-21-2026,18:42:02,1.92064W,50.94221N,100%,19C,39%,3_20260421_184202.wav,AGC,48kHz,stereo,Part1,3_20260421_184202.wav,942.0,945.0,943.8020625,943.5520625,944.0520625,-0.0013020833333333333,-0.0625,359.8294055433168,180.1705944566832,"left,right"
Recorder 3 - 1704 to 2804,04-21-2026,19:12:03,1.92064W,50.94221N,100%,19C,39%,3_20260421_191203.wav,AGC,48kHz,stereo,Part2,3_20260421_191203.wav,744.0,747.0,745.6195208333334,745.3695208333334,745.8695208333334,0.20833333333333334,10.0,28.449819023970527,151.55018097602948,"left,right"
Recorder 3 - 1704 to 2804,04-21-2026,19:12:03,1.92064W,50.94221N,100%,19C,39%,3_20260421_191203.wav,AGC,48kHz,stereo,Part2,3_20260421_191203.wav,1182.0,1185.0,1182.2041666666667,1182.0,1182.4541666666667,0.0,0.0,0.0,180.0,"left,right"
Recorder 3 - 1704 to 2804,04-22-2026,06:39:02,1.92064W,50.94221N,100%,4C,93%,3_20260422_063902.wav,AGC,48kHz,stereo,Part1,3_20260422_063902.wav,21.0,24.0,22.09425,21.84425,22.34425,0.0,0.0,0.0,180.0,"left,right"
Recorder 3 - 1704 to 2804,04-22-2026,06:39:02,1.92064W,50.94221N,100%,4C,93%,3_20260422_063902.wav,AGC,48kHz,stereo,Part1,3_20260422_063902.wav,825.0,828.0,827.7958125,827.5458125,828.0,0.0,0.0,0.0,180.0,"left,right"
Recorder 3 - 1704 to 2804,04-22-2026,06:39:02,1.92064W,50.94221N,100%,4C,93%,3_20260422_063902.wav,AGC,48kHz,stereo,Part1,3_20260422_063902.wav,1521.0,1524.0,1521.5124791666667,1521.2624791666667,1521.7624791666667,0.01953125,0.9375,2.559764521436577,177.4402354785634,"left,right"
Recorder 3 - 1704 to 2804,04-22-2026,06:39:02,1.92064W,50.94221N,100%,4C,93%,3_20260422_063902.wav,AGC,48kHz,stereo,Part1,3_20260422_063902.wav,1767.0,1770.0,1767.7362916666666,1767.4862916666666,1767.9862916666666,0.0,0.0,0.0,180.0,"left,right"
Recorder 3 - 1704 to 2804,04-22-2026,07:09:03,1.92064W,50.94221N,100%,4C,93%,3_20260422_070903.wav,AGC,48kHz,stereo,Part2,3_20260422_070903.wav,279.0,282.0,281.24502083333334,280.99502083333334,281.49502083333334,0.0026041666666666665,0.125,0.34119042573000513,179.65880957426998,"left,right"
Recorder 3 - 1704 to 2804,04-22-2026,07:09:03,1.92064W,50.94221N,100%,4C,93%,3_20260422_070903.wav,AGC,48kHz,stereo,Part2,3_20260422_070903.wav,285.0,288.0,287.6798333333333,287.4298333333333,287.9298333333333,-0.01953125,-0.9375,357.4402354785634,182.5597645214366,"left,right"
Recorder 3 - 1704 to 2804,04-22-2026,07:09:03,1.92064W,50.94221N,100%,4C,93%,3_20260422_070903.wav,AGC,48kHz,stereo,Part2,3_20260422_070903.wav,1506.0,1509.0,1507.7215416666666,1507.4715416666666,1507.9715416666666,0.0,0.0,0.0,180.0,"left,right"
Recorder 3 - 1704 to 2804,04-22-2026,18:42:02,1.92064W,50.94221N,100%,17C,39%,3_20260422_184202.wav,AGC,48kHz,stereo,Part1,3_20260422_184202.wav,150.0,153.0,151.22402083333333,150.97402083333333,151.47402083333333,0.0,0.0,0.0,180.0,"left,right"
Recorder 3 - 1704 to 2804,04-22-2026,18:42:02,1.92064W,50.94221N,100%,17C,39%,3_20260422_184202.wav,AGC,48kHz,stereo,Part1,3_20260422_184202.wav,201.0,204.0,202.62216666666666,202.37216666666666,202.87216666666666,0.01953125,0.9375,2.559764521436577,177.4402354785634,"left,right"
Recorder 3 - 1704 to 2804,04-22-2026,18:42:02,1.92064W,50.94221N,100%,17C,39%,3_20260422_184202.wav,AGC,48kHz,stereo,Part1,3_20260422_184202.wav,459.0,462.0,461.95183333333335,461.70183333333335,462.0,0.0013020833333333333,0.0625,0.1705944566832045,179.8294055433168,"left,right"
Recorder 3 - 1704 to 2804,04-22-2026,18:42:02,1.92064W,50.94221N,100%,17C,39%,3_20260422_184202.wav,AGC,48kHz,stereo,Part1,3_20260422_184202.wav,462.0,465.0,462.01008333333334,462.0,462.26008333333334,-0.020833333333333332,-1.0,357.26945925055134,182.73054074944866,"left,right"
Recorder 3 - 1704 to 2804,04-22-2026,18:42:02,1.92064W,50.94221N,100%,17C,39%,3_20260422_184202.wav,AGC,48kHz,stereo,Part1,3_20260422_184202.wav,600.0,603.0,601.0797291666667,600.8297291666667,601.3297291666667,0.01953125,0.9375,2.559764521436577,177.4402354785634,"left,right"
Recorder 3 - 1704 to 2804,04-22-2026,18:42:02,1.92064W,50.94221N,100%,17C,39%,3_20260422_184202.wav,AGC,48kHz,stereo,Part1,3_20260422_184202.wav,693.0,696.0,693.5320208333334,693.2820208333334,693.7820208333334,-0.0013020833333333333,-0.0625,359.8294055433168,180.1705944566832,"left,right"
Recorder 3 - 1704 to 2804,04-22-2026,18:42:02,1.92064W,50.94221N,100%,17C,39%,3_20260422_184202.wav,AGC,48kHz,stereo,Part1,3_20260422_184202.wav,801.0,804.0,803.0055416666667,802.7555416666667,803.2555416666667,0.0,0.0,0.0,180.0,"left,right"
Recorder 3 - 1704 to 2804,04-22-2026,18:42:02,1.92064W,50.94221N,100%,17C,39%,3_20260422_184202.wav,AGC,48kHz,stereo,Part1,3_20260422_184202.wav,1080.0,1083.0,1081.0878333333333,1080.8378333333333,1081.3378333333333,0.0,0.0,0.0,180.0,"left,right"
Recorder 3 - 1704 to 2804,04-22-2026,18:42:02,1.92064W,50.94221N,100%,17C,39%,3_20260422_184202.wav,AGC,48kHz,stereo,Part1,3_20260422_184202.wav,1563.0,1566.0,1564.0359375,1563.7859375,1564.2859375,0.020833333333333332,1.0,2.730540749448636,177.26945925055136,"left,right"
Recorder 3 - 1704 to 2804,04-22-2026,19:12:03,1.92064W,50.94221N,100%,17C,39%,3_20260422_191203.wav,AGC,48kHz,stereo,Part2,3_20260422_191203.wav,258.0,261.0,258.80777083333334,258.55777083333334,259.05777083333334,-0.020833333333333332,-1.0,357.26945925055134,182.73054074944866,"left,right"
Recorder 3 - 1704 to 2804,04-22-2026,19:12:03,1.92064W,50.94221N,100%,17C,39%,3_20260422_191203.wav,AGC,48kHz,stereo,Part2,3_20260422_191203.wav,507.0,510.0,507.7561666666667,507.5061666666667,508.0061666666667,-0.041666666666666664,-2.0,354.5326921717127,185.4673078282873,"left,right"
Recorder 3 - 1704 to 2804,04-23-2026,06:39:02,1.92064W,50.94221N,100%,5C,92%,3_20260423_063902.wav,AGC,48kHz,stereo,Part1,3_20260423_063902.wav,921.0,924.0,923.2980416666667,923.0480416666667,923.5480416666667,-0.022135416666666668,-1.0625,357.0986587424351,182.90134125756492,"left,right"
Recorder 3 - 1704 to 2804,04-23-2026,06:39:02,1.92064W,50.94221N,100%,5C,92%,3_20260423_063902.wav,AGC,48kHz,stereo,Part1,3_20260423_063902.wav,1452.0,1455.0,1454.491625,1454.241625,1454.741625,0.0013020833333333333,0.0625,0.1705944566832045,179.8294055433168,"left,right"
Recorder 3 - 1704 to 2804,04-23-2026,07:09:03,1.92064W,50.94221N,100%,5C,92%,3_20260423_070903.wav,AGC,48kHz,stereo,Part2,3_20260423_070903.wav,900.0,903.0,902.3625208333333,902.1125208333333,902.6125208333333,0.0,0.0,0.0,180.0,"left,right"
Recorder 3 - 1704 to 2804,04-23-2026,18:42:02,1.92064W,50.94221N,100%,26C,29%,3_20260423_184202.wav,AGC,48kHz,stereo,Part1,3_20260423_184202.wav,393.0,396.0,393.8244375,393.5744375,394.0744375,0.0013020833333333333,0.0625,0.1705944566832045,179.8294055433168,"left,right"
Recorder 3 - 1704 to 2804,04-23-2026,18:42:02,1.92064W,50.94221N,100%,26C,29%,3_20260423_184202.wav,AGC,48kHz,stereo,Part1,3_20260423_184202.wav,549.0,552.0,550.6936875,550.4436875,550.9436875,0.0013020833333333333,0.0625,0.1705944566832045,179.8294055433168,"left,right"
Recorder 3 - 1704 to 2804,04-23-2026,18:42:02,1.92064W,50.94221N,100%,26C,29%,3_20260423_184202.wav,AGC,48kHz,stereo,Part1,3_20260423_184202.wav,990.0,993.0,990.6415416666666,990.3915416666666,990.8915416666666,-0.14583333333333334,-7.000000000000001,340.52033868019953,199.47966131980044,"left,right"
Recorder 3 - 1704 to 2804,04-23-2026,18:42:02,1.92064W,50.94221N,100%,26C,29%,3_20260423_184202.wav,AGC,48kHz,stereo,Part1,3_20260423_184202.wav,1731.0,1734.0,1732.9512083333334,1732.7012083333334,1733.2012083333334,-0.0013020833333333333,-0.0625,359.8294055433168,180.1705944566832,"left,right"
Recorder 3 - 1704 to 2804,04-23-2026,19:12:03,1.92064W,50.94221N,100%,26C,29%,3_20260423_191203.wav,AGC,48kHz,stereo,Part2,3_20260423_191203.wav,852.0,855.0,853.2539583333333,853.0039583333333,853.5039583333333,0.0013020833333333333,0.0625,0.1705944566832045,179.8294055433168,"left,right"
Recorder 3 - 1704 to 2804,04-23-2026,19:12:03,1.92064W,50.94221N,100%,26C,29%,3_20260423_191203.wav,AGC,48kHz,stereo,Part2,3_20260423_191203.wav,1020.0,1023.0,1020.8020625,1020.5520625,1021.0520625,-0.020833333333333332,-1.0,357.26945925055134,182.73054074944866,"left,right"
Recorder 3 - 1704 to 2804,04-23-2026,19:12:03,1.92064W,50.94221N,100%,26C,29%,3_20260423_191203.wav,AGC,48kHz,stereo,Part2,3_20260423_191203.wav,1116.0,1119.0,1116.7362083333333,1116.4862083333333,1116.9862083333333,-0.0013020833333333333,-0.0625,359.8294055433168,180.1705944566832,"left,right"
Recorder 3 - 1704 to 2804,04-23-2026,19:12:03,1.92064W,50.94221N,100%,26C,29%,3_20260423_191203.wav,AGC,48kHz,stereo,Part2,3_20260423_191203.wav,1134.0,1137.0,1136.5129166666666,1136.2629166666666,1136.7629166666666,-0.0013020833333333333,-0.0625,359.8294055433168,180.1705944566832,"left,right"
Recorder 3 - 1704 to 2804,04-23-2026,19:12:03,1.92064W,50.94221N,100%,26C,29%,3_20260423_191203.wav,AGC,48kHz,stereo,Part2,3_20260423_191203.wav,1440.0,1443.0,1440.7704583333334,1440.5204583333334,1441.0204583333334,0.01953125,0.9375,2.559764521436577,177.4402354785634,"left,right"
Recorder 3 - 1704 to 2804,04-23-2026,19:12:03,1.92064W,50.94221N,100%,26C,29%,3_20260423_191203.wav,AGC,48kHz,stereo,Part2,3_20260423_191203.wav,1467.0,1470.0,1468.7178125,1468.4678125,1468.9678125,0.0026041666666666665,0.125,0.34119042573000513,179.65880957426998,"left,right"
Recorder 3 - 1704 to 2804,04-23-2026,19:12:03,1.92064W,50.94221N,100%,26C,29%,3_20260423_191203.wav,AGC,48kHz,stereo,Part2,3_20260423_191203.wav,1659.0,1662.0,1659.9006875,1659.6506875,1660.1506875,-0.020833333333333332,-1.0,357.26945925055134,182.73054074944866,"left,right"
Recorder 3 - 1704 to 2804,04-24-2026,06:39:02,1.92064W,50.94221N,100%,3C,88%,3_20260424_063902.wav,AGC,48kHz,stereo,Part1,3_20260424_063902.wav,27.0,30.0,28.520458333333334,28.270458333333334,28.770458333333334,0.0,0.0,0.0,180.0,"left,right"
Recorder 3 - 1704 to 2804,04-24-2026,06:39:02,1.92064W,50.94221N,100%,3C,88%,3_20260424_063902.wav,AGC,48kHz,stereo,Part1,3_20260424_063902.wav,153.0,156.0,155.86320833333335,155.61320833333335,156.0,-0.01953125,-0.9375,357.4402354785634,182.5597645214366,"left,right"
Recorder 3 - 1704 to 2804,04-24-2026,06:39:02,1.92064W,50.94221N,100%,3C,88%,3_20260424_063902.wav,AGC,48kHz,stereo,Part1,3_20260424_063902.wav,516.0,519.0,517.8204791666667,517.5704791666667,518.0704791666667,-0.020833333333333332,-1.0,357.26945925055134,182.73054074944866,"left,right"
Recorder 3 - 1704 to 2804,04-24-2026,06:39:02,1.92064W,50.94221N,100%,3C,88%,3_20260424_063902.wav,AGC,48kHz,stereo,Part1,3_20260424_063902.wav,645.0,648.0,647.7641666666667,647.5141666666667,648.0,0.0,0.0,0.0,180.0,"left,right"
Recorder 3 - 1704 to 2804,04-24-2026,06:39:02,1.92064W,50.94221N,100%,3C,88%,3_20260424_063902.wav,AGC,48kHz,stereo,Part1,3_20260424_063902.wav,1371.0,1374.0,1372.7712708333333,1372.5212708333333,1373.0212708333333,0.0013020833333333333,0.0625,0.1705944566832045,179.8294055433168,"left,right"
Recorder 3 - 1704 to 2804,04-24-2026,06:39:02,1.92064W,50.94221N,100%,3C,88%,3_20260424_063902.wav,AGC,48kHz,stereo,Part1,3_20260424_063902.wav,1500.0,1503.0,1502.6015,1502.3515,1502.8515,0.0,0.0,0.0,180.0,"left,right"
Recorder 3 - 1704 to 2804,04-24-2026,07:09:03,1.92064W,50.94221N,100%,3C,88%,3_20260424_070903.wav,AGC,48kHz,stereo,Part2,3_20260424_070903.wav,693.0,696.0,695.2834583333333,695.0334583333333,695.5334583333333,-0.01953125,-0.9375,357.4402354785634,182.5597645214366,"left,right"
Recorder 3 - 1704 to 2804,04-24-2026,07:09:03,1.92064W,50.94221N,100%,3C,88%,3_20260424_070903.wav,AGC,48kHz,stereo,Part2,3_20260424_070903.wav,1641.0,1644.0,1643.391875,1643.141875,1643.641875,0.0,0.0,0.0,180.0,"left,right"
Recorder 3 - 1704 to 2804,04-24-2026,18:42:02,1.92064W,50.94221N,100%,26C,31%,3_20260424_184202.wav,AGC,48kHz,stereo,Part1,3_20260424_184202.wav,42.0,45.0,44.728458333333336,44.478458333333336,44.978458333333336,0.0,0.0,0.0,180.0,"left,right"
Recorder 3 - 1704 to 2804,04-24-2026,18:42:02,1.92064W,50.94221N,100%,26C,31%,3_20260424_184202.wav,AGC,48kHz,stereo,Part1,3_20260424_184202.wav,189.0,192.0,190.214,189.964,190.464,-0.020833333333333332,-1.0,357.26945925055134,182.73054074944866,"left,right"
Recorder 3 - 1704 to 2804,04-24-2026,18:42:02,1.92064W,50.94221N,100%,26C,31%,3_20260424_184202.wav,AGC,48kHz,stereo,Part1,3_20260424_184202.wav,210.0,213.0,210.9006875,210.6506875,211.1506875,-0.022135416666666668,-1.0625,357.0986587424351,182.90134125756492,"left,right"
Recorder 3 - 1704 to 2804,04-24-2026,18:42:02,1.92064W,50.94221N,100%,26C,31%,3_20260424_184202.wav,AGC,48kHz,stereo,Part1,3_20260424_184202.wav,330.0,333.0,331.50575,331.25575,331.75575,0.0013020833333333333,0.0625,0.1705944566832045,179.8294055433168,"left,right"
Recorder 3 - 1704 to 2804,04-24-2026,18:42:02,1.92064W,50.94221N,100%,26C,31%,3_20260424_184202.wav,AGC,48kHz,stereo,Part1,3_20260424_184202.wav,369.0,372.0,371.79127083333333,371.54127083333333,372.0,0.0,0.0,0.0,180.0,"left,right"
Recorder 3 - 1704 to 2804,04-24-2026,18:42:02,1.92064W,50.94221N,100%,26C,31%,3_20260424_184202.wav,AGC,48kHz,stereo,Part1,3_20260424_184202.wav,495.0,498.0,497.2654375,497.0154375,497.5154375,-0.01953125,-0.9375,357.4402354785634,182.5597645214366,"left,right"
Recorder 3 - 1704 to 2804,04-24-2026,18:42:02,1.92064W,50.94221N,100%,26C,31%,3_20260424_184202.wav,AGC,48kHz,stereo,Part1,3_20260424_184202.wav,540.0,543.0,542.4636041666666,542.2136041666666,542.7136041666666,0.0,0.0,0.0,180.0,"left,right"
Recorder 3 - 1704 to 2804,04-24-2026,18:42:02,1.92064W,50.94221N,100%,26C,31%,3_20260424_184202.wav,AGC,48kHz,stereo,Part1,3_20260424_184202.wav,783.0,786.0,785.64175,785.39175,785.89175,-0.018229166666666668,-0.8750000000000001,357.6109889533793,182.38901104662065,"left,right"
Recorder 3 - 1704 to 2804,04-24-2026,18:42:02,1.92064W,50.94221N,100%,26C,31%,3_20260424_184202.wav,AGC,48kHz,stereo,Part1,3_20260424_184202.wav,954.0,957.0,956.2336666666666,955.9836666666666,956.4836666666666,0.0,0.0,0.0,180.0,"left,right"
Recorder 3 - 1704 to 2804,04-24-2026,18:42:02,1.92064W,50.94221N,100%,26C,31%,3_20260424_184202.wav,AGC,48kHz,stereo,Part1,3_20260424_184202.wav,990.0,993.0,992.3228958333333,992.0728958333333,992.5728958333333,0.0013020833333333333,0.0625,0.1705944566832045,179.8294055433168,"left,right"
Recorder 3 - 1704 to 2804,04-24-2026,18:42:02,1.92064W,50.94221N,100%,26C,31%,3_20260424_184202.wav,AGC,48kHz,stereo,Part1,3_20260424_184202.wav,1065.0,1068.0,1066.6507083333333,1066.4007083333333,1066.9007083333333,-0.2708333333333333,-13.0,321.73455982235123,218.2654401776488,"left,right"
Recorder 3 - 1704 to 2804,04-24-2026,18:42:02,1.92064W,50.94221N,100%,26C,31%,3_20260424_184202.wav,AGC,48kHz,stereo,Part1,3_20260424_184202.wav,1188.0,1191.0,1190.9311666666667,1190.6811666666667,1191.0,0.0,0.0,0.0,180.0,"left,right"
Recorder 3 - 1704 to 2804,04-24-2026,18:42:02,1.92064W,50.94221N,100%,26C,31%,3_20260424_184202.wav,AGC,48kHz,stereo,Part1,3_20260424_184202.wav,1197.0,1200.0,1197.781125,1197.531125,1198.031125,-0.020833333333333332,-1.0,357.26945925055134,182.73054074944866,"left,right"
Recorder 3 - 1704 to 2804,04-24-2026,18:42:02,1.92064W,50.94221N,100%,26C,31%,3_20260424_184202.wav,AGC,48kHz,stereo,Part1,3_20260424_184202.wav,1308.0,1311.0,1308.0822083333333,1308.0,1308.3322083333333,0.0625,3.0,8.216656522292524,171.7833434777075,"left,right"
Recorder 3 - 1704 to 2804,04-24-2026,18:42:02,1.92064W,50.94221N,100%,26C,31%,3_20260424_184202.wav,AGC,48kHz,stereo,Part1,3_20260424_184202.wav,1413.0,1416.0,1415.4500416666667,1415.2000416666667,1415.7000416666667,0.0013020833333333333,0.0625,0.1705944566832045,179.8294055433168,"left,right"
Recorder 3 - 1704 to 2804,04-24-2026,18:42:02,1.92064W,50.94221N,100%,26C,31%,3_20260424_184202.wav,AGC,48kHz,stereo,Part1,3_20260424_184202.wav,1500.0,1503.0,1501.5478541666666,1501.2978541666666,1501.7978541666666,-0.0013020833333333333,-0.0625,359.8294055433168,180.1705944566832,"left,right"
Recorder 3 - 1704 to 2804,04-24-2026,18:42:02,1.92064W,50.94221N,100%,26C,31%,3_20260424_184202.wav,AGC,48kHz,stereo,Part1,3_20260424_184202.wav,1704.0,1707.0,1706.3251458333334,1706.0751458333334,1706.5751458333334,-0.0013020833333333333,-0.0625,359.8294055433168,180.1705944566832,"left,right"
Recorder 3 - 1704 to 2804,04-24-2026,19:12:03,1.92064W,50.94221N,100%,26C,31%,3_20260424_191203.wav,AGC,48kHz,stereo,Part2,3_20260424_191203.wav,6.0,9.0,7.040208333333333,6.790208333333333,7.290208333333333,-0.01953125,-0.9375,357.4402354785634,182.5597645214366,"left,right"
Recorder 3 - 1704 to 2804,04-24-2026,19:12:03,1.92064W,50.94221N,100%,26C,31%,3_20260424_191203.wav,AGC,48kHz,stereo,Part2,3_20260424_191203.wav,198.0,201.0,200.61085416666666,200.36085416666666,200.86085416666666,0.020833333333333332,1.0,2.730540749448636,177.26945925055136,"left,right"
Recorder 3 - 1704 to 2804,04-24-2026,19:12:03,1.92064W,50.94221N,100%,26C,31%,3_20260424_191203.wav,AGC,48kHz,stereo,Part2,3_20260424_191203.wav,201.0,204.0,201.01002083333333,201.0,201.26002083333333,0.020833333333333332,1.0,2.730540749448636,177.26945925055136,"left,right"
Recorder 3 - 1704 to 2804,04-24-2026,19:12:03,1.92064W,50.94221N,100%,26C,31%,3_20260424_191203.wav,AGC,48kHz,stereo,Part2,3_20260424_191203.wav,288.0,291.0,289.66741666666667,289.41741666666667,289.91741666666667,0.01953125,0.9375,2.559764521436577,177.4402354785634,"left,right"
Recorder 3 - 1704 to 2804,04-24-2026,19:12:03,1.92064W,50.94221N,100%,26C,31%,3_20260424_191203.wav,AGC,48kHz,stereo,Part2,3_20260424_191203.wav,357.0,360.0,357.5115833333333,357.2615833333333,357.7615833333333,0.0,0.0,0.0,180.0,"left,right"
Recorder 3 - 1704 to 2804,04-24-2026,19:12:03,1.92064W,50.94221N,100%,26C,31%,3_20260424_191203.wav,AGC,48kHz,stereo,Part2,3_20260424_191203.wav,468.0,471.0,468.9200625,468.6700625,469.1700625,0.0,0.0,0.0,180.0,"left,right"
Recorder 3 - 1704 to 2804,04-24-2026,19:12:03,1.92064W,50.94221N,100%,26C,31%,3_20260424_191203.wav,AGC,48kHz,stereo,Part2,3_20260424_191203.wav,576.0,579.0,578.8074166666667,578.5574166666667,579.0,-0.020833333333333332,-1.0,357.26945925055134,182.73054074944866,"left,right"
Recorder 3 - 1704 to 2804,04-24-2026,19:12:03,1.92064W,50.94221N,100%,26C,31%,3_20260424_191203.wav,AGC,48kHz,stereo,Part2,3_20260424_191203.wav,579.0,582.0,579.10325,579.0,579.35325,0.0013020833333333333,0.0625,0.1705944566832045,179.8294055433168,"left,right"
Recorder 3 - 1704 to 2804,04-24-2026,19:12:03,1.92064W,50.94221N,100%,26C,31%,3_20260424_191203.wav,AGC,48kHz,stereo,Part2,3_20260424_191203.wav,816.0,819.0,818.7011666666667,818.4511666666667,818.9511666666667,-0.0013020833333333333,-0.0625,359.8294055433168,180.1705944566832,"left,right"
Recorder 3 - 1704 to 2804,04-24-2026,19:12:03,1.92064W,50.94221N,100%,26C,31%,3_20260424_191203.wav,AGC,48kHz,stereo,Part2,3_20260424_191203.wav,819.0,822.0,819.0100208333333,819.0,819.2600208333333,0.0,0.0,0.0,180.0,"left,right"
Recorder 3 - 1704 to 2804,04-24-2026,19:12:03,1.92064W,50.94221N,100%,26C,31%,3_20260424_191203.wav,AGC,48kHz,stereo,Part2,3_20260424_191203.wav,906.0,909.0,908.9887083333333,908.7387083333333,909.0,-0.0013020833333333333,-0.0625,359.8294055433168,180.1705944566832,"left,right"
Recorder 3 - 1704 to 2804,04-24-2026,19:12:03,1.92064W,50.94221N,100%,26C,31%,3_20260424_191203.wav,AGC,48kHz,stereo,Part2,3_20260424_191203.wav,996.0,999.0,996.5682916666667,996.3182916666667,996.8182916666667,-0.01953125,-0.9375,357.4402354785634,182.5597645214366,"left,right"
Recorder 3 - 1704 to 2804,04-24-2026,19:12:03,1.92064W,50.94221N,100%,26C,31%,3_20260424_191203.wav,AGC,48kHz,stereo,Part2,3_20260424_191203.wav,1086.0,1089.0,1088.7830833333333,1088.5330833333333,1089.0,-0.0013020833333333333,-0.0625,359.8294055433168,180.1705944566832,"left,right"
Recorder 3 - 1704 to 2804,04-24-2026,19:12:03,1.92064W,50.94221N,100%,26C,31%,3_20260424_191203.wav,AGC,48kHz,stereo,Part2,3_20260424_191203.wav,1158.0,1161.0,1159.6082291666667,1159.3582291666667,1159.8582291666667,-0.061197916666666664,-2.9375,351.955669880539,188.044330119461,"left,right"
Recorder 3 - 1704 to 2804,04-24-2026,19:12:03,1.92064W,50.94221N,100%,26C,31%,3_20260424_191203.wav,AGC,48kHz,stereo,Part2,3_20260424_191203.wav,1182.0,1185.0,1182.0759375,1182.0,1182.3259375,0.0,0.0,0.0,180.0,"left,right"
Recorder 3 - 1704 to 2804,04-24-2026,19:12:03,1.92064W,50.94221N,100%,26C,31%,3_20260424_191203.wav,AGC,48kHz,stereo,Part2,3_20260424_191203.wav,1281.0,1284.0,1283.8805,1283.6305,1284.0,0.0013020833333333333,0.0625,0.1705944566832045,179.8294055433168,"left,right"
Recorder 3 - 1704 to 2804,04-24-2026,19:12:03,1.92064W,50.94221N,100%,26C,31%,3_20260424_191203.wav,AGC,48kHz,stereo,Part2,3_20260424_191203.wav,1389.0,1392.0,1390.4631458333333,1390.2131458333333,1390.7131458333333,0.0,0.0,0.0,180.0,"left,right"
Recorder 3 - 1704 to 2804,04-24-2026,19:12:03,1.92064W,50.94221N,100%,26C,31%,3_20260424_191203.wav,AGC,48kHz,stereo,Part2,3_20260424_191203.wav,1449.0,1452.0,1449.1176041666668,1449.0,1449.3676041666668,-0.020833333333333332,-1.0,357.26945925055134,182.73054074944866,"left,right"
Recorder 3 - 1704 to 2804,04-24-2026,19:12:03,1.92064W,50.94221N,100%,26C,31%,3_20260424_191203.wav,AGC,48kHz,stereo,Part2,3_20260424_191203.wav,1554.0,1557.0,1554.5108958333333,1554.2608958333333,1554.7608958333333,0.020833333333333332,1.0,2.730540749448636,177.26945925055136,"left,right"
Recorder 3 - 1704 to 2804,04-24-2026,19:12:03,1.92064W,50.94221N,100%,26C,31%,3_20260424_191203.wav,AGC,48kHz,stereo,Part2,3_20260424_191203.wav,1623.0,1626.0,1624.3602291666666,1624.1102291666666,1624.6102291666666,-0.0013020833333333333,-0.0625,359.8294055433168,180.1705944566832,"left,right"
Recorder 3 - 1704 to 2804,04-24-2026,19:12:03,1.92064W,50.94221N,100%,26C,31%,3_20260424_191203.wav,AGC,48kHz,stereo,Part2,3_20260424_191203.wav,1776.0,1779.0,1777.856625,1777.606625,1778.106625,0.020833333333333332,1.0,2.730540749448636,177.26945925055136,"left,right"
Recorder 3 - 1704 to 2804,04-25-2026,06:39:02,1.92064W,50.94221N,100%,6C,48%,3_20260425_063902.wav,AGC,48kHz,stereo,Part1,3_20260425_063902.wav,0.0,3.0,0.7101041666666666,0.46010416666666665,0.9601041666666666,-0.020833333333333332,-1.0,357.26945925055134,182.73054074944866,"left,right"
Recorder 3 - 1704 to 2804,04-25-2026,06:39:02,1.92064W,50.94221N,100%,6C,48%,3_20260425_063902.wav,AGC,48kHz,stereo,Part1,3_20260425_063902.wav,204.0,207.0,206.59975,206.34975,206.84975,-0.0013020833333333333,-0.0625,359.8294055433168,180.1705944566832,"left,right"
Recorder 3 - 1704 to 2804,04-25-2026,06:39:02,1.92064W,50.94221N,100%,6C,48%,3_20260425_063902.wav,AGC,48kHz,stereo,Part1,3_20260425_063902.wav,237.0,240.0,237.7774375,237.5274375,238.0274375,-0.01953125,-0.9375,357.4402354785634,182.5597645214366,"left,right"
Recorder 3 - 1704 to 2804,04-25-2026,06:39:02,1.92064W,50.94221N,100%,6C,48%,3_20260425_063902.wav,AGC,48kHz,stereo,Part1,3_20260425_063902.wav,357.0,360.0,358.1895,357.9395,358.4395,0.0,0.0,0.0,180.0,"left,right"
Recorder 3 - 1704 to 2804,04-25-2026,06:39:02,1.92064W,50.94221N,100%,6C,48%,3_20260425_063902.wav,AGC,48kHz,stereo,Part1,3_20260425_063902.wav,414.0,417.0,416.3685625,416.1185625,416.6185625,-0.0013020833333333333,-0.0625,359.8294055433168,180.1705944566832,"left,right"
Recorder 3 - 1704 to 2804,04-25-2026,06:39:02,1.92064W,50.94221N,100%,6C,48%,3_20260425_063902.wav,AGC,48kHz,stereo,Part1,3_20260425_063902.wav,459.0,462.0,461.065375,460.815375,461.315375,-0.0013020833333333333,-0.0625,359.8294055433168,180.1705944566832,"left,right"
Recorder 3 - 1704 to 2804,04-25-2026,06:39:02,1.92064W,50.94221N,100%,6C,48%,3_20260425_063902.wav,AGC,48kHz,stereo,Part1,3_20260425_063902.wav,528.0,531.0,528.976125,528.726125,529.226125,0.0,0.0,0.0,180.0,"left,right"
Recorder 3 - 1704 to 2804,04-25-2026,06:39:02,1.92064W,50.94221N,100%,6C,48%,3_20260425_063902.wav,AGC,48kHz,stereo,Part1,3_20260425_063902.wav,558.0,561.0,558.6292708333333,558.3792708333333,558.8792708333333,-0.23046875,-11.0625,328.19666875824436,211.80333124175564,"left,right"
Recorder 3 - 1704 to 2804,04-25-2026,06:39:02,1.92064W,50.94221N,100%,6C,48%,3_20260425_063902.wav,AGC,48kHz,stereo,Part1,3_20260425_063902.wav,600.0,603.0,600.0854791666667,600.0,600.3354791666667,0.0,0.0,0.0,180.0,"left,right"
Recorder 3 - 1704 to 2804,04-25-2026,06:39:02,1.92064W,50.94221N,100%,6C,48%,3_20260425_063902.wav,AGC,48kHz,stereo,Part1,3_20260425_063902.wav,684.0,687.0,685.2727708333333,685.0227708333333,685.5227708333333,0.01953125,0.9375,2.559764521436577,177.4402354785634,"left,right"
Recorder 3 - 1704 to 2804,04-25-2026,06:39:02,1.92064W,50.94221N,100%,6C,48%,3_20260425_063902.wav,AGC,48kHz,stereo,Part1,3_20260425_063902.wav,738.0,741.0,740.0828125,739.8328125,740.3328125,0.0,0.0,0.0,180.0,"left,right"
Recorder 3 - 1704 to 2804,04-25-2026,06:39:02,1.92064W,50.94221N,100%,6C,48%,3_20260425_063902.wav,AGC,48kHz,stereo,Part1,3_20260425_063902.wav,864.0,867.0,864.707,864.457,864.957,-0.020833333333333332,-1.0,357.26945925055134,182.73054074944866,"left,right"
Recorder 3 - 1704 to 2804,04-25-2026,06:39:02,1.92064W,50.94221N,100%,6C,48%,3_20260425_063902.wav,AGC,48kHz,stereo,Part1,3_20260425_063902.wav,924.0,927.0,926.9192708333334,926.6692708333334,927.0,0.0,0.0,0.0,180.0,"left,right"
Recorder 3 - 1704 to 2804,04-25-2026,06:39:02,1.92064W,50.94221N,100%,6C,48%,3_20260425_063902.wav,AGC,48kHz,stereo,Part1,3_20260425_063902.wav,927.0,930.0,927.1788333333334,927.0,927.4288333333334,0.0,0.0,0.0,180.0,"left,right"
Recorder 3 - 1704 to 2804,04-25-2026,06:39:02,1.92064W,50.94221N,100%,6C,48%,3_20260425_063902.wav,AGC,48kHz,stereo,Part1,3_20260425_063902.wav,1038.0,1041.0,1038.8039166666667,1038.5539166666667,1039.0539166666667,0.0,0.0,0.0,180.0,"left,right"
Recorder 3 - 1704 to 2804,04-25-2026,06:39:02,1.92064W,50.94221N,100%,6C,48%,3_20260425_063902.wav,AGC,48kHz,stereo,Part1,3_20260425_063902.wav,1053.0,1056.0,1053.2244791666667,1053.0,1053.4744791666667,-0.0013020833333333333,-0.0625,359.8294055433168,180.1705944566832,"left,right"
Recorder 3 - 1704 to 2804,04-25-2026,06:39:02,1.92064W,50.94221N,100%,6C,48%,3_20260425_063902.wav,AGC,48kHz,stereo,Part1,3_20260425_063902.wav,1137.0,1140.0,1137.328375,1137.078375,1137.578375,0.01953125,0.9375,2.559764521436577,177.4402354785634,"left,right"
Recorder 3 - 1704 to 2804,04-25-2026,06:39:02,1.92064W,50.94221N,100%,6C,48%,3_20260425_063902.wav,AGC,48kHz,stereo,Part1,3_20260425_063902.wav,1257.0,1260.0,1258.5790625,1258.3290625,1258.8290625,0.0,0.0,0.0,180.0,"left,right"
Recorder 3 - 1704 to 2804,04-25-2026,06:39:02,1.92064W,50.94221N,100%,6C,48%,3_20260425_063902.wav,AGC,48kHz,stereo,Part1,3_20260425_063902.wav,1554.0,1557.0,1554.4103541666666,1554.1603541666666,1554.6603541666666,-0.0013020833333333333,-0.0625,359.8294055433168,180.1705944566832,"left,right"
Recorder 3 - 1704 to 2804,04-25-2026,06:39:02,1.92064W,50.94221N,100%,6C,48%,3_20260425_063902.wav,AGC,48kHz,stereo,Part1,3_20260425_063902.wav,1692.0,1695.0,1694.6638541666666,1694.4138541666666,1694.9138541666666,0.018229166666666668,0.8750000000000001,2.389011046620638,177.61098895337938,"left,right"
Recorder 3 - 1704 to 2804,04-25-2026,07:09:03,1.92064W,50.94221N,100%,6C,48%,3_20260425_070903.wav,AGC,48kHz,stereo,Part2,3_20260425_070903.wav,144.0,147.0,145.01895833333333,144.76895833333333,145.26895833333333,-0.020833333333333332,-1.0,357.26945925055134,182.73054074944866,"left,right"
Recorder 3 - 1704 to 2804,04-25-2026,07:09:03,1.92064W,50.94221N,100%,6C,48%,3_20260425_070903.wav,AGC,48kHz,stereo,Part2,3_20260425_070903.wav,315.0,318.0,316.651625,316.401625,316.901625,-0.0013020833333333333,-0.0625,359.8294055433168,180.1705944566832,"left,right"
Recorder 3 - 1704 to 2804,04-25-2026,07:09:03,1.92064W,50.94221N,100%,6C,48%,3_20260425_070903.wav,AGC,48kHz,stereo,Part2,3_20260425_070903.wav,681.0,684.0,682.3380416666666,682.0880416666666,682.5880416666666,0.0,0.0,0.0,180.0,"left,right"
Recorder 3 - 1704 to 2804,04-25-2026,07:09:03,1.92064W,50.94221N,100%,6C,48%,3_20260425_070903.wav,AGC,48kHz,stereo,Part2,3_20260425_070903.wav,744.0,747.0,744.5790416666666,744.3290416666666,744.8290416666666,0.0,0.0,0.0,180.0,"left,right"
Recorder 3 - 1704 to 2804,04-25-2026,07:09:03,1.92064W,50.94221N,100%,6C,48%,3_20260425_070903.wav,AGC,48kHz,stereo,Part2,3_20260425_070903.wav,885.0,888.0,885.4720625,885.2220625,885.7220625,0.020833333333333332,1.0,2.730540749448636,177.26945925055136,"left,right"
Recorder 3 - 1704 to 2804,04-25-2026,18:42:02,1.92064W,50.94221N,100%,22C,32%,3_20260425_184202.wav,AGC,48kHz,stereo,Part1,3_20260425_184202.wav,0.0,3.0,2.984125,2.734125,3.0,0.0013020833333333333,0.0625,0.1705944566832045,179.8294055433168,"left,right"
Recorder 3 - 1704 to 2804,04-25-2026,18:42:02,1.92064W,50.94221N,100%,22C,32%,3_20260425_184202.wav,AGC,48kHz,stereo,Part1,3_20260425_184202.wav,3.0,6.0,3.1478125,3.0,3.3978125,0.0026041666666666665,0.125,0.34119042573000513,179.65880957426998,"left,right"
Recorder 3 - 1704 to 2804,04-25-2026,18:42:02,1.92064W,50.94221N,100%,22C,32%,3_20260425_184202.wav,AGC,48kHz,stereo,Part1,3_20260425_184202.wav,90.0,93.0,92.43764583333333,92.18764583333333,92.68764583333333,0.0,0.0,0.0,180.0,"left,right"
Recorder 3 - 1704 to 2804,04-25-2026,18:42:02,1.92064W,50.94221N,100%,22C,32%,3_20260425_184202.wav,AGC,48kHz,stereo,Part1,3_20260425_184202.wav,153.0,156.0,155.899,155.649,156.0,0.01953125,0.9375,2.559764521436577,177.4402354785634,"left,right"
Recorder 3 - 1704 to 2804,04-25-2026,18:42:02,1.92064W,50.94221N,100%,22C,32%,3_20260425_184202.wav,AGC,48kHz,stereo,Part1,3_20260425_184202.wav,156.0,159.0,156.0100625,156.0,156.2600625,0.0,0.0,0.0,180.0,"left,right"
Recorder 3 - 1704 to 2804,04-25-2026,18:42:02,1.92064W,50.94221N,100%,22C,32%,3_20260425_184202.wav,AGC,48kHz,stereo,Part1,3_20260425_184202.wav,204.0,207.0,204.17595833333334,204.0,204.42595833333334,0.0,0.0,0.0,180.0,"left,right"
Recorder 3 - 1704 to 2804,04-25-2026,18:42:02,1.92064W,50.94221N,100%,22C,32%,3_20260425_184202.wav,AGC,48kHz,stereo,Part1,3_20260425_184202.wav,258.0,261.0,258.07279166666666,258.0,258.32279166666666,0.0,0.0,0.0,180.0,"left,right"
Recorder 3 - 1704 to 2804,04-25-2026,18:42:02,1.92064W,50.94221N,100%,22C,32%,3_20260425_184202.wav,AGC,48kHz,stereo,Part1,3_20260425_184202.wav,345.0,348.0,346.50275,346.25275,346.75275,0.0,0.0,0.0,180.0,"left,right"
Recorder 3 - 1704 to 2804,04-25-2026,18:42:02,1.92064W,50.94221N,100%,22C,32%,3_20260425_184202.wav,AGC,48kHz,stereo,Part1,3_20260425_184202.wav,408.0,411.0,408.8010208333333,408.5510208333333,409.0510208333333,0.0,0.0,0.0,180.0,"left,right"
Recorder 3 - 1704 to 2804,04-25-2026,18:42:02,1.92064W,50.94221N,100%,22C,32%,3_20260425_184202.wav,AGC,48kHz,stereo,Part1,3_20260425_184202.wav,513.0,516.0,514.5792916666667,514.3292916666667,514.8292916666667,0.0,0.0,0.0,180.0,"left,right"
Recorder 3 - 1704 to 2804,04-25-2026,18:42:02,1.92064W,50.94221N,100%,22C,32%,3_20260425_184202.wav,AGC,48kHz,stereo,Part1,3_20260425_184202.wav,576.0,579.0,578.0021875,577.7521875,578.2521875,0.01953125,0.9375,2.559764521436577,177.4402354785634,"left,right"
Recorder 3 - 1704 to 2804,04-25-2026,18:42:02,1.92064W,50.94221N,100%,22C,32%,3_20260425_184202.wav,AGC,48kHz,stereo,Part1,3_20260425_184202.wav,606.0,609.0,607.1894583333333,606.9394583333333,607.4394583333333,0.3528645833333333,16.9375,53.79256648265892,126.20743351734109,"left,right"
Recorder 3 - 1704 to 2804,04-25-2026,18:42:02,1.92064W,50.94221N,100%,22C,32%,3_20260425_184202.wav,AGC,48kHz,stereo,Part1,3_20260425_184202.wav,765.0,768.0,765.9449166666667,765.6949166666667,766.1949166666667,0.0,0.0,0.0,180.0,"left,right"
Recorder 3 - 1704 to 2804,04-25-2026,18:42:02,1.92064W,50.94221N,100%,22C,32%,3_20260425_184202.wav,AGC,48kHz,stereo,Part1,3_20260425_184202.wav,783.0,786.0,785.1864583333333,784.9364583333333,785.4364583333333,-0.01953125,-0.9375,357.4402354785634,182.5597645214366,"left,right"
Recorder 3 - 1704 to 2804,04-25-2026,18:42:02,1.92064W,50.94221N,100%,22C,32%,3_20260425_184202.wav,AGC,48kHz,stereo,Part1,3_20260425_184202.wav,831.0,834.0,833.0988333333333,832.8488333333333,833.3488333333333,0.375,18.0,59.03703129067228,120.96296870932773,"left,right"
Recorder 3 - 1704 to 2804,04-25-2026,18:42:02,1.92064W,50.94221N,100%,22C,32%,3_20260425_184202.wav,AGC,48kHz,stereo,Part1,3_20260425_184202.wav,924.0,927.0,924.4503333333333,924.2003333333333,924.7003333333333,0.0,0.0,0.0,180.0,"left,right"
Recorder 3 - 1704 to 2804,04-25-2026,18:42:02,1.92064W,50.94221N,100%,22C,32%,3_20260425_184202.wav,AGC,48kHz,stereo,Part1,3_20260425_184202.wav,1026.0,1029.0,1026.6039375,1026.3539375,1026.8539375,0.020833333333333332,1.0,2.730540749448636,177.26945925055136,"left,right"
Recorder 3 - 1704 to 2804,04-25-2026,18:42:02,1.92064W,50.94221N,100%,22C,32%,3_20260425_184202.wav,AGC,48kHz,stereo,Part1,3_20260425_184202.wav,1116.0,1119.0,1117.1878958333334,1116.9378958333334,1117.4378958333334,0.0,0.0,0.0,180.0,"left,right"
Recorder 3 - 1704 to 2804,04-25-2026,18:42:02,1.92064W,50.94221N,100%,22C,32%,3_20260425_184202.wav,AGC,48kHz,stereo,Part1,3_20260425_184202.wav,1329.0,1332.0,1331.0546458333333,1330.8046458333333,1331.3046458333333,0.0013020833333333333,0.0625,0.1705944566832045,179.8294055433168,"left,right"
Recorder 3 - 1704 to 2804,04-25-2026,18:42:02,1.92064W,50.94221N,100%,22C,32%,3_20260425_184202.wav,AGC,48kHz,stereo,Part1,3_20260425_184202.wav,1407.0,1410.0,1409.2173125,1408.9673125,1409.4673125,0.0,0.0,0.0,180.0,"left,right"
Recorder 3 - 1704 to 2804,04-25-2026,18:42:02,1.92064W,50.94221N,100%,22C,32%,3_20260425_184202.wav,AGC,48kHz,stereo,Part1,3_20260425_184202.wav,1500.0,1503.0,1501.8170625,1501.5670625,1502.0670625,0.0,0.0,0.0,180.0,"left,right"
Recorder 3 - 1704 to 2804,04-25-2026,18:42:02,1.92064W,50.94221N,100%,22C,32%,3_20260425_184202.wav,AGC,48kHz,stereo,Part1,3_20260425_184202.wav,1551.0,1554.0,1552.3063541666668,1552.0563541666668,1552.5563541666668,-0.0013020833333333333,-0.0625,359.8294055433168,180.1705944566832,"left,right"
Recorder 3 - 1704 to 2804,04-25-2026,18:42:02,1.92064W,50.94221N,100%,22C,32%,3_20260425_184202.wav,AGC,48kHz,stereo,Part1,3_20260425_184202.wav,1662.0,1665.0,1664.7917708333334,1664.5417708333334,1665.0,0.0,0.0,0.0,180.0,"left,right"
Recorder 3 - 1704 to 2804,04-25-2026,18:42:02,1.92064W,50.94221N,100%,22C,32%,3_20260425_184202.wav,AGC,48kHz,stereo,Part1,3_20260425_184202.wav,1665.0,1668.0,1665.1078125,1665.0,1665.3578125,-0.0013020833333333333,-0.0625,359.8294055433168,180.1705944566832,"left,right"
Recorder 3 - 1704 to 2804,04-25-2026,19:12:03,1.92064W,50.94221N,100%,22C,32%,3_20260425_191203.wav,AGC,48kHz,stereo,Part2,3_20260425_191203.wav,0.0,3.0,2.5577708333333335,2.3077708333333335,2.8077708333333335,0.0,0.0,0.0,180.0,"left,right"
Recorder 3 - 1704 to 2804,04-25-2026,19:12:03,1.92064W,50.94221N,100%,22C,32%,3_20260425_191203.wav,AGC,48kHz,stereo,Part2,3_20260425_191203.wav,48.0,51.0,49.93954166666666,49.68954166666666,50.18954166666666,0.0026041666666666665,0.125,0.34119042573000513,179.65880957426998,"left,right"
Recorder 3 - 1704 to 2804,04-25-2026,19:12:03,1.92064W,50.94221N,100%,22C,32%,3_20260425_191203.wav,AGC,48kHz,stereo,Part2,3_20260425_191203.wav,90.0,93.0,90.48289583333333,90.23289583333333,90.73289583333333,0.0,0.0,0.0,180.0,"left,right"
Recorder 3 - 1704 to 2804,04-25-2026,19:12:03,1.92064W,50.94221N,100%,22C,32%,3_20260425_191203.wav,AGC,48kHz,stereo,Part2,3_20260425_191203.wav,150.0,153.0,151.97554166666666,151.72554166666666,152.22554166666666,0.01953125,0.9375,2.559764521436577,177.4402354785634,"left,right"
Recorder 3 - 1704 to 2804,04-25-2026,19:12:03,1.92064W,50.94221N,100%,22C,32%,3_20260425_191203.wav,AGC,48kHz,stereo,Part2,3_20260425_191203.wav,177.0,180.0,178.97485416666666,178.72485416666666,179.22485416666666,0.0,0.0,0.0,180.0,"left,right"
Recorder 3 - 1704 to 2804,04-25-2026,19:12:03,1.92064W,50.94221N,100%,22C,32%,3_20260425_191203.wav,AGC,48kHz,stereo,Part2,3_20260425_191203.wav,258.0,261.0,260.85225,260.60225,261.0,0.0013020833333333333,0.0625,0.1705944566832045,179.8294055433168,"left,right"
Recorder 3 - 1704 to 2804,04-25-2026,19:12:03,1.92064W,50.94221N,100%,22C,32%,3_20260425_191203.wav,AGC,48kHz,stereo,Part2,3_20260425_191203.wav,288.0,291.0,289.9635416666667,289.7135416666667,290.2135416666667,0.0,0.0,0.0,180.0,"left,right"
Recorder 3 - 1704 to 2804,04-25-2026,19:12:03,1.92064W,50.94221N,100%,22C,32%,3_20260425_191203.wav,AGC,48kHz,stereo,Part2,3_20260425_191203.wav,378.0,381.0,378.6155416666667,378.3655416666667,378.8655416666667,0.0,0.0,0.0,180.0,"left,right"
Recorder 3 - 1704 to 2804,04-25-2026,19:12:03,1.92064W,50.94221N,100%,22C,32%,3_20260425_191203.wav,AGC,48kHz,stereo,Part2,3_20260425_191203.wav,405.0,408.0,407.68441666666666,407.43441666666666,407.93441666666666,0.0,0.0,0.0,180.0,"left,right"
Recorder 3 - 1704 to 2804,04-25-2026,19:12:03,1.92064W,50.94221N,100%,22C,32%,3_20260425_191203.wav,AGC,48kHz,stereo,Part2,3_20260425_191203.wav,459.0,462.0,461.7545416666667,461.5045416666667,462.0,0.0,0.0,0.0,180.0,"left,right"
Recorder 3 - 1704 to 2804,04-25-2026,19:12:03,1.92064W,50.94221N,100%,22C,32%,3_20260425_191203.wav,AGC,48kHz,stereo,Part2,3_20260425_191203.wav,462.0,465.0,462.21158333333335,462.0,462.46158333333335,0.0,0.0,0.0,180.0,"left,right"
Recorder 3 - 1704 to 2804,04-25-2026,19:12:03,1.92064W,50.94221N,100%,22C,32%,3_20260425_191203.wav,AGC,48kHz,stereo,Part2,3_20260425_191203.wav,534.0,537.0,534.247,534.0,534.497,-0.022135416666666668,-1.0625,357.0986587424351,182.90134125756492,"left,right"
Recorder 3 - 1704 to 2804,04-25-2026,19:12:03,1.92064W,50.94221N,100%,22C,32%,3_20260425_191203.wav,AGC,48kHz,stereo,Part2,3_20260425_191203.wav,792.0,795.0,793.9977083333333,793.7477083333333,794.2477083333333,0.0,0.0,0.0,180.0,"left,right"
Recorder 3 - 1704 to 2804,04-25-2026,19:12:03,1.92064W,50.94221N,100%,22C,32%,3_20260425_191203.wav,AGC,48kHz,stereo,Part2,3_20260425_191203.wav,846.0,849.0,846.7460625,846.4960625,846.9960625,0.01953125,0.9375,2.559764521436577,177.4402354785634,"left,right"
Recorder 3 - 1704 to 2804,04-25-2026,19:12:03,1.92064W,50.94221N,100%,22C,32%,3_20260425_191203.wav,AGC,48kHz,stereo,Part2,3_20260425_191203.wav,918.0,921.0,919.1215625,918.8715625,919.3715625,0.01953125,0.9375,2.559764521436577,177.4402354785634,"left,right"
Recorder 3 - 1704 to 2804,04-25-2026,19:12:03,1.92064W,50.94221N,100%,22C,32%,3_20260425_191203.wav,AGC,48kHz,stereo,Part2,3_20260425_191203.wav,960.0,963.0,961.6515208333333,961.4015208333333,961.9015208333333,0.0013020833333333333,0.0625,0.1705944566832045,179.8294055433168,"left,right"
Recorder 3 - 1704 to 2804,04-25-2026,19:12:03,1.92064W,50.94221N,100%,22C,32%,3_20260425_191203.wav,AGC,48kHz,stereo,Part2,3_20260425_191203.wav,1065.0,1068.0,1067.7381458333334,1067.4881458333334,1067.9881458333334,0.020833333333333332,1.0,2.730540749448636,177.26945925055136,"left,right"
Recorder 3 - 1704 to 2804,04-25-2026,19:12:03,1.92064W,50.94221N,100%,22C,32%,3_20260425_191203.wav,AGC,48kHz,stereo,Part2,3_20260425_191203.wav,1152.0,1155.0,1153.8778958333332,1153.6278958333332,1154.1278958333332,0.37369791666666663,17.9375,58.707030274748746,121.29296972525125,"left,right"
Recorder 3 - 1704 to 2804,04-25-2026,19:12:03,1.92064W,50.94221N,100%,22C,32%,3_20260425_191203.wav,AGC,48kHz,stereo,Part2,3_20260425_191203.wav,1260.0,1263.0,1261.0393125,1260.7893125,1261.2893125,-0.0013020833333333333,-0.0625,359.8294055433168,180.1705944566832,"left,right"
Recorder 3 - 1704 to 2804,04-25-2026,19:12:03,1.92064W,50.94221N,100%,22C,32%,3_20260425_191203.wav,AGC,48kHz,stereo,Part2,3_20260425_191203.wav,1425.0,1428.0,1427.604125,1427.354125,1427.854125,0.0,0.0,0.0,180.0,"left,right"
Recorder 3 - 1704 to 2804,04-25-2026,19:12:03,1.92064W,50.94221N,100%,22C,32%,3_20260425_191203.wav,AGC,48kHz,stereo,Part2,3_20260425_191203.wav,1428.0,1431.0,1428.0115,1428.0,1428.2615,-0.020833333333333332,-1.0,357.26945925055134,182.73054074944866,"left,right"
Recorder 3 - 1704 to 2804,04-25-2026,19:12:03,1.92064W,50.94221N,100%,22C,32%,3_20260425_191203.wav,AGC,48kHz,stereo,Part2,3_20260425_191203.wav,1647.0,1650.0,1647.8728541666667,1647.6228541666667,1648.1228541666667,0.0,0.0,0.0,180.0,"left,right"
Recorder 3 - 1704 to 2804,04-26-2026,06:39:02,1.92067W,50.94220N,100%,5C,58%,3_20260426_063902.wav,AGC,48kHz,stereo,Part1,3_20260426_063902.wav,33.0,36.0,34.6326875,34.3826875,34.8826875,0.0,0.0,0.0,180.0,"left,right"
Recorder 3 - 1704 to 2804,04-26-2026,06:39:02,1.92067W,50.94220N,100%,5C,58%,3_20260426_063902.wav,AGC,48kHz,stereo,Part1,3_20260426_063902.wav,495.0,498.0,495.9578333333333,495.7078333333333,496.2078333333333,0.0,0.0,0.0,180.0,"left,right"
Recorder 3 - 1704 to 2804,04-26-2026,06:39:02,1.92067W,50.94220N,100%,5C,58%,3_20260426_063902.wav,AGC,48kHz,stereo,Part1,3_20260426_063902.wav,597.0,600.0,599.5840625,599.3340625,599.8340625,-0.0013020833333333333,-0.0625,359.8294055433168,180.1705944566832,"left,right"
Recorder 3 - 1704 to 2804,04-26-2026,06:39:02,1.92067W,50.94220N,100%,5C,58%,3_20260426_063902.wav,AGC,48kHz,stereo,Part1,3_20260426_063902.wav,714.0,717.0,714.4878125,714.2378125,714.7378125,0.0,0.0,0.0,180.0,"left,right"
Recorder 3 - 1704 to 2804,04-26-2026,06:39:02,1.92067W,50.94220N,100%,5C,58%,3_20260426_063902.wav,AGC,48kHz,stereo,Part1,3_20260426_063902.wav,1014.0,1017.0,1015.6078125,1015.3578125,1015.8578125,-0.0013020833333333333,-0.0625,359.8294055433168,180.1705944566832,"left,right"
Recorder 3 - 1704 to 2804,04-26-2026,06:39:02,1.92067W,50.94220N,100%,5C,58%,3_20260426_063902.wav,AGC,48kHz,stereo,Part1,3_20260426_063902.wav,1200.0,1203.0,1200.1782916666666,1200.0,1200.4282916666666,0.0,0.0,0.0,180.0,"left,right"
Recorder 3 - 1704 to 2804,04-26-2026,06:39:02,1.92067W,50.94220N,100%,5C,58%,3_20260426_063902.wav,AGC,48kHz,stereo,Part1,3_20260426_063902.wav,1221.0,1224.0,1222.4055625,1222.1555625,1222.6555625,0.0013020833333333333,0.0625,0.1705944566832045,179.8294055433168,"left,right"
Recorder 3 - 1704 to 2804,04-26-2026,06:39:02,1.92067W,50.94220N,100%,5C,58%,3_20260426_063902.wav,AGC,48kHz,stereo,Part1,3_20260426_063902.wav,1446.0,1449.0,1446.1190833333333,1446.0,1446.3690833333333,-0.0390625,-1.875,354.87534380982993,185.12465619017007,"left,right"
Recorder 3 - 1704 to 2804,04-26-2026,06:39:02,1.92067W,50.94220N,100%,5C,58%,3_20260426_063902.wav,AGC,48kHz,stereo,Part1,3_20260426_063902.wav,1593.0,1596.0,1595.4493125,1595.1993125,1595.6993125,-0.0026041666666666665,-0.125,359.65880957427,180.34119042573002,"left,right"
Recorder 3 - 1704 to 2804,04-26-2026,06:39:02,1.92067W,50.94220N,100%,5C,58%,3_20260426_063902.wav,AGC,48kHz,stereo,Part1,3_20260426_063902.wav,1731.0,1734.0,1732.6033958333333,1732.3533958333333,1732.8533958333333,-0.01953125,-0.9375,357.4402354785634,182.5597645214366,"left,right"
Recorder 3 - 1704 to 2804,04-26-2026,07:09:03,1.92067W,50.94220N,100%,5C,58%,3_20260426_070903.wav,AGC,48kHz,stereo,Part2,3_20260426_070903.wav,612.0,615.0,613.17525,612.92525,613.42525,0.0234375,1.125,3.0721675746425348,176.92783242535745,"left,right"
Recorder 3 - 1704 to 2804,04-26-2026,07:09:03,1.92067W,50.94220N,100%,5C,58%,3_20260426_070903.wav,AGC,48kHz,stereo,Part2,3_20260426_070903.wav,996.0,999.0,997.6083333333333,997.3583333333333,997.8583333333333,0.0,0.0,0.0,180.0,"left,right"
Recorder 3 - 1704 to 2804,04-26-2026,07:09:03,1.92067W,50.94220N,100%,5C,58%,3_20260426_070903.wav,AGC,48kHz,stereo,Part2,3_20260426_070903.wav,1146.0,1149.0,1146.2673541666666,1146.0173541666666,1146.5173541666666,-0.018229166666666668,-0.8750000000000001,357.6109889533793,182.38901104662065,"left,right"
Recorder 3 - 1704 to 2804,04-26-2026,07:09:03,1.92067W,50.94220N,100%,5C,58%,3_20260426_070903.wav,AGC,48kHz,stereo,Part2,3_20260426_070903.wav,1368.0,1371.0,1369.8632916666666,1369.6132916666666,1370.1132916666666,-0.0013020833333333333,-0.0625,359.8294055433168,180.1705944566832,"left,right"
Recorder 3 - 1704 to 2804,04-26-2026,07:09:03,1.92067W,50.94220N,100%,5C,58%,3_20260426_070903.wav,AGC,48kHz,stereo,Part2,3_20260426_070903.wav,1395.0,1398.0,1396.1235,1395.8735,1396.3735,0.0013020833333333333,0.0625,0.1705944566832045,179.8294055433168,"left,right"
Recorder 3 - 1704 to 2804,04-26-2026,07:09:03,1.92067W,50.94220N,100%,5C,58%,3_20260426_070903.wav,AGC,48kHz,stereo,Part2,3_20260426_070903.wav,1734.0,1737.0,1734.2666458333333,1734.0166458333333,1734.5166458333333,0.0,0.0,0.0,180.0,"left,right"
Recorder 3 - 1704 to 2804,04-26-2026,18:42:02,1.92067W,50.94220N,100%,23C,28%,3_20260426_184202.wav,AGC,48kHz,stereo,Part1,3_20260426_184202.wav,108.0,111.0,108.03979166666667,108.0,108.28979166666667,-0.01953125,-0.9375,357.4402354785634,182.5597645214366,"left,right"
Recorder 3 - 1704 to 2804,04-26-2026,18:42:02,1.92067W,50.94220N,100%,23C,28%,3_20260426_184202.wav,AGC,48kHz,stereo,Part1,3_20260426_184202.wav,492.0,495.0,493.4805,493.2305,493.7305,-0.01953125,-0.9375,357.4402354785634,182.5597645214366,"left,right"
Recorder 3 - 1704 to 2804,04-26-2026,18:42:02,1.92067W,50.94220N,100%,23C,28%,3_20260426_184202.wav,AGC,48kHz,stereo,Part1,3_20260426_184202.wav,537.0,540.0,539.5723958333333,539.3223958333333,539.8223958333333,0.0013020833333333333,0.0625,0.1705944566832045,179.8294055433168,"left,right"
Recorder 3 - 1704 to 2804,04-26-2026,18:42:02,1.92067W,50.94220N,100%,23C,28%,3_20260426_184202.wav,AGC,48kHz,stereo,Part1,3_20260426_184202.wav,657.0,660.0,657.2819166666667,657.0319166666667,657.5319166666667,0.01953125,0.9375,2.559764521436577,177.4402354785634,"left,right"
Recorder 3 - 1704 to 2804,04-26-2026,18:42:02,1.92067W,50.94220N,100%,23C,28%,3_20260426_184202.wav,AGC,48kHz,stereo,Part1,3_20260426_184202.wav,753.0,756.0,754.9643333333333,754.7143333333333,755.2143333333333,0.018229166666666668,0.8750000000000001,2.389011046620638,177.61098895337938,"left,right"
Recorder 3 - 1704 to 2804,04-26-2026,18:42:02,1.92067W,50.94220N,100%,23C,28%,3_20260426_184202.wav,AGC,48kHz,stereo,Part1,3_20260426_184202.wav,894.0,897.0,895.2852291666667,895.0352291666667,895.5352291666667,-0.0013020833333333333,-0.0625,359.8294055433168,180.1705944566832,"left,right"
Recorder 3 - 1704 to 2804,04-26-2026,18:42:02,1.92067W,50.94220N,100%,23C,28%,3_20260426_184202.wav,AGC,48kHz,stereo,Part1,3_20260426_184202.wav,957.0,960.0,958.0355,957.7855,958.2855,0.0013020833333333333,0.0625,0.1705944566832045,179.8294055433168,"left,right"
Recorder 3 - 1704 to 2804,04-26-2026,18:42:02,1.92067W,50.94220N,100%,23C,28%,3_20260426_184202.wav,AGC,48kHz,stereo,Part1,3_20260426_184202.wav,999.0,1002.0,1000.989125,1000.739125,1001.239125,-0.0026041666666666665,-0.125,359.65880957427,180.34119042573002,"left,right"
Recorder 3 - 1704 to 2804,04-26-2026,18:42:02,1.92067W,50.94220N,100%,23C,28%,3_20260426_184202.wav,AGC,48kHz,stereo,Part1,3_20260426_184202.wav,1104.0,1107.0,1104.7979583333333,1104.5479583333333,1105.0479583333333,0.0,0.0,0.0,180.0,"left,right"
Recorder 3 - 1704 to 2804,04-26-2026,18:42:02,1.92067W,50.94220N,100%,23C,28%,3_20260426_184202.wav,AGC,48kHz,stereo,Part1,3_20260426_184202.wav,1215.0,1218.0,1216.8867708333332,1216.6367708333332,1217.1367708333332,0.10286458333333333,4.9375,13.604415340680433,166.39558465931958,"left,right"
Recorder 3 - 1704 to 2804,04-26-2026,19:12:03,1.92067W,50.94220N,100%,23C,28%,3_20260426_191203.wav,AGC,48kHz,stereo,Part2,3_20260426_191203.wav,159.0,162.0,161.07266666666666,160.82266666666666,161.32266666666666,-0.01953125,-0.9375,357.4402354785634,182.5597645214366,"left,right"
Recorder 3 - 1704 to 2804,04-26-2026,19:12:03,1.92067W,50.94220N,100%,23C,28%,3_20260426_191203.wav,AGC,48kHz,stereo,Part2,3_20260426_191203.wav,321.0,324.0,323.1255,322.8755,323.3755,-0.0013020833333333333,-0.0625,359.8294055433168,180.1705944566832,"left,right"
Recorder 3 - 1704 to 2804,04-26-2026,19:12:03,1.92067W,50.94220N,100%,23C,28%,3_20260426_191203.wav,AGC,48kHz,stereo,Part2,3_20260426_191203.wav,624.0,627.0,625.1731666666667,624.9231666666667,625.4231666666667,0.0,0.0,0.0,180.0,"left,right"
Recorder 3 - 1704 to 2804,04-26-2026,19:12:03,1.92067W,50.94220N,100%,23C,28%,3_20260426_191203.wav,AGC,48kHz,stereo,Part2,3_20260426_191203.wav,915.0,918.0,917.0351666666667,916.7851666666667,917.2851666666667,-0.020833333333333332,-1.0,357.26945925055134,182.73054074944866,"left,right"
Recorder 3 - 1704 to 2804,04-26-2026,19:12:03,1.92067W,50.94220N,100%,23C,28%,3_20260426_191203.wav,AGC,48kHz,stereo,Part2,3_20260426_191203.wav,969.0,972.0,971.1455833333333,970.8955833333333,971.3955833333333,0.0,0.0,0.0,180.0,"left,right"
Recorder 3 - 1704 to 2804,04-26-2026,19:12:03,1.92067W,50.94220N,100%,23C,28%,3_20260426_191203.wav,AGC,48kHz,stereo,Part2,3_20260426_191203.wav,972.0,975.0,974.7942083333334,974.5442083333334,975.0,0.0,0.0,0.0,180.0,"left,right"
Recorder 3 - 1704 to 2804,04-26-2026,19:12:03,1.92067W,50.94220N,100%,23C,28%,3_20260426_191203.wav,AGC,48kHz,stereo,Part2,3_20260426_191203.wav,975.0,978.0,975.7292708333333,975.4792708333333,975.9792708333333,0.0,0.0,0.0,180.0,"left,right"
Recorder 3 - 1704 to 2804,04-27-2026,07:09:03,1.92067W,50.94220N,100%,7C,73%,3_20260427_070903.wav,AGC,48kHz,stereo,Part2,3_20260427_070903.wav,894.0,897.0,895.5276458333333,895.2776458333333,895.7776458333333,0.0,0.0,0.0,180.0,"left,right"
Recorder 3 - 1704 to 2804,04-27-2026,07:09:03,1.92067W,50.94220N,100%,7C,73%,3_20260427_070903.wav,AGC,48kHz,stereo,Part2,3_20260427_070903.wav,975.0,978.0,977.3371666666667,977.0871666666667,977.5871666666667,0.0,0.0,0.0,180.0,"left,right"
Recorder 3 - 1704 to 2804,04-27-2026,07:09:03,1.92067W,50.94220N,100%,7C,73%,3_20260427_070903.wav,AGC,48kHz,stereo,Part2,3_20260427_070903.wav,1107.0,1110.0,1107.625875,1107.375875,1107.875875,0.0,0.0,0.0,180.0,"left,right"
Recorder 3 - 1704 to 2804,04-27-2026,07:09:03,1.92067W,50.94220N,100%,7C,73%,3_20260427_070903.wav,AGC,48kHz,stereo,Part2,3_20260427_070903.wav,1431.0,1434.0,1431.1775833333334,1431.0,1431.4275833333334,0.0,0.0,0.0,180.0,"left,right"
Recorder 3 - 1704 to 2804,04-27-2026,07:09:03,1.92067W,50.94220N,100%,7C,73%,3_20260427_070903.wav,AGC,48kHz,stereo,Part2,3_20260427_070903.wav,1596.0,1599.0,1596.3394375,1596.0894375,1596.5894375,0.01953125,0.9375,2.559764521436577,177.4402354785634,"left,right"
Recorder 3 - 1704 to 2804,04-28-2026,06:39:02,1.92067W,50.94220N,100%,8C,83%,3_20260428_063902.wav,AGC,48kHz,stereo,Part1,3_20260428_063902.wav,60.0,63.0,60.84491666666667,60.59491666666667,61.09491666666667,0.018229166666666668,0.8750000000000001,2.389011046620638,177.61098895337938,"left,right"
Recorder 3 - 1704 to 2804,04-28-2026,06:39:02,1.92067W,50.94220N,100%,8C,83%,3_20260428_063902.wav,AGC,48kHz,stereo,Part1,3_20260428_063902.wav,201.0,204.0,203.08072916666666,202.83072916666666,203.33072916666666,0.0,0.0,0.0,180.0,"left,right"
Recorder 3 - 1704 to 2804,04-28-2026,06:39:02,1.92067W,50.94220N,100%,8C,83%,3_20260428_063902.wav,AGC,48kHz,stereo,Part1,3_20260428_063902.wav,342.0,345.0,344.4987291666667,344.2487291666667,344.7487291666667,-0.018229166666666668,-0.8750000000000001,357.6109889533793,182.38901104662065,"left,right"
Recorder 3 - 1704 to 2804,04-28-2026,06:39:02,1.92067W,50.94220N,100%,8C,83%,3_20260428_063902.wav,AGC,48kHz,stereo,Part1,3_20260428_063902.wav,534.0,537.0,534.5055,534.2555,534.7555,0.0013020833333333333,0.0625,0.1705944566832045,179.8294055433168,"left,right"
Recorder 3 - 1704 to 2804,04-28-2026,06:39:02,1.92067W,50.94220N,100%,8C,83%,3_20260428_063902.wav,AGC,48kHz,stereo,Part1,3_20260428_063902.wav,714.0,717.0,716.2225208333333,715.9725208333333,716.4725208333333,0.0013020833333333333,0.0625,0.1705944566832045,179.8294055433168,"left,right"
Recorder 3 - 1704 to 2804,04-28-2026,06:39:02,1.92067W,50.94220N,100%,8C,83%,3_20260428_063902.wav,AGC,48kHz,stereo,Part1,3_20260428_063902.wav,897.0,900.0,898.0844583333334,897.8344583333334,898.3344583333334,-0.0013020833333333333,-0.0625,359.8294055433168,180.1705944566832,"left,right"
Recorder 3 - 1704 to 2804,04-28-2026,06:39:02,1.92067W,50.94220N,100%,8C,83%,3_20260428_063902.wav,AGC,48kHz,stereo,Part1,3_20260428_063902.wav,1107.0,1110.0,1108.6196875,1108.3696875,1108.8696875,0.01953125,0.9375,2.559764521436577,177.4402354785634,"left,right"
Recorder 3 - 1704 to 2804,04-28-2026,06:39:02,1.92067W,50.94220N,100%,8C,83%,3_20260428_063902.wav,AGC,48kHz,stereo,Part1,3_20260428_063902.wav,1284.0,1287.0,1285.1521041666667,1284.9021041666667,1285.4021041666667,0.0,0.0,0.0,180.0,"left,right"
Recorder 3 - 1704 to 2804,04-28-2026,06:39:02,1.92067W,50.94220N,100%,8C,83%,3_20260428_063902.wav,AGC,48kHz,stereo,Part1,3_20260428_063902.wav,1482.0,1485.0,1484.8402083333333,1484.5902083333333,1485.0,0.0,0.0,0.0,180.0,"left,right"
Recorder 3 - 1704 to 2804,04-28-2026,06:39:02,1.92067W,50.94220N,100%,8C,83%,3_20260428_063902.wav,AGC,48kHz,stereo,Part1,3_20260428_063902.wav,1485.0,1488.0,1485.1612291666668,1485.0,1485.4112291666668,0.0,0.0,0.0,180.0,"left,right"
Recorder 3 - 1704 to 2804,04-28-2026,06:39:02,1.92067W,50.94220N,100%,8C,83%,3_20260428_063902.wav,AGC,48kHz,stereo,Part1,3_20260428_063902.wav,1689.0,1692.0,1691.0855833333333,1690.8355833333333,1691.3355833333333,0.0013020833333333333,0.0625,0.1705944566832045,179.8294055433168,"left,right"
Recorder 3 - 1704 to 2804,04-28-2026,07:09:03,1.92067W,50.94220N,100%,8C,83%,3_20260428_070903.wav,AGC,48kHz,stereo,Part2,3_20260428_070903.wav,84.0,87.0,85.60610416666667,85.35610416666667,85.85610416666667,0.0,0.0,0.0,180.0,"left,right"
Recorder 3 - 1704 to 2804,04-28-2026,07:09:03,1.92067W,50.94220N,100%,8C,83%,3_20260428_070903.wav,AGC,48kHz,stereo,Part2,3_20260428_070903.wav,300.0,303.0,301.45585416666665,301.20585416666665,301.70585416666665,0.0,0.0,0.0,180.0,"left,right"
Recorder 3 - 1704 to 2804,04-28-2026,07:09:03,1.92067W,50.94220N,100%,8C,83%,3_20260428_070903.wav,AGC,48kHz,stereo,Part2,3_20260428_070903.wav,513.0,516.0,515.2257291666666,514.9757291666666,515.4757291666666,0.0013020833333333333,0.0625,0.1705944566832045,179.8294055433168,"left,right"
Recorder 3 - 1704 to 2804,04-28-2026,07:09:03,1.92067W,50.94220N,100%,8C,83%,3_20260428_070903.wav,AGC,48kHz,stereo,Part2,3_20260428_070903.wav,861.0,864.0,863.1153541666666,862.8653541666666,863.3653541666666,0.0013020833333333333,0.0625,0.1705944566832045,179.8294055433168,"left,right"
Recorder 3 - 1704 to 2804,04-28-2026,07:09:03,1.92067W,50.94220N,100%,8C,83%,3_20260428_070903.wav,AGC,48kHz,stereo,Part2,3_20260428_070903.wav,1110.0,1113.0,1110.9065416666667,1110.6565416666667,1111.1565416666667,-0.22916666666666666,-11.0,328.3971832355576,211.60281676444242,"left,right"
Recorder 3 - 1704 to 2804,04-28-2026,07:09:03,1.92067W,50.94220N,100%,8C,83%,3_20260428_070903.wav,AGC,48kHz,stereo,Part2,3_20260428_070903.wav,1284.0,1287.0,1285.0471458333334,1284.7971458333334,1285.2971458333334,0.0013020833333333333,0.0625,0.1705944566832045,179.8294055433168,"left,right"
Recorder 3 - 1704 to 2804,04-28-2026,18:42:02,1.92067W,50.94220N,100%,19C,41%,3_20260428_184202.wav,AGC,48kHz,stereo,Part1,3_20260428_184202.wav,81.0,84.0,82.98252083333334,82.73252083333334,83.23252083333334,-0.01953125,-0.9375,357.4402354785634,182.5597645214366,"left,right"
Recorder 3 - 1704 to 2804,04-28-2026,18:42:02,1.92067W,50.94220N,100%,19C,41%,3_20260428_184202.wav,AGC,48kHz,stereo,Part1,3_20260428_184202.wav,387.0,390.0,388.6993125,388.4493125,388.9493125,-0.01953125,-0.9375,357.4402354785634,182.5597645214366,"left,right"
Recorder 3 - 1704 to 2804,04-28-2026,18:42:02,1.92067W,50.94220N,100%,19C,41%,3_20260428_184202.wav,AGC,48kHz,stereo,Part1,3_20260428_184202.wav,540.0,543.0,542.3604583333333,542.1104583333333,542.6104583333333,0.022135416666666668,1.0625,2.9013412575649227,177.09865874243508,"left,right"
Recorder 3 - 1704 to 2804,04-28-2026,18:42:02,1.92067W,50.94220N,100%,19C,41%,3_20260428_184202.wav,AGC,48kHz,stereo,Part1,3_20260428_184202.wav,1512.0,1515.0,1512.9692291666668,1512.7192291666668,1513.2192291666668,0.0013020833333333333,0.0625,0.1705944566832045,179.8294055433168,"left,right"
Recorder 3 - 1704 to 2804,04-28-2026,18:42:02,1.92067W,50.94220N,100%,19C,41%,3_20260428_184202.wav,AGC,48kHz,stereo,Part1,3_20260428_184202.wav,1515.0,1518.0,1516.1369166666666,1515.8869166666666,1516.3869166666666,-0.020833333333333332,-1.0,357.26945925055134,182.73054074944866,"left,right"
Recorder 3 - 1704 to 2804,04-28-2026,18:42:02,1.92067W,50.94220N,100%,19C,41%,3_20260428_184202.wav,AGC,48kHz,stereo,Part1,3_20260428_184202.wav,1590.0,1593.0,1590.0538541666667,1590.0,1590.3038541666667,-0.0013020833333333333,-0.0625,359.8294055433168,180.1705944566832,"left,right"
Recorder 3 - 1704 to 2804,04-28-2026,18:42:02,1.92067W,50.94220N,100%,19C,41%,3_20260428_184202.wav,AGC,48kHz,stereo,Part1,3_20260428_184202.wav,1677.0,1680.0,1678.3429583333334,1678.0929583333334,1678.5929583333334,-0.020833333333333332,-1.0,357.26945925055134,182.73054074944866,"left,right"
Recorder 3 - 1704 to 2804,04-28-2026,18:42:02,1.92067W,50.94220N,100%,19C,41%,3_20260428_184202.wav,AGC,48kHz,stereo,Part1,3_20260428_184202.wav,1767.0,1770.0,1767.3197291666668,1767.0697291666668,1767.5697291666668,-0.020833333333333332,-1.0,357.26945925055134,182.73054074944866,"left,right"
Recorder 3 - 1704 to 2804,04-28-2026,19:12:03,1.92067W,50.94220N,100%,19C,41%,3_20260428_191203.wav,AGC,48kHz,stereo,Part2,3_20260428_191203.wav,363.0,366.0,364.59825,364.34825,364.84825,-0.018229166666666668,-0.8750000000000001,357.6109889533793,182.38901104662065,"left,right"
Recorder 3 - 1704 to 2804,04-28-2026,19:12:03,1.92067W,50.94220N,100%,19C,41%,3_20260428_191203.wav,AGC,48kHz,stereo,Part2,3_20260428_191203.wav,468.0,471.0,468.71610416666664,468.46610416666664,468.96610416666664,0.3958333333333333,19.0,64.84199555654006,115.15800444345994,"left,right"
Recorder 3 - 1704 to 2804,04-28-2026,19:12:03,1.92067W,50.94220N,100%,19C,41%,3_20260428_191203.wav,AGC,48kHz,stereo,Part2,3_20260428_191203.wav,585.0,588.0,587.903375,587.653375,588.0,-0.020833333333333332,-1.0,357.26945925055134,182.73054074944866,"left,right"
Recorder 3 - 1704 to 2804,04-28-2026,19:12:03,1.92067W,50.94220N,100%,19C,41%,3_20260428_191203.wav,AGC,48kHz,stereo,Part2,3_20260428_191203.wav,588.0,591.0,589.9111666666666,589.6611666666666,590.1611666666666,-0.01953125,-0.9375,357.4402354785634,182.5597645214366,"left,right"
Recorder 4 - 1004 to 1704,04-11-2026,06:39:02,1.92134W,50.94017N,100%,13C,43%,4_20260411_063902.wav,AGC,48kHz,stereo,Part1,4_20260411_063902.wav,201.0,204.0,203.64191666666667,203.39191666666667,203.89191666666667,0.0,0.0,0.0,180.0,"left,right"
Recorder 4 - 1004 to 1704,04-11-2026,06:39:02,1.92134W,50.94017N,100%,13C,43%,4_20260411_063902.wav,AGC,48kHz,stereo,Part1,4_20260411_063902.wav,315.0,318.0,317.39110416666665,317.14110416666665,317.64110416666665,0.0,0.0,0.0,180.0,"left,right"
Recorder 4 - 1004 to 1704,04-11-2026,06:39:02,1.92134W,50.94017N,100%,13C,43%,4_20260411_063902.wav,AGC,48kHz,stereo,Part1,4_20260411_063902.wav,498.0,501.0,500.5992708333333,500.3492708333333,500.8492708333333,0.0,0.0,0.0,180.0,"left,right"
Recorder 4 - 1004 to 1704,04-11-2026,06:39:02,1.92134W,50.94017N,100%,13C,43%,4_20260411_063902.wav,AGC,48kHz,stereo,Part1,4_20260411_063902.wav,708.0,711.0,710.1828541666666,709.9328541666666,710.4328541666666,-0.0013020833333333333,-0.0625,359.8294055433168,180.1705944566832,"left,right"
Recorder 4 - 1004 to 1704,04-11-2026,06:39:02,1.92134W,50.94017N,100%,13C,43%,4_20260411_063902.wav,AGC,48kHz,stereo,Part1,4_20260411_063902.wav,1083.0,1086.0,1083.7056041666667,1083.4556041666667,1083.9556041666667,-0.01953125,-0.9375,357.4402354785634,182.5597645214366,"left,right"
Recorder 4 - 1004 to 1704,04-11-2026,06:39:02,1.92134W,50.94017N,100%,13C,43%,4_20260411_063902.wav,AGC,48kHz,stereo,Part1,4_20260411_063902.wav,1518.0,1521.0,1520.81875,1520.56875,1521.0,0.01953125,0.9375,2.559764521436577,177.4402354785634,"left,right"
Recorder 4 - 1004 to 1704,04-11-2026,07:09:03,1.92134W,50.94017N,100%,13C,43%,4_20260411_070903.wav,AGC,48kHz,stereo,Part2,4_20260411_070903.wav,231.0,234.0,232.1688125,231.9188125,232.4188125,-0.01953125,-0.9375,357.4402354785634,182.5597645214366,"left,right"
Recorder 4 - 1004 to 1704,04-13-2026,06:39:02,1.92134W,50.94017N,100%,19C,49%,4_20260413_063902.wav,AGC,48kHz,stereo,Part1,4_20260413_063902.wav,324.0,327.0,325.20585416666665,324.95585416666665,325.45585416666665,0.0013020833333333333,0.0625,0.1705944566832045,179.8294055433168,"left,right"
Recorder 4 - 1004 to 1704,04-13-2026,06:39:02,1.92134W,50.94017N,100%,19C,49%,4_20260413_063902.wav,AGC,48kHz,stereo,Part1,4_20260413_063902.wav,879.0,882.0,879.4910208333333,879.2410208333333,879.7410208333333,0.0,0.0,0.0,180.0,"left,right"
Recorder 4 - 1004 to 1704,04-13-2026,06:39:02,1.92134W,50.94017N,100%,19C,49%,4_20260413_063902.wav,AGC,48kHz,stereo,Part1,4_20260413_063902.wav,1038.0,1041.0,1040.5187916666666,1040.2687916666666,1040.7687916666666,0.0,0.0,0.0,180.0,"left,right"
Recorder 4 - 1004 to 1704,04-13-2026,06:39:02,1.92134W,50.94017N,100%,19C,49%,4_20260413_063902.wav,AGC,48kHz,stereo,Part1,4_20260413_063902.wav,1386.0,1389.0,1387.0470833333334,1386.7970833333334,1387.2970833333334,-0.01953125,-0.9375,357.4402354785634,182.5597645214366,"left,right"
Recorder 4 - 1004 to 1704,04-13-2026,18:42:02,1.92134W,50.94017N,100%,-1C,93%,4_20260413_184202.wav,AGC,48kHz,stereo,Part1,4_20260413_184202.wav,879.0,882.0,880.184875,879.934875,880.434875,0.0,0.0,0.0,180.0,"left,right"
Recorder 4 - 1004 to 1704,04-13-2026,18:42:02,1.92134W,50.94017N,100%,-1C,93%,4_20260413_184202.wav,AGC,48kHz,stereo,Part1,4_20260413_184202.wav,882.0,885.0,884.9308333333333,884.6808333333333,885.0,0.0013020833333333333,0.0625,0.1705944566832045,179.8294055433168,"left,right"
Recorder 4 - 1004 to 1704,04-13-2026,18:42:02,1.92134W,50.94017N,100%,-1C,93%,4_20260413_184202.wav,AGC,48kHz,stereo,Part1,4_20260413_184202.wav,885.0,888.0,885.02775,885.0,885.27775,-0.022135416666666668,-1.0625,357.0986587424351,182.90134125756492,"left,right"
Recorder 4 - 1004 to 1704,04-13-2026,18:42:02,1.92134W,50.94017N,100%,-1C,93%,4_20260413_184202.wav,AGC,48kHz,stereo,Part1,4_20260413_184202.wav,894.0,897.0,895.789375,895.539375,896.039375,-0.01953125,-0.9375,357.4402354785634,182.5597645214366,"left,right"
Recorder 4 - 1004 to 1704,04-13-2026,18:42:02,1.92134W,50.94017N,100%,-1C,93%,4_20260413_184202.wav,AGC,48kHz,stereo,Part1,4_20260413_184202.wav,897.0,900.0,898.3130625,898.0630625,898.5630625,0.0013020833333333333,0.0625,0.1705944566832045,179.8294055433168,"left,right"
Recorder 4 - 1004 to 1704,04-13-2026,18:42:02,1.92134W,50.94017N,100%,-1C,93%,4_20260413_184202.wav,AGC,48kHz,stereo,Part1,4_20260413_184202.wav,909.0,912.0,909.6586875,909.4086875,909.9086875,0.0013020833333333333,0.0625,0.1705944566832045,179.8294055433168,"left,right"
Recorder 4 - 1004 to 1704,04-13-2026,18:42:02,1.92134W,50.94017N,100%,-1C,93%,4_20260413_184202.wav,AGC,48kHz,stereo,Part1,4_20260413_184202.wav,912.0,915.0,913.9641041666666,913.7141041666666,914.2141041666666,-0.040364583333333336,-1.9375,354.7040417348786,185.29595826512139,"left,right"
Recorder 4 - 1004 to 1704,04-13-2026,18:42:02,1.92134W,50.94017N,100%,-1C,93%,4_20260413_184202.wav,AGC,48kHz,stereo,Part1,4_20260413_184202.wav,918.0,921.0,918.6550625,918.4050625,918.9050625,0.022135416666666668,1.0625,2.9013412575649227,177.09865874243508,"left,right"
Recorder 4 - 1004 to 1704,04-13-2026,18:42:02,1.92134W,50.94017N,100%,-1C,93%,4_20260413_184202.wav,AGC,48kHz,stereo,Part1,4_20260413_184202.wav,924.0,927.0,924.5846458333333,924.3346458333333,924.8346458333333,0.020833333333333332,1.0,2.730540749448636,177.26945925055136,"left,right"
Recorder 4 - 1004 to 1704,04-13-2026,18:42:02,1.92134W,50.94017N,100%,-1C,93%,4_20260413_184202.wav,AGC,48kHz,stereo,Part1,4_20260413_184202.wav,927.0,930.0,929.1974166666666,928.9474166666666,929.4474166666666,0.022135416666666668,1.0625,2.9013412575649227,177.09865874243508,"left,right"
Recorder 4 - 1004 to 1704,04-13-2026,18:42:02,1.92134W,50.94017N,100%,-1C,93%,4_20260413_184202.wav,AGC,48kHz,stereo,Part1,4_20260413_184202.wav,930.0,933.0,932.0460208333334,931.7960208333334,932.2960208333334,-0.01953125,-0.9375,357.4402354785634,182.5597645214366,"left,right"
Recorder 4 - 1004 to 1704,04-13-2026,18:42:02,1.92134W,50.94017N,100%,-1C,93%,4_20260413_184202.wav,AGC,48kHz,stereo,Part1,4_20260413_184202.wav,939.0,942.0,941.204875,940.954875,941.454875,0.0,0.0,0.0,180.0,"left,right"
Recorder 4 - 1004 to 1704,04-13-2026,18:42:02,1.92134W,50.94017N,100%,-1C,93%,4_20260413_184202.wav,AGC,48kHz,stereo,Part1,4_20260413_184202.wav,942.0,945.0,943.4929583333334,943.2429583333334,943.7429583333334,0.0013020833333333333,0.0625,0.1705944566832045,179.8294055433168,"left,right"
Recorder 4 - 1004 to 1704,04-13-2026,18:42:02,1.92134W,50.94017N,100%,-1C,93%,4_20260413_184202.wav,AGC,48kHz,stereo,Part1,4_20260413_184202.wav,945.0,948.0,946.843875,946.593875,947.093875,0.0013020833333333333,0.0625,0.1705944566832045,179.8294055433168,"left,right"
Recorder 4 - 1004 to 1704,04-13-2026,18:42:02,1.92134W,50.94017N,100%,-1C,93%,4_20260413_184202.wav,AGC,48kHz,stereo,Part1,4_20260413_184202.wav,951.0,954.0,951.8212291666666,951.5712291666666,952.0712291666666,0.0,0.0,0.0,180.0,"left,right"
Recorder 4 - 1004 to 1704,04-13-2026,18:42:02,1.92134W,50.94017N,100%,-1C,93%,4_20260413_184202.wav,AGC,48kHz,stereo,Part1,4_20260413_184202.wav,954.0,957.0,956.030875,955.780875,956.280875,-0.020833333333333332,-1.0,357.26945925055134,182.73054074944866,"left,right"
Recorder 4 - 1004 to 1704,04-13-2026,18:42:02,1.92134W,50.94017N,100%,-1C,93%,4_20260413_184202.wav,AGC,48kHz,stereo,Part1,4_20260413_184202.wav,963.0,966.0,964.6310416666666,964.3810416666666,964.8810416666666,0.0013020833333333333,0.0625,0.1705944566832045,179.8294055433168,"left,right"
Recorder 4 - 1004 to 1704,04-13-2026,18:42:02,1.92134W,50.94017N,100%,-1C,93%,4_20260413_184202.wav,AGC,48kHz,stereo,Part1,4_20260413_184202.wav,966.0,969.0,967.35675,967.10675,967.60675,0.022135416666666668,1.0625,2.9013412575649227,177.09865874243508,"left,right"
Recorder 4 - 1004 to 1704,04-13-2026,18:42:02,1.92134W,50.94017N,100%,-1C,93%,4_20260413_184202.wav,AGC,48kHz,stereo,Part1,4_20260413_184202.wav,972.0,975.0,972.2086458333333,972.0,972.4586458333333,0.0,0.0,0.0,180.0,"left,right"
Recorder 4 - 1004 to 1704,04-13-2026,18:42:02,1.92134W,50.94017N,100%,-1C,93%,4_20260413_184202.wav,AGC,48kHz,stereo,Part1,4_20260413_184202.wav,993.0,996.0,993.4468333333333,993.1968333333333,993.6968333333333,0.01953125,0.9375,2.559764521436577,177.4402354785634,"left,right"
Recorder 4 - 1004 to 1704,04-13-2026,18:42:02,1.92134W,50.94017N,100%,-1C,93%,4_20260413_184202.wav,AGC,48kHz,stereo,Part1,4_20260413_184202.wav,999.0,1002.0,999.4219791666667,999.1719791666667,999.6719791666667,0.0,0.0,0.0,180.0,"left,right"
Recorder 4 - 1004 to 1704,04-13-2026,18:42:02,1.92134W,50.94017N,100%,-1C,93%,4_20260413_184202.wav,AGC,48kHz,stereo,Part1,4_20260413_184202.wav,1008.0,1011.0,1009.6092708333333,1009.3592708333333,1009.8592708333333,0.0,0.0,0.0,180.0,"left,right"
Recorder 4 - 1004 to 1704,04-13-2026,18:42:02,1.92134W,50.94017N,100%,-1C,93%,4_20260413_184202.wav,AGC,48kHz,stereo,Part1,4_20260413_184202.wav,1011.0,1014.0,1012.3587916666667,1012.1087916666667,1012.6087916666667,-0.0013020833333333333,-0.0625,359.8294055433168,180.1705944566832,"left,right"
Recorder 4 - 1004 to 1704,04-13-2026,18:42:02,1.92134W,50.94017N,100%,-1C,93%,4_20260413_184202.wav,AGC,48kHz,stereo,Part1,4_20260413_184202.wav,1017.0,1020.0,1017.9661666666667,1017.7161666666667,1018.2161666666667,0.24869791666666666,11.9375,34.65887269097194,145.34112730902805,"left,right"
Recorder 4 - 1004 to 1704,04-13-2026,18:42:02,1.92134W,50.94017N,100%,-1C,93%,4_20260413_184202.wav,AGC,48kHz,stereo,Part1,4_20260413_184202.wav,1020.0,1023.0,1021.1071041666667,1020.8571041666667,1021.3571041666667,0.0,0.0,0.0,180.0,"left,right"
Recorder 4 - 1004 to 1704,04-13-2026,18:42:02,1.92134W,50.94017N,100%,-1C,93%,4_20260413_184202.wav,AGC,48kHz,stereo,Part1,4_20260413_184202.wav,1029.0,1032.0,1030.5031458333333,1030.2531458333333,1030.7531458333333,-0.022135416666666668,-1.0625,357.0986587424351,182.90134125756492,"left,right"
Recorder 4 - 1004 to 1704,04-13-2026,18:42:02,1.92134W,50.94017N,100%,-1C,93%,4_20260413_184202.wav,AGC,48kHz,stereo,Part1,4_20260413_184202.wav,1035.0,1038.0,1035.74075,1035.49075,1035.99075,0.022135416666666668,1.0625,2.9013412575649227,177.09865874243508,"left,right"
Recorder 4 - 1004 to 1704,04-13-2026,18:42:02,1.92134W,50.94017N,100%,-1C,93%,4_20260413_184202.wav,AGC,48kHz,stereo,Part1,4_20260413_184202.wav,1038.0,1041.0,1038.7071875,1038.4571875,1038.9571875,-0.01953125,-0.9375,357.4402354785634,182.5597645214366,"left,right"
Recorder 4 - 1004 to 1704,04-13-2026,18:42:02,1.92134W,50.94017N,100%,-1C,93%,4_20260413_184202.wav,AGC,48kHz,stereo,Part1,4_20260413_184202.wav,1044.0,1047.0,1044.0719375,1044.0,1044.3219375,-0.0013020833333333333,-0.0625,359.8294055433168,180.1705944566832,"left,right"
Recorder 4 - 1004 to 1704,04-13-2026,18:42:02,1.92134W,50.94017N,100%,-1C,93%,4_20260413_184202.wav,AGC,48kHz,stereo,Part1,4_20260413_184202.wav,1083.0,1086.0,1085.72375,1085.47375,1085.97375,0.0,0.0,0.0,180.0,"left,right"
Recorder 4 - 1004 to 1704,04-13-2026,18:42:02,1.92134W,50.94017N,100%,-1C,93%,4_20260413_184202.wav,AGC,48kHz,stereo,Part1,4_20260413_184202.wav,1089.0,1092.0,1091.5027708333334,1091.2527708333334,1091.7527708333334,-0.018229166666666668,-0.8750000000000001,357.6109889533793,182.38901104662065,"left,right"
Recorder 4 - 1004 to 1704,04-13-2026,18:42:02,1.92134W,50.94017N,100%,-1C,93%,4_20260413_184202.wav,AGC,48kHz,stereo,Part1,4_20260413_184202.wav,1548.0,1551.0,1549.8293125,1549.5793125,1550.0793125,-0.01953125,-0.9375,357.4402354785634,182.5597645214366,"left,right"
Recorder 4 - 1004 to 1704,04-13-2026,19:12:03,1.92134W,50.94017N,100%,-1C,93%,4_20260413_191203.wav,AGC,48kHz,stereo,Part2,4_20260413_191203.wav,1404.0,1407.0,1406.35675,1406.10675,1406.60675,-0.020833333333333332,-1.0,357.26945925055134,182.73054074944866,"left,right"
Recorder 4 - 1004 to 1704,04-14-2026,07:09:03,1.92134W,50.94017N,100%,16C,62%,4_20260414_070903.wav,AGC,48kHz,stereo,Part2,4_20260414_070903.wav,870.0,873.0,871.1553333333334,870.9053333333334,871.4053333333334,0.0,0.0,0.0,180.0,"left,right"
Recorder 4 - 1004 to 1704,04-14-2026,07:09:03,1.92134W,50.94017N,100%,16C,62%,4_20260414_070903.wav,AGC,48kHz,stereo,Part2,4_20260414_070903.wav,1368.0,1371.0,1368.5552083333334,1368.3052083333334,1368.8052083333334,-0.0013020833333333333,-0.0625,359.8294055433168,180.1705944566832,"left,right"
Recorder 4 - 1004 to 1704,04-14-2026,07:09:03,1.92134W,50.94017N,100%,16C,62%,4_20260414_070903.wav,AGC,48kHz,stereo,Part2,4_20260414_070903.wav,1668.0,1671.0,1668.9930208333333,1668.7430208333333,1669.2430208333333,0.0,0.0,0.0,180.0,"left,right"
Recorder 4 - 1004 to 1704,04-15-2026,06:39:02,1.92134W,50.94017N,100%,17C,69%,4_20260415_063902.wav,AGC,48kHz,stereo,Part1,4_20260415_063902.wav,1074.0,1077.0,1076.820625,1076.570625,1077.0,-0.01953125,-0.9375,357.4402354785634,182.5597645214366,"left,right"
Recorder 4 - 1004 to 1704,04-15-2026,06:39:02,1.92134W,50.94017N,100%,17C,69%,4_20260415_063902.wav,AGC,48kHz,stereo,Part1,4_20260415_063902.wav,1503.0,1506.0,1505.3162708333334,1505.0662708333334,1505.5662708333334,0.0,0.0,0.0,180.0,"left,right"
Recorder 4 - 1004 to 1704,04-16-2026,06:39:02,1.92134W,50.94017N,100%,18C,56%,4_20260416_063902.wav,AGC,48kHz,stereo,Part1,4_20260416_063902.wav,9.0,12.0,9.3603125,9.1103125,9.6103125,0.0,0.0,0.0,180.0,"left,right"
Recorder 4 - 1004 to 1704,04-16-2026,06:39:02,1.92134W,50.94017N,100%,18C,56%,4_20260416_063902.wav,AGC,48kHz,stereo,Part1,4_20260416_063902.wav,204.0,207.0,204.2225,204.0,204.4725,0.0,0.0,0.0,180.0,"left,right"
Recorder 4 - 1004 to 1704,04-16-2026,06:39:02,1.92134W,50.94017N,100%,18C,56%,4_20260416_063902.wav,AGC,48kHz,stereo,Part1,4_20260416_063902.wav,483.0,486.0,483.598125,483.348125,483.848125,-0.01953125,-0.9375,357.4402354785634,182.5597645214366,"left,right"
Recorder 4 - 1004 to 1704,04-16-2026,06:39:02,1.92134W,50.94017N,100%,18C,56%,4_20260416_063902.wav,AGC,48kHz,stereo,Part1,4_20260416_063902.wav,657.0,660.0,658.8375416666667,658.5875416666667,659.0875416666667,0.0,0.0,0.0,180.0,"left,right"
Recorder 4 - 1004 to 1704,04-16-2026,06:39:02,1.92134W,50.94017N,100%,18C,56%,4_20260416_063902.wav,AGC,48kHz,stereo,Part1,4_20260416_063902.wav,1155.0,1158.0,1155.5780416666666,1155.3280416666666,1155.8280416666666,-0.020833333333333332,-1.0,357.26945925055134,182.73054074944866,"left,right"
Recorder 4 - 1004 to 1704,04-16-2026,06:39:02,1.92134W,50.94017N,100%,18C,56%,4_20260416_063902.wav,AGC,48kHz,stereo,Part1,4_20260416_063902.wav,1566.0,1569.0,1567.3467083333333,1567.0967083333333,1567.5967083333333,-0.01953125,-0.9375,357.4402354785634,182.5597645214366,"left,right"
Recorder 4 - 1004 to 1704,04-16-2026,07:09:03,1.92134W,50.94017N,100%,18C,56%,4_20260416_070903.wav,AGC,48kHz,stereo,Part2,4_20260416_070903.wav,798.0,801.0,799.1482916666666,798.8982916666666,799.3982916666666,0.0013020833333333333,0.0625,0.1705944566832045,179.8294055433168,"left,right"
Recorder 4 - 1704 to 2804,04-18-2026,06:39:02,1.92134W,50.94019N,100%,18C,49%,4_20260418_063902.wav,AGC,48kHz,stereo,Part1,4_20260418_063902.wav,183.0,186.0,184.91675,184.66675,185.16675,0.0,0.0,0.0,180.0,"left,right"
Recorder 4 - 1704 to 2804,04-18-2026,06:39:02,1.92134W,50.94019N,100%,18C,49%,4_20260418_063902.wav,AGC,48kHz,stereo,Part1,4_20260418_063902.wav,444.0,447.0,446.4384375,446.1884375,446.6884375,0.0013020833333333333,0.0625,0.1705944566832045,179.8294055433168,"left,right"
Recorder 4 - 1704 to 2804,04-18-2026,06:39:02,1.92134W,50.94019N,100%,18C,49%,4_20260418_063902.wav,AGC,48kHz,stereo,Part1,4_20260418_063902.wav,1365.0,1368.0,1366.1428541666667,1365.8928541666667,1366.3928541666667,0.022135416666666668,1.0625,2.9013412575649227,177.09865874243508,"left,right"
Recorder 4 - 1704 to 2804,04-18-2026,06:39:02,1.92134W,50.94019N,100%,18C,49%,4_20260418_063902.wav,AGC,48kHz,stereo,Part1,4_20260418_063902.wav,1776.0,1779.0,1776.9196458333333,1776.6696458333333,1777.1696458333333,-0.01953125,-0.9375,357.4402354785634,182.5597645214366,"left,right"
Recorder 4 - 1704 to 2804,04-18-2026,07:09:03,1.92134W,50.94019N,100%,18C,49%,4_20260418_070903.wav,AGC,48kHz,stereo,Part2,4_20260418_070903.wav,1056.0,1059.0,1057.0071041666667,1056.7571041666667,1057.2571041666667,-0.022135416666666668,-1.0625,357.0986587424351,182.90134125756492,"left,right"
Recorder 4 - 1704 to 2804,04-20-2026,06:39:02,1.92134W,50.94019N,100%,18C,37%,4_20260420_063902.wav,AGC,48kHz,stereo,Part1,4_20260420_063902.wav,843.0,846.0,843.4544583333334,843.2044583333334,843.7044583333334,-0.020833333333333332,-1.0,357.26945925055134,182.73054074944866,"left,right"
Recorder 4 - 1704 to 2804,04-20-2026,06:39:02,1.92134W,50.94019N,100%,18C,37%,4_20260420_063902.wav,AGC,48kHz,stereo,Part1,4_20260420_063902.wav,846.0,849.0,846.1387291666666,846.0,846.3887291666666,0.0013020833333333333,0.0625,0.1705944566832045,179.8294055433168,"left,right"
Recorder 4 - 1704 to 2804,04-20-2026,06:39:02,1.92134W,50.94019N,100%,18C,37%,4_20260420_063902.wav,AGC,48kHz,stereo,Part1,4_20260420_063902.wav,1356.0,1359.0,1358.0676875,1357.8176875,1358.3176875,0.0,0.0,0.0,180.0,"left,right"
Recorder 4 - 1704 to 2804,04-20-2026,06:39:02,1.92134W,50.94019N,100%,18C,37%,4_20260420_063902.wav,AGC,48kHz,stereo,Part1,4_20260420_063902.wav,1584.0,1587.0,1585.6186041666667,1585.3686041666667,1585.8686041666667,0.018229166666666668,0.8750000000000001,2.389011046620638,177.61098895337938,"left,right"
Recorder 4 - 1704 to 2804,04-21-2026,06:39:02,1.92134W,50.94019N,100%,15C,55%,4_20260421_063902.wav,AGC,48kHz,stereo,Part1,4_20260421_063902.wav,330.0,333.0,330.95725,330.70725,331.20725,0.0,0.0,0.0,180.0,"left,right"
Recorder 4 - 1704 to 2804,04-21-2026,06:39:02,1.92134W,50.94019N,100%,15C,55%,4_20260421_063902.wav,AGC,48kHz,stereo,Part1,4_20260421_063902.wav,465.0,468.0,467.71310416666665,467.46310416666665,467.96310416666665,-0.01953125,-0.9375,357.4402354785634,182.5597645214366,"left,right"
Recorder 4 - 1704 to 2804,04-21-2026,06:39:02,1.92134W,50.94019N,100%,15C,55%,4_20260421_063902.wav,AGC,48kHz,stereo,Part1,4_20260421_063902.wav,906.0,909.0,907.8733541666667,907.6233541666667,908.1233541666667,0.020833333333333332,1.0,2.730540749448636,177.26945925055136,"left,right"
Recorder 4 - 1704 to 2804,04-21-2026,06:39:02,1.92134W,50.94019N,100%,15C,55%,4_20260421_063902.wav,AGC,48kHz,stereo,Part1,4_20260421_063902.wav,1161.0,1164.0,1163.137,1162.887,1163.387,-0.0013020833333333333,-0.0625,359.8294055433168,180.1705944566832,"left,right"
Recorder 4 - 1704 to 2804,04-21-2026,06:39:02,1.92134W,50.94019N,100%,15C,55%,4_20260421_063902.wav,AGC,48kHz,stereo,Part1,4_20260421_063902.wav,1740.0,1743.0,1740.622,1740.372,1740.872,-0.01953125,-0.9375,357.4402354785634,182.5597645214366,"left,right"
Recorder 4 - 1704 to 2804,04-21-2026,07:09:03,1.92134W,50.94019N,100%,15C,55%,4_20260421_070903.wav,AGC,48kHz,stereo,Part2,4_20260421_070903.wav,27.0,30.0,29.185979166666666,28.935979166666666,29.435979166666666,-0.01953125,-0.9375,357.4402354785634,182.5597645214366,"left,right"
Recorder 4 - 1704 to 2804,04-21-2026,07:09:03,1.92134W,50.94019N,100%,15C,55%,4_20260421_070903.wav,AGC,48kHz,stereo,Part2,4_20260421_070903.wav,279.0,282.0,279.0405416666667,279.0,279.2905416666667,0.0,0.0,0.0,180.0,"left,right"
Recorder 4 - 1704 to 2804,04-21-2026,07:09:03,1.92134W,50.94019N,100%,15C,55%,4_20260421_070903.wav,AGC,48kHz,stereo,Part2,4_20260421_070903.wav,471.0,474.0,471.2774791666667,471.0274791666667,471.5274791666667,-0.020833333333333332,-1.0,357.26945925055134,182.73054074944866,"left,right"
Recorder 4 - 1704 to 2804,04-21-2026,07:09:03,1.92134W,50.94019N,100%,15C,55%,4_20260421_070903.wav,AGC,48kHz,stereo,Part2,4_20260421_070903.wav,618.0,621.0,618.1352083333334,618.0,618.3852083333334,0.0013020833333333333,0.0625,0.1705944566832045,179.8294055433168,"left,right"
Recorder 4 - 1704 to 2804,04-22-2026,07:09:03,1.92134W,50.94019N,100%,20C,36%,4_20260422_070903.wav,AGC,48kHz,stereo,Part2,4_20260422_070903.wav,882.0,885.0,884.9259583333334,884.6759583333334,885.0,0.0,0.0,0.0,180.0,"left,right"
Recorder 4 - 1704 to 2804,04-23-2026,06:39:02,1.92134W,50.94019N,100%,22C,39%,4_20260423_063902.wav,AGC,48kHz,stereo,Part1,4_20260423_063902.wav,186.0,189.0,187.63810416666666,187.38810416666666,187.88810416666666,-0.10416666666666667,-5.0,346.22000051887755,193.77999948112247,"left,right"
Recorder 4 - 1704 to 2804,04-26-2026,06:39:02,1.92134W,50.94020N,100%,25C,25%,4_20260426_063902.wav,AGC,48kHz,stereo,Part1,4_20260426_063902.wav,375.0,378.0,376.3196875,376.0696875,376.5696875,0.0,0.0,0.0,180.0,"left,right"
Recorder 4 - 1704 to 2804,04-26-2026,06:39:02,1.92134W,50.94020N,100%,25C,25%,4_20260426_063902.wav,AGC,48kHz,stereo,Part1,4_20260426_063902.wav,1467.0,1470.0,1467.1631458333334,1467.0,1467.4131458333334,-0.01953125,-0.9375,357.4402354785634,182.5597645214366,"left,right"
Recorder 4 - 1704 to 2804,04-26-2026,06:39:02,1.92134W,50.94020N,100%,25C,25%,4_20260426_063902.wav,AGC,48kHz,stereo,Part1,4_20260426_063902.wav,1545.0,1548.0,1546.6160416666667,1546.3660416666667,1546.8660416666667,-0.01953125,-0.9375,357.4402354785634,182.5597645214366,"left,right"
Recorder 4 - 1704 to 2804,04-26-2026,06:39:02,1.92134W,50.94020N,100%,25C,25%,4_20260426_063902.wav,AGC,48kHz,stereo,Part1,4_20260426_063902.wav,1743.0,1746.0,1745.7506875,1745.5006875,1746.0,0.0,0.0,0.0,180.0,"left,right"
Recorder 4 - 1704 to 2804,04-26-2026,07:09:03,1.92134W,50.94020N,100%,25C,25%,4_20260426_070903.wav,AGC,48kHz,stereo,Part2,4_20260426_070903.wav,36.0,39.0,37.00147916666667,36.75147916666667,37.25147916666667,0.0013020833333333333,0.0625,0.1705944566832045,179.8294055433168,"left,right"
Recorder 4 - 1704 to 2804,04-26-2026,07:09:03,1.92134W,50.94020N,100%,25C,25%,4_20260426_070903.wav,AGC,48kHz,stereo,Part2,4_20260426_070903.wav,342.0,345.0,342.46245833333336,342.21245833333336,342.71245833333336,0.0013020833333333333,0.0625,0.1705944566832045,179.8294055433168,"left,right"
Recorder 4 - 1704 to 2804,04-26-2026,07:09:03,1.92134W,50.94020N,100%,25C,25%,4_20260426_070903.wav,AGC,48kHz,stereo,Part2,4_20260426_070903.wav,498.0,501.0,500.1177916666667,499.8677916666667,500.3677916666667,0.0,0.0,0.0,180.0,"left,right"
Recorder 4 - 1704 to 2804,04-26-2026,07:09:03,1.92134W,50.94020N,100%,25C,25%,4_20260426_070903.wav,AGC,48kHz,stereo,Part2,4_20260426_070903.wav,603.0,606.0,604.3462083333334,604.0962083333334,604.5962083333334,0.020833333333333332,1.0,2.730540749448636,177.26945925055136,"left,right"
Recorder 4 - 1704 to 2804,04-26-2026,07:09:03,1.92134W,50.94020N,100%,25C,25%,4_20260426_070903.wav,AGC,48kHz,stereo,Part2,4_20260426_070903.wav,729.0,732.0,731.4992708333333,731.2492708333333,731.7492708333333,0.020833333333333332,1.0,2.730540749448636,177.26945925055136,"left,right"
Recorder 4 - 1704 to 2804,04-26-2026,07:09:03,1.92134W,50.94020N,100%,25C,25%,4_20260426_070903.wav,AGC,48kHz,stereo,Part2,4_20260426_070903.wav,867.0,870.0,869.222,868.972,869.472,-0.0013020833333333333,-0.0625,359.8294055433168,180.1705944566832,"left,right"
Recorder 4 - 1704 to 2804,04-26-2026,07:09:03,1.92134W,50.94020N,100%,25C,25%,4_20260426_070903.wav,AGC,48kHz,stereo,Part2,4_20260426_070903.wav,978.0,981.0,980.6331041666666,980.3831041666666,980.8831041666666,0.0,0.0,0.0,180.0,"left,right"
Recorder 4 - 1704 to 2804,04-26-2026,07:09:03,1.92134W,50.94020N,100%,25C,25%,4_20260426_070903.wav,AGC,48kHz,stereo,Part2,4_20260426_070903.wav,1326.0,1329.0,1326.9960833333334,1326.7460833333334,1327.2460833333334,0.0,0.0,0.0,180.0,"left,right"
Recorder 4 - 1704 to 2804,04-26-2026,07:09:03,1.92134W,50.94020N,100%,25C,25%,4_20260426_070903.wav,AGC,48kHz,stereo,Part2,4_20260426_070903.wav,1410.0,1413.0,1411.0784583333334,1410.8284583333334,1411.3284583333334,0.01953125,0.9375,2.559764521436577,177.4402354785634,"left,right"
Recorder 4 - 1704 to 2804,04-27-2026,07:09:03,1.92134W,50.94020N,100%,25C,31%,4_20260427_070903.wav,AGC,48kHz,stereo,Part2,4_20260427_070903.wav,810.0,813.0,812.0463958333333,811.7963958333333,812.2963958333333,0.020833333333333332,1.0,2.730540749448636,177.26945925055136,"left,right"
Recorder 4 - 1704 to 2804,04-28-2026,06:39:02,1.92134W,50.94020N,100%,15C,57%,4_20260428_063902.wav,AGC,48kHz,stereo,Part1,4_20260428_063902.wav,51.0,54.0,51.17727083333333,51.0,51.42727083333333,0.0,0.0,0.0,180.0,"left,right"
Recorder 4 - 1704 to 2804,04-28-2026,06:39:02,1.92134W,50.94020N,100%,15C,57%,4_20260428_063902.wav,AGC,48kHz,stereo,Part1,4_20260428_063902.wav,321.0,324.0,323.87670833333334,323.62670833333334,324.0,0.0,0.0,0.0,180.0,"left,right"
Recorder 4 - 1704 to 2804,04-28-2026,06:39:02,1.92134W,50.94020N,100%,15C,57%,4_20260428_063902.wav,AGC,48kHz,stereo,Part1,4_20260428_063902.wav,540.0,543.0,541.7823333333333,541.5323333333333,542.0323333333333,0.0,0.0,0.0,180.0,"left,right"
Recorder 4 - 1704 to 2804,04-28-2026,06:39:02,1.92134W,50.94020N,100%,15C,57%,4_20260428_063902.wav,AGC,48kHz,stereo,Part1,4_20260428_063902.wav,687.0,690.0,689.9760625,689.7260625,690.0,0.0,0.0,0.0,180.0,"left,right"
Recorder 4 - 1704 to 2804,04-28-2026,07:09:03,1.92134W,50.94020N,100%,15C,57%,4_20260428_070903.wav,AGC,48kHz,stereo,Part2,4_20260428_070903.wav,693.0,696.0,695.8477083333333,695.5977083333333,696.0,0.01953125,0.9375,2.559764521436577,177.4402354785634,"left,right"
Recorder 4 - 1704 to 2804,04-28-2026,07:09:03,1.92134W,50.94020N,100%,15C,57%,4_20260428_070903.wav,AGC,48kHz,stereo,Part2,4_20260428_070903.wav,1023.0,1026.0,1024.9773125,1024.7273125,1025.2273125,0.01953125,0.9375,2.559764521436577,177.4402354785634,"left,right"
Recorder 4 - 1704 to 2804,04-28-2026,07:09:03,1.92134W,50.94020N,100%,15C,57%,4_20260428_070903.wav,AGC,48kHz,stereo,Part2,4_20260428_070903.wav,1242.0,1245.0,1244.7606041666666,1244.5106041666666,1245.0,0.0,0.0,0.0,180.0,"left,right"
Recorder 4 - 1704 to 2804,04-28-2026,07:09:03,1.92134W,50.94020N,100%,15C,57%,4_20260428_070903.wav,AGC,48kHz,stereo,Part2,4_20260428_070903.wav,1794.0,1797.0,1795.7847708333334,1795.5347708333334,1796.0347708333334,0.018229166666666668,0.8750000000000001,2.389011046620638,177.61098895337938,"left,right"
Recorder 5 - 1004 to 1704,04-10-2026,18:42:08,1.92338W,50.94177N,100%,8C,63%,5_20260410_184208.wav,AGC,48kHz,stereo,Part1,5_20260410_184208.wav,21.0,24.0,22.268,22.018,22.518,-0.01953125,-0.9375,357.4402354785634,182.5597645214366,"left,right"
Recorder 5 - 1004 to 1704,04-10-2026,18:42:08,1.92338W,50.94177N,100%,8C,63%,5_20260410_184208.wav,AGC,48kHz,stereo,Part1,5_20260410_184208.wav,153.0,156.0,154.8116875,154.5616875,155.0616875,-0.0013020833333333333,-0.0625,359.8294055433168,180.1705944566832,"left,right"
Recorder 5 - 1004 to 1704,04-10-2026,18:42:08,1.92338W,50.94177N,100%,8C,63%,5_20260410_184208.wav,AGC,48kHz,stereo,Part1,5_20260410_184208.wav,162.0,165.0,164.99,164.74,165.0,-0.0013020833333333333,-0.0625,359.8294055433168,180.1705944566832,"left,right"
Recorder 5 - 1004 to 1704,04-10-2026,18:42:08,1.92338W,50.94177N,100%,8C,63%,5_20260410_184208.wav,AGC,48kHz,stereo,Part1,5_20260410_184208.wav,480.0,483.0,480.3943958333333,480.1443958333333,480.6443958333333,-0.01953125,-0.9375,357.4402354785634,182.5597645214366,"left,right"
Recorder 5 - 1004 to 1704,04-10-2026,18:42:08,1.92338W,50.94177N,100%,8C,63%,5_20260410_184208.wav,AGC,48kHz,stereo,Part1,5_20260410_184208.wav,618.0,621.0,620.560125,620.310125,620.810125,-0.0234375,-1.125,356.92783242535745,183.07216757464255,"left,right"
Recorder 5 - 1004 to 1704,04-10-2026,18:42:08,1.92338W,50.94177N,100%,8C,63%,5_20260410_184208.wav,AGC,48kHz,stereo,Part1,5_20260410_184208.wav,774.0,777.0,776.9268541666667,776.6768541666667,777.0,-0.01953125,-0.9375,357.4402354785634,182.5597645214366,"left,right"
Recorder 5 - 1004 to 1704,04-10-2026,18:42:08,1.92338W,50.94177N,100%,8C,63%,5_20260410_184208.wav,AGC,48kHz,stereo,Part1,5_20260410_184208.wav,1428.0,1431.0,1428.9197083333333,1428.6697083333333,1429.1697083333333,0.0,0.0,0.0,180.0,"left,right"
Recorder 5 - 1004 to 1704,04-10-2026,19:12:09,1.92338W,50.94177N,100%,8C,63%,5_20260410_191209.wav,AGC,48kHz,stereo,Part2,5_20260410_191209.wav,24.0,27.0,25.726583333333334,25.476583333333334,25.976583333333334,0.0,0.0,0.0,180.0,"left,right"
Recorder 5 - 1004 to 1704,04-10-2026,19:12:09,1.92338W,50.94177N,100%,8C,63%,5_20260410_191209.wav,AGC,48kHz,stereo,Part2,5_20260410_191209.wav,231.0,234.0,231.68664583333333,231.43664583333333,231.93664583333333,-0.018229166666666668,-0.8750000000000001,357.6109889533793,182.38901104662065,"left,right"
Recorder 5 - 1004 to 1704,04-10-2026,19:12:09,1.92338W,50.94177N,100%,8C,63%,5_20260410_191209.wav,AGC,48kHz,stereo,Part2,5_20260410_191209.wav,1545.0,1548.0,1545.7582708333334,1545.5082708333334,1546.0082708333334,0.018229166666666668,0.8750000000000001,2.389011046620638,177.61098895337938,"left,right"
Recorder 5 - 1004 to 1704,04-10-2026,19:12:09,1.92338W,50.94177N,100%,8C,63%,5_20260410_191209.wav,AGC,48kHz,stereo,Part2,5_20260410_191209.wav,1734.0,1737.0,1734.1214166666666,1734.0,1734.3714166666666,0.0,0.0,0.0,180.0,"left,right"
Recorder 5 - 1004 to 1704,04-11-2026,06:39:02,1.92340W,50.94178N,100%,7C,89%,5_20260411_063902.wav,AGC,48kHz,stereo,Part1,5_20260411_063902.wav,855.0,858.0,855.2212291666667,855.0,855.4712291666667,0.0,0.0,0.0,180.0,"left,right"
Recorder 5 - 1004 to 1704,04-11-2026,06:39:02,1.92340W,50.94178N,100%,7C,89%,5_20260411_063902.wav,AGC,48kHz,stereo,Part1,5_20260411_063902.wav,1056.0,1059.0,1058.267625,1058.017625,1058.517625,-0.018229166666666668,-0.8750000000000001,357.6109889533793,182.38901104662065,"left,right"
Recorder 5 - 1004 to 1704,04-11-2026,06:39:02,1.92340W,50.94178N,100%,7C,89%,5_20260411_063902.wav,AGC,48kHz,stereo,Part1,5_20260411_063902.wav,1599.0,1602.0,1600.7191875,1600.4691875,1600.9691875,0.0,0.0,0.0,180.0,"left,right"
Recorder 5 - 1004 to 1704,04-11-2026,07:09:03,1.92340W,50.94178N,100%,7C,89%,5_20260411_070903.wav,AGC,48kHz,stereo,Part2,5_20260411_070903.wav,891.0,894.0,892.5310416666666,892.2810416666666,892.7810416666666,0.0,0.0,0.0,180.0,"left,right"
Recorder 5 - 1004 to 1704,04-11-2026,18:42:02,1.92340W,50.94178N,100%,9C,56%,5_20260411_184202.wav,AGC,48kHz,stereo,Part1,5_20260411_184202.wav,1143.0,1146.0,1144.98875,1144.73875,1145.23875,-0.01953125,-0.9375,357.4402354785634,182.5597645214366,"left,right"
Recorder 5 - 1004 to 1704,04-11-2026,18:42:02,1.92340W,50.94178N,100%,9C,56%,5_20260411_184202.wav,AGC,48kHz,stereo,Part1,5_20260411_184202.wav,1236.0,1239.0,1238.8172083333334,1238.5672083333334,1239.0,0.0,0.0,0.0,180.0,"left,right"
Recorder 5 - 1004 to 1704,04-12-2026,06:39:02,1.92340W,50.94178N,100%,5C,86%,5_20260412_063902.wav,AGC,48kHz,stereo,Part1,5_20260412_063902.wav,768.0,771.0,768.470125,768.220125,768.720125,-0.020833333333333332,-1.0,357.26945925055134,182.73054074944866,"left,right"
Recorder 5 - 1004 to 1704,04-12-2026,06:39:02,1.92340W,50.94178N,100%,5C,86%,5_20260412_063902.wav,AGC,48kHz,stereo,Part1,5_20260412_063902.wav,870.0,873.0,872.2884166666666,872.0384166666666,872.5384166666666,-0.020833333333333332,-1.0,357.26945925055134,182.73054074944866,"left,right"
Recorder 5 - 1004 to 1704,04-12-2026,06:39:02,1.92340W,50.94178N,100%,5C,86%,5_20260412_063902.wav,AGC,48kHz,stereo,Part1,5_20260412_063902.wav,1104.0,1107.0,1104.0207708333332,1104.0,1104.2707708333332,0.0013020833333333333,0.0625,0.1705944566832045,179.8294055433168,"left,right"
Recorder 5 - 1004 to 1704,04-12-2026,18:42:02,1.92340W,50.94178N,100%,13C,54%,5_20260412_184202.wav,AGC,48kHz,stereo,Part1,5_20260412_184202.wav,159.0,162.0,160.333375,160.083375,160.583375,-0.01953125,-0.9375,357.4402354785634,182.5597645214366,"left,right"
Recorder 5 - 1004 to 1704,04-12-2026,18:42:02,1.92340W,50.94178N,100%,13C,54%,5_20260412_184202.wav,AGC,48kHz,stereo,Part1,5_20260412_184202.wav,483.0,486.0,483.4969791666667,483.2469791666667,483.7469791666667,0.0,0.0,0.0,180.0,"left,right"
Recorder 5 - 1004 to 1704,04-12-2026,18:42:02,1.92340W,50.94178N,100%,13C,54%,5_20260412_184202.wav,AGC,48kHz,stereo,Part1,5_20260412_184202.wav,711.0,714.0,711.314,711.064,711.564,0.0,0.0,0.0,180.0,"left,right"
Recorder 5 - 1004 to 1704,04-12-2026,18:42:02,1.92340W,50.94178N,100%,13C,54%,5_20260412_184202.wav,AGC,48kHz,stereo,Part1,5_20260412_184202.wav,885.0,888.0,886.4680416666666,886.2180416666666,886.7180416666666,0.0,0.0,0.0,180.0,"left,right"
Recorder 5 - 1004 to 1704,04-12-2026,18:42:02,1.92340W,50.94178N,100%,13C,54%,5_20260412_184202.wav,AGC,48kHz,stereo,Part1,5_20260412_184202.wav,1149.0,1152.0,1150.32875,1150.07875,1150.57875,0.0,0.0,0.0,180.0,"left,right"
Recorder 5 - 1004 to 1704,04-12-2026,18:42:02,1.92340W,50.94178N,100%,13C,54%,5_20260412_184202.wav,AGC,48kHz,stereo,Part1,5_20260412_184202.wav,1332.0,1335.0,1334.3226875,1334.0726875,1334.5726875,-0.01953125,-0.9375,357.4402354785634,182.5597645214366,"left,right"
Recorder 5 - 1004 to 1704,04-12-2026,18:42:02,1.92340W,50.94178N,100%,13C,54%,5_20260412_184202.wav,AGC,48kHz,stereo,Part1,5_20260412_184202.wav,1554.0,1557.0,1556.1795,1555.9295,1556.4295,0.0,0.0,0.0,180.0,"left,right"
Recorder 5 - 1004 to 1704,04-12-2026,18:42:02,1.92340W,50.94178N,100%,13C,54%,5_20260412_184202.wav,AGC,48kHz,stereo,Part1,5_20260412_184202.wav,1665.0,1668.0,1667.5273958333332,1667.2773958333332,1667.7773958333332,0.0,0.0,0.0,180.0,"left,right"
Recorder 5 - 1004 to 1704,04-12-2026,19:12:03,1.92340W,50.94178N,100%,13C,54%,5_20260412_191203.wav,AGC,48kHz,stereo,Part2,5_20260412_191203.wav,258.0,261.0,258.7690416666667,258.5190416666667,259.0190416666667,0.0,0.0,0.0,180.0,"left,right"
Recorder 5 - 1004 to 1704,04-12-2026,19:12:03,1.92340W,50.94178N,100%,13C,54%,5_20260412_191203.wav,AGC,48kHz,stereo,Part2,5_20260412_191203.wav,459.0,462.0,461.5710833333333,461.3210833333333,461.8210833333333,0.01953125,0.9375,2.559764521436577,177.4402354785634,"left,right"
Recorder 5 - 1004 to 1704,04-12-2026,19:12:03,1.92340W,50.94178N,100%,13C,54%,5_20260412_191203.wav,AGC,48kHz,stereo,Part2,5_20260412_191203.wav,696.0,699.0,698.5562708333333,698.3062708333333,698.8062708333333,0.020833333333333332,1.0,2.730540749448636,177.26945925055136,"left,right"
Recorder 5 - 1004 to 1704,04-12-2026,19:12:03,1.92340W,50.94178N,100%,13C,54%,5_20260412_191203.wav,AGC,48kHz,stereo,Part2,5_20260412_191203.wav,699.0,702.0,699.5672291666667,699.3172291666667,699.8172291666667,0.0,0.0,0.0,180.0,"left,right"
Recorder 5 - 1004 to 1704,04-12-2026,19:12:03,1.92340W,50.94178N,100%,13C,54%,5_20260412_191203.wav,AGC,48kHz,stereo,Part2,5_20260412_191203.wav,1014.0,1017.0,1015.0391458333334,1014.7891458333334,1015.2891458333334,-0.0013020833333333333,-0.0625,359.8294055433168,180.1705944566832,"left,right"
Recorder 5 - 1004 to 1704,04-12-2026,19:12:03,1.92340W,50.94178N,100%,13C,54%,5_20260412_191203.wav,AGC,48kHz,stereo,Part2,5_20260412_191203.wav,1080.0,1083.0,1082.200375,1081.950375,1082.450375,0.0,0.0,0.0,180.0,"left,right"
Recorder 5 - 1004 to 1704,04-12-2026,19:12:03,1.92340W,50.94178N,100%,13C,54%,5_20260412_191203.wav,AGC,48kHz,stereo,Part2,5_20260412_191203.wav,1104.0,1107.0,1105.4566458333334,1105.2066458333334,1105.7066458333334,0.0,0.0,0.0,180.0,"left,right"
Recorder 5 - 1004 to 1704,04-12-2026,19:12:03,1.92340W,50.94178N,100%,13C,54%,5_20260412_191203.wav,AGC,48kHz,stereo,Part2,5_20260412_191203.wav,1191.0,1194.0,1191.7726666666667,1191.5226666666667,1192.0226666666667,-0.022135416666666668,-1.0625,357.0986587424351,182.90134125756492,"left,right"
Recorder 5 - 1004 to 1704,04-12-2026,19:12:03,1.92340W,50.94178N,100%,13C,54%,5_20260412_191203.wav,AGC,48kHz,stereo,Part2,5_20260412_191203.wav,1284.0,1287.0,1285.2733333333333,1285.0233333333333,1285.5233333333333,0.0,0.0,0.0,180.0,"left,right"
Recorder 5 - 1004 to 1704,04-12-2026,19:12:03,1.92340W,50.94178N,100%,13C,54%,5_20260412_191203.wav,AGC,48kHz,stereo,Part2,5_20260412_191203.wav,1341.0,1344.0,1343.6815,1343.4315,1343.9315,0.0,0.0,0.0,180.0,"left,right"
Recorder 5 - 1004 to 1704,04-12-2026,19:12:03,1.92340W,50.94178N,100%,13C,54%,5_20260412_191203.wav,AGC,48kHz,stereo,Part2,5_20260412_191203.wav,1437.0,1440.0,1437.6292083333333,1437.3792083333333,1437.8792083333333,0.0,0.0,0.0,180.0,"left,right"
Recorder 5 - 1004 to 1704,04-12-2026,19:12:03,1.92340W,50.94178N,100%,13C,54%,5_20260412_191203.wav,AGC,48kHz,stereo,Part2,5_20260412_191203.wav,1479.0,1482.0,1479.9019375,1479.6519375,1480.1519375,-0.01953125,-0.9375,357.4402354785634,182.5597645214366,"left,right"
Recorder 5 - 1004 to 1704,04-12-2026,19:12:03,1.92340W,50.94178N,100%,13C,54%,5_20260412_191203.wav,AGC,48kHz,stereo,Part2,5_20260412_191203.wav,1629.0,1632.0,1630.9856666666667,1630.7356666666667,1631.2356666666667,0.0,0.0,0.0,180.0,"left,right"
Recorder 5 - 1004 to 1704,04-12-2026,19:12:03,1.92340W,50.94178N,100%,13C,54%,5_20260412_191203.wav,AGC,48kHz,stereo,Part2,5_20260412_191203.wav,1638.0,1641.0,1639.8537916666667,1639.6037916666667,1640.1037916666667,0.0,0.0,0.0,180.0,"left,right"
Recorder 5 - 1004 to 1704,04-12-2026,19:12:03,1.92340W,50.94178N,100%,13C,54%,5_20260412_191203.wav,AGC,48kHz,stereo,Part2,5_20260412_191203.wav,1686.0,1689.0,1686.4456041666667,1686.1956041666667,1686.6956041666667,0.0,0.0,0.0,180.0,"left,right"
Recorder 5 - 1004 to 1704,04-12-2026,19:12:03,1.92340W,50.94178N,100%,13C,54%,5_20260412_191203.wav,AGC,48kHz,stereo,Part2,5_20260412_191203.wav,1746.0,1749.0,1747.4985,1747.2485,1747.7485,-0.022135416666666668,-1.0625,357.0986587424351,182.90134125756492,"left,right"
Recorder 5 - 1004 to 1704,04-13-2026,06:39:02,1.92340W,50.94178N,100%,2C,99%,5_20260413_063902.wav,AGC,48kHz,stereo,Part1,5_20260413_063902.wav,186.0,189.0,188.05002083333332,187.80002083333332,188.30002083333332,-0.01953125,-0.9375,357.4402354785634,182.5597645214366,"left,right"
Recorder 5 - 1004 to 1704,04-13-2026,06:39:02,1.92340W,50.94178N,100%,2C,99%,5_20260413_063902.wav,AGC,48kHz,stereo,Part1,5_20260413_063902.wav,435.0,438.0,437.5196666666667,437.2696666666667,437.7696666666667,0.0,0.0,0.0,180.0,"left,right"
Recorder 5 - 1004 to 1704,04-13-2026,06:39:02,1.92340W,50.94178N,100%,2C,99%,5_20260413_063902.wav,AGC,48kHz,stereo,Part1,5_20260413_063902.wav,462.0,465.0,462.20366666666666,462.0,462.45366666666666,0.0013020833333333333,0.0625,0.1705944566832045,179.8294055433168,"left,right"
Recorder 5 - 1004 to 1704,04-13-2026,06:39:02,1.92340W,50.94178N,100%,2C,99%,5_20260413_063902.wav,AGC,48kHz,stereo,Part1,5_20260413_063902.wav,507.0,510.0,509.078875,508.828875,509.328875,-0.0013020833333333333,-0.0625,359.8294055433168,180.1705944566832,"left,right"
Recorder 5 - 1004 to 1704,04-13-2026,06:39:02,1.92340W,50.94178N,100%,2C,99%,5_20260413_063902.wav,AGC,48kHz,stereo,Part1,5_20260413_063902.wav,597.0,600.0,598.6356458333333,598.3856458333333,598.8856458333333,0.018229166666666668,0.8750000000000001,2.389011046620638,177.61098895337938,"left,right"
Recorder 5 - 1004 to 1704,04-13-2026,06:39:02,1.92340W,50.94178N,100%,2C,99%,5_20260413_063902.wav,AGC,48kHz,stereo,Part1,5_20260413_063902.wav,642.0,645.0,644.8610208333333,644.6110208333333,645.0,0.020833333333333332,1.0,2.730540749448636,177.26945925055136,"left,right"
Recorder 5 - 1004 to 1704,04-13-2026,06:39:02,1.92340W,50.94178N,100%,2C,99%,5_20260413_063902.wav,AGC,48kHz,stereo,Part1,5_20260413_063902.wav,744.0,747.0,744.6949166666667,744.4449166666667,744.9449166666667,-0.3958333333333333,-19.0,295.15800444345996,244.84199555654007,"left,right"
Recorder 5 - 1004 to 1704,04-13-2026,06:39:02,1.92340W,50.94178N,100%,2C,99%,5_20260413_063902.wav,AGC,48kHz,stereo,Part1,5_20260413_063902.wav,1074.0,1077.0,1076.3397291666668,1076.0897291666668,1076.5897291666668,0.0013020833333333333,0.0625,0.1705944566832045,179.8294055433168,"left,right"
Recorder 5 - 1004 to 1704,04-13-2026,07:09:03,1.92340W,50.94178N,100%,2C,99%,5_20260413_070903.wav,AGC,48kHz,stereo,Part2,5_20260413_070903.wav,33.0,36.0,33.67995833333333,33.42995833333333,33.92995833333333,0.0,0.0,0.0,180.0,"left,right"
Recorder 5 - 1004 to 1704,04-13-2026,07:09:03,1.92340W,50.94178N,100%,2C,99%,5_20260413_070903.wav,AGC,48kHz,stereo,Part2,5_20260413_070903.wav,129.0,132.0,131.56585416666667,131.31585416666667,131.81585416666667,0.0013020833333333333,0.0625,0.1705944566832045,179.8294055433168,"left,right"
Recorder 5 - 1004 to 1704,04-13-2026,07:09:03,1.92340W,50.94178N,100%,2C,99%,5_20260413_070903.wav,AGC,48kHz,stereo,Part2,5_20260413_070903.wav,759.0,762.0,760.6538958333333,760.4038958333333,760.9038958333333,-0.01953125,-0.9375,357.4402354785634,182.5597645214366,"left,right"
Recorder 5 - 1004 to 1704,04-13-2026,07:09:03,1.92340W,50.94178N,100%,2C,99%,5_20260413_070903.wav,AGC,48kHz,stereo,Part2,5_20260413_070903.wav,1074.0,1077.0,1075.6440416666667,1075.3940416666667,1075.8940416666667,0.0,0.0,0.0,180.0,"left,right"
Recorder 5 - 1004 to 1704,04-13-2026,07:09:03,1.92340W,50.94178N,100%,2C,99%,5_20260413_070903.wav,AGC,48kHz,stereo,Part2,5_20260413_070903.wav,1323.0,1326.0,1324.525375,1324.275375,1324.775375,0.0,0.0,0.0,180.0,"left,right"
Recorder 5 - 1004 to 1704,04-13-2026,07:09:03,1.92340W,50.94178N,100%,2C,99%,5_20260413_070903.wav,AGC,48kHz,stereo,Part2,5_20260413_070903.wav,1773.0,1776.0,1773.7349583333332,1773.4849583333332,1773.9849583333332,0.01953125,0.9375,2.559764521436577,177.4402354785634,"left,right"
Recorder 5 - 1004 to 1704,04-13-2026,18:42:02,1.92340W,50.94178N,100%,13C,57%,5_20260413_184202.wav,AGC,48kHz,stereo,Part1,5_20260413_184202.wav,102.0,105.0,104.595375,104.345375,104.845375,0.0,0.0,0.0,180.0,"left,right"
Recorder 5 - 1004 to 1704,04-13-2026,18:42:02,1.92340W,50.94178N,100%,13C,57%,5_20260413_184202.wav,AGC,48kHz,stereo,Part1,5_20260413_184202.wav,942.0,945.0,944.1486666666667,943.8986666666667,944.3986666666667,-0.0013020833333333333,-0.0625,359.8294055433168,180.1705944566832,"left,right"
Recorder 5 - 1004 to 1704,04-13-2026,18:42:02,1.92340W,50.94178N,100%,13C,57%,5_20260413_184202.wav,AGC,48kHz,stereo,Part1,5_20260413_184202.wav,1119.0,1122.0,1119.0795833333334,1119.0,1119.3295833333334,0.0,0.0,0.0,180.0,"left,right"
Recorder 5 - 1004 to 1704,04-13-2026,18:42:02,1.92340W,50.94178N,100%,13C,57%,5_20260413_184202.wav,AGC,48kHz,stereo,Part1,5_20260413_184202.wav,1506.0,1509.0,1508.3427291666667,1508.0927291666667,1508.5927291666667,-0.01953125,-0.9375,357.4402354785634,182.5597645214366,"left,right"
Recorder 5 - 1004 to 1704,04-13-2026,19:12:03,1.92340W,50.94178N,100%,13C,57%,5_20260413_191203.wav,AGC,48kHz,stereo,Part2,5_20260413_191203.wav,93.0,96.0,95.86075,95.61075,96.0,-0.0013020833333333333,-0.0625,359.8294055433168,180.1705944566832,"left,right"
Recorder 5 - 1004 to 1704,04-13-2026,19:12:03,1.92340W,50.94178N,100%,13C,57%,5_20260413_191203.wav,AGC,48kHz,stereo,Part2,5_20260413_191203.wav,96.0,99.0,98.76535416666667,98.51535416666667,99.0,0.0,0.0,0.0,180.0,"left,right"
Recorder 5 - 1004 to 1704,04-13-2026,19:12:03,1.92340W,50.94178N,100%,13C,57%,5_20260413_191203.wav,AGC,48kHz,stereo,Part2,5_20260413_191203.wav,240.0,243.0,241.75072916666667,241.50072916666667,242.00072916666667,-0.022135416666666668,-1.0625,357.0986587424351,182.90134125756492,"left,right"
Recorder 5 - 1004 to 1704,04-13-2026,19:12:03,1.92340W,50.94178N,100%,13C,57%,5_20260413_191203.wav,AGC,48kHz,stereo,Part2,5_20260413_191203.wav,771.0,774.0,771.8564166666666,771.6064166666666,772.1064166666666,-0.375,-18.0,300.9629687093277,239.0370312906723,"left,right"
Recorder 5 - 1004 to 1704,04-13-2026,19:12:03,1.92340W,50.94178N,100%,13C,57%,5_20260413_191203.wav,AGC,48kHz,stereo,Part2,5_20260413_191203.wav,1017.0,1020.0,1018.52725,1018.27725,1018.77725,0.0,0.0,0.0,180.0,"left,right"
Recorder 5 - 1004 to 1704,04-13-2026,19:12:03,1.92340W,50.94178N,100%,13C,57%,5_20260413_191203.wav,AGC,48kHz,stereo,Part2,5_20260413_191203.wav,1071.0,1074.0,1073.0751666666667,1072.8251666666667,1073.3251666666667,-0.0026041666666666665,-0.125,359.65880957427,180.34119042573002,"left,right"
Recorder 5 - 1004 to 1704,04-13-2026,19:12:03,1.92340W,50.94178N,100%,13C,57%,5_20260413_191203.wav,AGC,48kHz,stereo,Part2,5_20260413_191203.wav,1164.0,1167.0,1165.4372916666666,1165.1872916666666,1165.6872916666666,-0.020833333333333332,-1.0,357.26945925055134,182.73054074944866,"left,right"
Recorder 5 - 1004 to 1704,04-13-2026,19:12:03,1.92340W,50.94178N,100%,13C,57%,5_20260413_191203.wav,AGC,48kHz,stereo,Part2,5_20260413_191203.wav,1518.0,1521.0,1518.4665833333333,1518.2165833333333,1518.7165833333333,0.020833333333333332,1.0,2.730540749448636,177.26945925055136,"left,right"
Recorder 5 - 1004 to 1704,04-13-2026,19:12:03,1.92340W,50.94178N,100%,13C,57%,5_20260413_191203.wav,AGC,48kHz,stereo,Part2,5_20260413_191203.wav,1602.0,1605.0,1603.0082083333334,1602.7582083333334,1603.2582083333334,0.0013020833333333333,0.0625,0.1705944566832045,179.8294055433168,"left,right"
Recorder 5 - 1004 to 1704,04-13-2026,19:12:03,1.92340W,50.94178N,100%,13C,57%,5_20260413_191203.wav,AGC,48kHz,stereo,Part2,5_20260413_191203.wav,1746.0,1749.0,1746.9430416666667,1746.6930416666667,1747.1930416666667,0.020833333333333332,1.0,2.730540749448636,177.26945925055136,"left,right"
Recorder 5 - 1004 to 1704,04-14-2026,06:39:02,1.92340W,50.94178N,100%,5C,99%,5_20260414_063902.wav,AGC,48kHz,stereo,Part1,5_20260414_063902.wav,777.0,780.0,778.9714375,778.7214375,779.2214375,0.01953125,0.9375,2.559764521436577,177.4402354785634,"left,right"
Recorder 5 - 1004 to 1704,04-14-2026,06:39:02,1.92340W,50.94178N,100%,5C,99%,5_20260414_063902.wav,AGC,48kHz,stereo,Part1,5_20260414_063902.wav,963.0,966.0,965.4358541666667,965.1858541666667,965.6858541666667,0.0,0.0,0.0,180.0,"left,right"
Recorder 5 - 1004 to 1704,04-14-2026,06:39:02,1.92340W,50.94178N,100%,5C,99%,5_20260414_063902.wav,AGC,48kHz,stereo,Part1,5_20260414_063902.wav,1380.0,1383.0,1381.4329791666667,1381.1829791666667,1381.6829791666667,0.0,0.0,0.0,180.0,"left,right"
Recorder 5 - 1004 to 1704,04-14-2026,06:39:02,1.92340W,50.94178N,100%,5C,99%,5_20260414_063902.wav,AGC,48kHz,stereo,Part1,5_20260414_063902.wav,1494.0,1497.0,1494.8544583333332,1494.6044583333332,1495.1044583333332,0.0013020833333333333,0.0625,0.1705944566832045,179.8294055433168,"left,right"
Recorder 5 - 1004 to 1704,04-14-2026,06:39:02,1.92340W,50.94178N,100%,5C,99%,5_20260414_063902.wav,AGC,48kHz,stereo,Part1,5_20260414_063902.wav,1518.0,1521.0,1520.7334166666667,1520.4834166666667,1520.9834166666667,0.0,0.0,0.0,180.0,"left,right"
Recorder 5 - 1004 to 1704,04-14-2026,06:39:02,1.92340W,50.94178N,100%,5C,99%,5_20260414_063902.wav,AGC,48kHz,stereo,Part1,5_20260414_063902.wav,1521.0,1524.0,1522.1651458333333,1521.9151458333333,1522.4151458333333,0.0,0.0,0.0,180.0,"left,right"
Recorder 5 - 1004 to 1704,04-14-2026,06:39:02,1.92340W,50.94178N,100%,5C,99%,5_20260414_063902.wav,AGC,48kHz,stereo,Part1,5_20260414_063902.wav,1524.0,1527.0,1524.61675,1524.36675,1524.86675,0.0,0.0,0.0,180.0,"left,right"
Recorder 5 - 1004 to 1704,04-14-2026,06:39:02,1.92340W,50.94178N,100%,5C,99%,5_20260414_063902.wav,AGC,48kHz,stereo,Part1,5_20260414_063902.wav,1755.0,1758.0,1757.1685625,1756.9185625,1757.4185625,0.020833333333333332,1.0,2.730540749448636,177.26945925055136,"left,right"
Recorder 5 - 1004 to 1704,04-14-2026,07:09:03,1.92340W,50.94178N,100%,5C,99%,5_20260414_070903.wav,AGC,48kHz,stereo,Part2,5_20260414_070903.wav,162.0,165.0,163.00729166666667,162.75729166666667,163.25729166666667,-0.020833333333333332,-1.0,357.26945925055134,182.73054074944866,"left,right"
Recorder 5 - 1004 to 1704,04-14-2026,07:09:03,1.92340W,50.94178N,100%,5C,99%,5_20260414_070903.wav,AGC,48kHz,stereo,Part2,5_20260414_070903.wav,330.0,333.0,331.6379166666667,331.3879166666667,331.8879166666667,-0.0013020833333333333,-0.0625,359.8294055433168,180.1705944566832,"left,right"
Recorder 5 - 1004 to 1704,04-14-2026,07:09:03,1.92340W,50.94178N,100%,5C,99%,5_20260414_070903.wav,AGC,48kHz,stereo,Part2,5_20260414_070903.wav,441.0,444.0,442.1663125,441.9163125,442.4163125,0.0,0.0,0.0,180.0,"left,right"
Recorder 5 - 1004 to 1704,04-14-2026,07:09:03,1.92340W,50.94178N,100%,5C,99%,5_20260414_070903.wav,AGC,48kHz,stereo,Part2,5_20260414_070903.wav,537.0,540.0,539.1044166666667,538.8544166666667,539.3544166666667,0.0,0.0,0.0,180.0,"left,right"
Recorder 5 - 1004 to 1704,04-14-2026,07:09:03,1.92340W,50.94178N,100%,5C,99%,5_20260414_070903.wav,AGC,48kHz,stereo,Part2,5_20260414_070903.wav,1545.0,1548.0,1547.9488125,1547.6988125,1548.0,0.0,0.0,0.0,180.0,"left,right"
Recorder 5 - 1004 to 1704,04-14-2026,07:09:03,1.92340W,50.94178N,100%,5C,99%,5_20260414_070903.wav,AGC,48kHz,stereo,Part2,5_20260414_070903.wav,1548.0,1551.0,1548.0102083333334,1548.0,1548.2602083333334,0.0,0.0,0.0,180.0,"left,right"
Recorder 5 - 1004 to 1704,04-14-2026,07:09:03,1.92340W,50.94178N,100%,5C,99%,5_20260414_070903.wav,AGC,48kHz,stereo,Part2,5_20260414_070903.wav,1590.0,1593.0,1592.6815208333333,1592.4315208333333,1592.9315208333333,0.018229166666666668,0.8750000000000001,2.389011046620638,177.61098895337938,"left,right"
Recorder 5 - 1004 to 1704,04-14-2026,07:09:03,1.92340W,50.94178N,100%,5C,99%,5_20260414_070903.wav,AGC,48kHz,stereo,Part2,5_20260414_070903.wav,1629.0,1632.0,1631.3735208333333,1631.1235208333333,1631.6235208333333,-0.0013020833333333333,-0.0625,359.8294055433168,180.1705944566832,"left,right"
Recorder 5 - 1004 to 1704,04-14-2026,07:09:03,1.92340W,50.94178N,100%,5C,99%,5_20260414_070903.wav,AGC,48kHz,stereo,Part2,5_20260414_070903.wav,1698.0,1701.0,1699.0066666666667,1698.7566666666667,1699.2566666666667,-0.0013020833333333333,-0.0625,359.8294055433168,180.1705944566832,"left,right"
Recorder 5 - 1004 to 1704,04-14-2026,07:09:03,1.92340W,50.94178N,100%,5C,99%,5_20260414_070903.wav,AGC,48kHz,stereo,Part2,5_20260414_070903.wav,1746.0,1749.0,1747.009125,1746.759125,1747.259125,0.0013020833333333333,0.0625,0.1705944566832045,179.8294055433168,"left,right"
Recorder 5 - 1004 to 1704,04-14-2026,18:42:02,1.92340W,50.94178N,100%,11C,95%,5_20260414_184202.wav,AGC,48kHz,stereo,Part1,5_20260414_184202.wav,234.0,237.0,235.441875,235.191875,235.691875,-0.0013020833333333333,-0.0625,359.8294055433168,180.1705944566832,"left,right"
Recorder 5 - 1004 to 1704,04-14-2026,18:42:02,1.92340W,50.94178N,100%,11C,95%,5_20260414_184202.wav,AGC,48kHz,stereo,Part1,5_20260414_184202.wav,1746.0,1749.0,1746.23175,1746.0,1746.48175,0.0,0.0,0.0,180.0,"left,right"
Recorder 5 - 1004 to 1704,04-14-2026,19:12:03,1.92340W,50.94178N,100%,11C,95%,5_20260414_191203.wav,AGC,48kHz,stereo,Part2,5_20260414_191203.wav,708.0,711.0,708.7754583333333,708.5254583333333,709.0254583333333,0.0,0.0,0.0,180.0,"left,right"
Recorder 5 - 1004 to 1704,04-14-2026,19:12:03,1.92340W,50.94178N,100%,11C,95%,5_20260414_191203.wav,AGC,48kHz,stereo,Part2,5_20260414_191203.wav,1014.0,1017.0,1014.8779166666667,1014.6279166666667,1015.1279166666667,0.0,0.0,0.0,180.0,"left,right"
Recorder 5 - 1004 to 1704,04-14-2026,19:12:03,1.92340W,50.94178N,100%,11C,95%,5_20260414_191203.wav,AGC,48kHz,stereo,Part2,5_20260414_191203.wav,1185.0,1188.0,1185.7488125,1185.4988125,1185.9988125,-0.2708333333333333,-13.0,321.73455982235123,218.2654401776488,"left,right"
Recorder 5 - 1004 to 1704,04-14-2026,19:12:03,1.92340W,50.94178N,100%,11C,95%,5_20260414_191203.wav,AGC,48kHz,stereo,Part2,5_20260414_191203.wav,1485.0,1488.0,1485.44625,1485.19625,1485.69625,-0.0013020833333333333,-0.0625,359.8294055433168,180.1705944566832,"left,right"
Recorder 5 - 1004 to 1704,04-14-2026,19:12:03,1.92340W,50.94178N,100%,11C,95%,5_20260414_191203.wav,AGC,48kHz,stereo,Part2,5_20260414_191203.wav,1491.0,1494.0,1492.9444583333334,1492.6944583333334,1493.1944583333334,0.0,0.0,0.0,180.0,"left,right"
Recorder 5 - 1004 to 1704,04-14-2026,19:12:03,1.92340W,50.94178N,100%,11C,95%,5_20260414_191203.wav,AGC,48kHz,stereo,Part2,5_20260414_191203.wav,1656.0,1659.0,1656.89275,1656.64275,1657.14275,-0.0013020833333333333,-0.0625,359.8294055433168,180.1705944566832,"left,right"
Recorder 5 - 1004 to 1704,04-15-2026,06:39:02,1.92340W,50.94178N,100%,11C,99%,5_20260415_063902.wav,AGC,48kHz,stereo,Part1,5_20260415_063902.wav,159.0,162.0,160.87447916666667,160.62447916666667,161.12447916666667,0.020833333333333332,1.0,2.730540749448636,177.26945925055136,"left,right"
Recorder 5 - 1004 to 1704,04-15-2026,06:39:02,1.92340W,50.94178N,100%,11C,99%,5_20260415_063902.wav,AGC,48kHz,stereo,Part1,5_20260415_063902.wav,360.0,363.0,361.5192083333333,361.2692083333333,361.7692083333333,-0.37630208333333337,-18.0625,300.62976890185894,239.3702310981411,"left,right"
Recorder 5 - 1004 to 1704,04-15-2026,06:39:02,1.92340W,50.94178N,100%,11C,99%,5_20260415_063902.wav,AGC,48kHz,stereo,Part1,5_20260415_063902.wav,639.0,642.0,640.4241041666667,640.1741041666667,640.6741041666667,-0.0013020833333333333,-0.0625,359.8294055433168,180.1705944566832,"left,right"
Recorder 5 - 1004 to 1704,04-15-2026,07:09:03,1.92340W,50.94178N,100%,11C,99%,5_20260415_070903.wav,AGC,48kHz,stereo,Part2,5_20260415_070903.wav,150.0,153.0,151.52160416666666,151.27160416666666,151.77160416666666,-0.022135416666666668,-1.0625,357.0986587424351,182.90134125756492,"left,right"
Recorder 5 - 1004 to 1704,04-15-2026,07:09:03,1.92340W,50.94178N,100%,11C,99%,5_20260415_070903.wav,AGC,48kHz,stereo,Part2,5_20260415_070903.wav,228.0,231.0,230.064125,229.814125,230.314125,0.01953125,0.9375,2.559764521436577,177.4402354785634,"left,right"
Recorder 5 - 1004 to 1704,04-15-2026,07:09:03,1.92340W,50.94178N,100%,11C,99%,5_20260415_070903.wav,AGC,48kHz,stereo,Part2,5_20260415_070903.wav,486.0,489.0,487.80525,487.55525,488.05525,0.0013020833333333333,0.0625,0.1705944566832045,179.8294055433168,"left,right"
Recorder 5 - 1004 to 1704,04-15-2026,07:09:03,1.92340W,50.94178N,100%,11C,99%,5_20260415_070903.wav,AGC,48kHz,stereo,Part2,5_20260415_070903.wav,723.0,726.0,724.5842083333333,724.3342083333333,724.8342083333333,0.0,0.0,0.0,180.0,"left,right"
Recorder 5 - 1004 to 1704,04-15-2026,07:09:03,1.92340W,50.94178N,100%,11C,99%,5_20260415_070903.wav,AGC,48kHz,stereo,Part2,5_20260415_070903.wav,963.0,966.0,963.6009166666666,963.3509166666666,963.8509166666666,0.0,0.0,0.0,180.0,"left,right"
Recorder 5 - 1004 to 1704,04-15-2026,07:09:03,1.92340W,50.94178N,100%,11C,99%,5_20260415_070903.wav,AGC,48kHz,stereo,Part2,5_20260415_070903.wav,1206.0,1209.0,1206.4394166666666,1206.1894166666666,1206.6894166666666,-0.0013020833333333333,-0.0625,359.8294055433168,180.1705944566832,"left,right"
Recorder 5 - 1004 to 1704,04-16-2026,06:39:02,1.92340W,50.94178N,100%,10C,95%,5_20260416_063902.wav,AGC,48kHz,stereo,Part1,5_20260416_063902.wav,132.0,135.0,132.69935416666667,132.44935416666667,132.94935416666667,0.0,0.0,0.0,180.0,"left,right"
Recorder 5 - 1004 to 1704,04-16-2026,07:09:03,1.92340W,50.94178N,100%,10C,95%,5_20260416_070903.wav,AGC,48kHz,stereo,Part2,5_20260416_070903.wav,1371.0,1374.0,1371.5563958333332,1371.3063958333332,1371.8063958333332,-0.018229166666666668,-0.8750000000000001,357.6109889533793,182.38901104662065,"left,right"
Recorder 5 - 1004 to 1704,04-16-2026,18:42:02,1.92340W,50.94178N,100%,13C,75%,5_20260416_184202.wav,AGC,48kHz,stereo,Part1,5_20260416_184202.wav,15.0,18.0,17.354791666666667,17.104791666666667,17.604791666666667,0.0,0.0,0.0,180.0,"left,right"
Recorder 5 - 1004 to 1704,04-16-2026,18:42:02,1.92340W,50.94178N,100%,13C,75%,5_20260416_184202.wav,AGC,48kHz,stereo,Part1,5_20260416_184202.wav,645.0,648.0,645.2246875,645.0,645.4746875,-0.0013020833333333333,-0.0625,359.8294055433168,180.1705944566832,"left,right"
Recorder 5 - 1004 to 1704,04-16-2026,18:42:02,1.92340W,50.94178N,100%,13C,75%,5_20260416_184202.wav,AGC,48kHz,stereo,Part1,5_20260416_184202.wav,1122.0,1125.0,1122.3814375,1122.1314375,1122.6314375,0.01953125,0.9375,2.559764521436577,177.4402354785634,"left,right"
Recorder 5 - 1004 to 1704,04-16-2026,18:42:02,1.92340W,50.94178N,100%,13C,75%,5_20260416_184202.wav,AGC,48kHz,stereo,Part1,5_20260416_184202.wav,1374.0,1377.0,1376.5615416666667,1376.3115416666667,1376.8115416666667,0.020833333333333332,1.0,2.730540749448636,177.26945925055136,"left,right"
Recorder 5 - 1004 to 1704,04-16-2026,18:42:02,1.92340W,50.94178N,100%,13C,75%,5_20260416_184202.wav,AGC,48kHz,stereo,Part1,5_20260416_184202.wav,1458.0,1461.0,1460.0509791666666,1459.8009791666666,1460.3009791666666,0.0,0.0,0.0,180.0,"left,right"
Recorder 5 - 1004 to 1704,04-16-2026,18:42:02,1.92340W,50.94178N,100%,13C,75%,5_20260416_184202.wav,AGC,48kHz,stereo,Part1,5_20260416_184202.wav,1749.0,1752.0,1749.7565208333333,1749.5065208333333,1750.0065208333333,0.0013020833333333333,0.0625,0.1705944566832045,179.8294055433168,"left,right"
Recorder 5 - 1004 to 1704,04-16-2026,19:12:03,1.92340W,50.94178N,100%,13C,75%,5_20260416_191203.wav,AGC,48kHz,stereo,Part2,5_20260416_191203.wav,336.0,339.0,337.34654166666667,337.09654166666667,337.59654166666667,0.0,0.0,0.0,180.0,"left,right"
Recorder 5 - 1004 to 1704,04-16-2026,19:12:03,1.92340W,50.94178N,100%,13C,75%,5_20260416_191203.wav,AGC,48kHz,stereo,Part2,5_20260416_191203.wav,444.0,447.0,444.45345833333334,444.20345833333334,444.70345833333334,0.0,0.0,0.0,180.0,"left,right"
Recorder 5 - 1004 to 1704,04-16-2026,19:12:03,1.92340W,50.94178N,100%,13C,75%,5_20260416_191203.wav,AGC,48kHz,stereo,Part2,5_20260416_191203.wav,822.0,825.0,822.0416041666666,822.0,822.2916041666666,0.0,0.0,0.0,180.0,"left,right"
Recorder 5 - 1004 to 1704,04-16-2026,19:12:03,1.92340W,50.94178N,100%,13C,75%,5_20260416_191203.wav,AGC,48kHz,stereo,Part2,5_20260416_191203.wav,1311.0,1314.0,1312.8755416666668,1312.6255416666668,1313.1255416666668,0.0,0.0,0.0,180.0,"left,right"
Recorder 5 - 1004 to 1704,04-16-2026,19:12:03,1.92340W,50.94178N,100%,13C,75%,5_20260416_191203.wav,AGC,48kHz,stereo,Part2,5_20260416_191203.wav,1320.0,1323.0,1320.9402291666668,1320.6902291666668,1321.1902291666668,0.0,0.0,0.0,180.0,"left,right"
Recorder 5 - 1004 to 1704,04-16-2026,19:12:03,1.92340W,50.94178N,100%,13C,75%,5_20260416_191203.wav,AGC,48kHz,stereo,Part2,5_20260416_191203.wav,1446.0,1449.0,1447.5793333333334,1447.3293333333334,1447.8293333333334,0.01953125,0.9375,2.559764521436577,177.4402354785634,"left,right"
Recorder 5 - 1004 to 1704,04-16-2026,19:12:03,1.92340W,50.94178N,100%,13C,75%,5_20260416_191203.wav,AGC,48kHz,stereo,Part2,5_20260416_191203.wav,1551.0,1554.0,1552.3851875,1552.1351875,1552.6351875,0.0,0.0,0.0,180.0,"left,right"
Recorder 5 - 1004 to 1704,04-16-2026,19:12:03,1.92340W,50.94178N,100%,13C,75%,5_20260416_191203.wav,AGC,48kHz,stereo,Part2,5_20260416_191203.wav,1641.0,1644.0,1643.2683958333334,1643.0183958333334,1643.5183958333334,-0.01953125,-0.9375,357.4402354785634,182.5597645214366,"left,right"
Recorder 5 - 1004 to 1704,04-16-2026,19:12:03,1.92340W,50.94178N,100%,13C,75%,5_20260416_191203.wav,AGC,48kHz,stereo,Part2,5_20260416_191203.wav,1752.0,1755.0,1753.3362916666667,1753.0862916666667,1753.5862916666667,-0.0013020833333333333,-0.0625,359.8294055433168,180.1705944566832,"left,right"
Recorder 5 - 1004 to 1704,04-17-2026,06:39:02,1.92340W,50.94178N,100%,10C,94%,5_20260417_063902.wav,AGC,48kHz,stereo,Part1,5_20260417_063902.wav,1011.0,1014.0,1012.0991458333333,1011.8491458333333,1012.3491458333333,-0.01953125,-0.9375,357.4402354785634,182.5597645214366,"left,right"
Recorder 5 - 1004 to 1704,04-17-2026,06:39:02,1.92340W,50.94178N,100%,10C,94%,5_20260417_063902.wav,AGC,48kHz,stereo,Part1,5_20260417_063902.wav,1146.0,1149.0,1148.1447708333333,1147.8947708333333,1148.3947708333333,-0.0013020833333333333,-0.0625,359.8294055433168,180.1705944566832,"left,right"
Recorder 5 - 1004 to 1704,04-17-2026,07:09:03,1.92340W,50.94178N,100%,10C,94%,5_20260417_070903.wav,AGC,48kHz,stereo,Part2,5_20260417_070903.wav,99.0,102.0,101.22058333333334,100.97058333333334,101.47058333333334,-0.0013020833333333333,-0.0625,359.8294055433168,180.1705944566832,"left,right"
Recorder 5 - 1704 to 2804,04-17-2026,18:42:02,1.92340W,50.94178N,100%,12C,86%,5_20260417_184202.wav,AGC,48kHz,stereo,Part1,5_20260417_184202.wav,69.0,72.0,69.45329166666667,69.20329166666667,69.70329166666667,0.0013020833333333333,0.0625,0.1705944566832045,179.8294055433168,"left,right"
Recorder 5 - 1704 to 2804,04-17-2026,18:42:02,1.92340W,50.94178N,100%,12C,86%,5_20260417_184202.wav,AGC,48kHz,stereo,Part1,5_20260417_184202.wav,186.0,189.0,188.34241666666668,188.09241666666668,188.59241666666668,0.020833333333333332,1.0,2.730540749448636,177.26945925055136,"left,right"
Recorder 5 - 1704 to 2804,04-17-2026,18:42:02,1.92340W,50.94178N,100%,12C,86%,5_20260417_184202.wav,AGC,48kHz,stereo,Part1,5_20260417_184202.wav,522.0,525.0,523.86625,523.61625,524.11625,0.0,0.0,0.0,180.0,"left,right"
Recorder 5 - 1704 to 2804,04-17-2026,18:42:02,1.92340W,50.94178N,100%,12C,86%,5_20260417_184202.wav,AGC,48kHz,stereo,Part1,5_20260417_184202.wav,636.0,639.0,637.9387083333334,637.6887083333334,638.1887083333334,0.018229166666666668,0.8750000000000001,2.389011046620638,177.61098895337938,"left,right"
Recorder 5 - 1704 to 2804,04-17-2026,18:42:02,1.92340W,50.94178N,100%,12C,86%,5_20260417_184202.wav,AGC,48kHz,stereo,Part1,5_20260417_184202.wav,732.0,735.0,733.1867708333333,732.9367708333333,733.4367708333333,0.0013020833333333333,0.0625,0.1705944566832045,179.8294055433168,"left,right"
Recorder 5 - 1704 to 2804,04-17-2026,18:42:02,1.92340W,50.94178N,100%,12C,86%,5_20260417_184202.wav,AGC,48kHz,stereo,Part1,5_20260417_184202.wav,822.0,825.0,824.8374583333333,824.5874583333333,825.0,-0.01953125,-0.9375,357.4402354785634,182.5597645214366,"left,right"
Recorder 5 - 1704 to 2804,04-17-2026,18:42:02,1.92340W,50.94178N,100%,12C,86%,5_20260417_184202.wav,AGC,48kHz,stereo,Part1,5_20260417_184202.wav,993.0,996.0,995.0062708333334,994.7562708333334,995.2562708333334,-0.020833333333333332,-1.0,357.26945925055134,182.73054074944866,"left,right"
Recorder 5 - 1704 to 2804,04-17-2026,18:42:02,1.92340W,50.94178N,100%,12C,86%,5_20260417_184202.wav,AGC,48kHz,stereo,Part1,5_20260417_184202.wav,1083.0,1086.0,1084.8662083333334,1084.6162083333334,1085.1162083333334,-0.0013020833333333333,-0.0625,359.8294055433168,180.1705944566832,"left,right"
Recorder 5 - 1704 to 2804,04-17-2026,18:42:02,1.92340W,50.94178N,100%,12C,86%,5_20260417_184202.wav,AGC,48kHz,stereo,Part1,5_20260417_184202.wav,1179.0,1182.0,1179.5613958333333,1179.3113958333333,1179.8113958333333,-0.01953125,-0.9375,357.4402354785634,182.5597645214366,"left,right"
Recorder 5 - 1704 to 2804,04-17-2026,18:42:02,1.92340W,50.94178N,100%,12C,86%,5_20260417_184202.wav,AGC,48kHz,stereo,Part1,5_20260417_184202.wav,1305.0,1308.0,1306.472625,1306.222625,1306.722625,-0.01953125,-0.9375,357.4402354785634,182.5597645214366,"left,right"
Recorder 5 - 1704 to 2804,04-17-2026,18:42:02,1.92340W,50.94178N,100%,12C,86%,5_20260417_184202.wav,AGC,48kHz,stereo,Part1,5_20260417_184202.wav,1374.0,1377.0,1375.1747083333332,1374.9247083333332,1375.4247083333332,0.01953125,0.9375,2.559764521436577,177.4402354785634,"left,right"
Recorder 5 - 1704 to 2804,04-17-2026,18:42:02,1.92340W,50.94178N,100%,12C,86%,5_20260417_184202.wav,AGC,48kHz,stereo,Part1,5_20260417_184202.wav,1395.0,1398.0,1395.6550416666666,1395.4050416666666,1395.9050416666666,0.01953125,0.9375,2.559764521436577,177.4402354785634,"left,right"
Recorder 5 - 1704 to 2804,04-17-2026,18:42:02,1.92340W,50.94178N,100%,12C,86%,5_20260417_184202.wav,AGC,48kHz,stereo,Part1,5_20260417_184202.wav,1431.0,1434.0,1432.189125,1431.939125,1432.439125,0.0,0.0,0.0,180.0,"left,right"
Recorder 5 - 1704 to 2804,04-17-2026,18:42:02,1.92340W,50.94178N,100%,12C,86%,5_20260417_184202.wav,AGC,48kHz,stereo,Part1,5_20260417_184202.wav,1527.0,1530.0,1527.8834166666666,1527.6334166666666,1528.1334166666666,0.0,0.0,0.0,180.0,"left,right"
Recorder 5 - 1704 to 2804,04-17-2026,18:42:02,1.92340W,50.94178N,100%,12C,86%,5_20260417_184202.wav,AGC,48kHz,stereo,Part1,5_20260417_184202.wav,1626.0,1629.0,1627.9535833333334,1627.7035833333334,1628.2035833333334,-0.020833333333333332,-1.0,357.26945925055134,182.73054074944866,"left,right"
Recorder 5 - 1704 to 2804,04-17-2026,18:42:02,1.92340W,50.94178N,100%,12C,86%,5_20260417_184202.wav,AGC,48kHz,stereo,Part1,5_20260417_184202.wav,1692.0,1695.0,1693.2929375,1693.0429375,1693.5429375,0.0,0.0,0.0,180.0,"left,right"
Recorder 5 - 1704 to 2804,04-17-2026,18:42:02,1.92340W,50.94178N,100%,12C,86%,5_20260417_184202.wav,AGC,48kHz,stereo,Part1,5_20260417_184202.wav,1728.0,1731.0,1728.0248958333334,1728.0,1728.2748958333334,0.01953125,0.9375,2.559764521436577,177.4402354785634,"left,right"
Recorder 5 - 1704 to 2804,04-17-2026,18:42:02,1.92340W,50.94178N,100%,12C,86%,5_20260417_184202.wav,AGC,48kHz,stereo,Part1,5_20260417_184202.wav,1731.0,1734.0,1733.776875,1733.526875,1734.0,-0.022135416666666668,-1.0625,357.0986587424351,182.90134125756492,"left,right"
Recorder 5 - 1704 to 2804,04-17-2026,18:42:02,1.92340W,50.94178N,100%,12C,86%,5_20260417_184202.wav,AGC,48kHz,stereo,Part1,5_20260417_184202.wav,1797.0,1800.0,1797.5052083333333,1797.2552083333333,1797.7552083333333,-0.0013020833333333333,-0.0625,359.8294055433168,180.1705944566832,"left,right"
Recorder 5 - 1704 to 2804,04-17-2026,19:12:03,1.92340W,50.94178N,100%,12C,86%,5_20260417_191203.wav,AGC,48kHz,stereo,Part2,5_20260417_191203.wav,21.0,24.0,22.166145833333335,21.916145833333335,22.416145833333335,0.0013020833333333333,0.0625,0.1705944566832045,179.8294055433168,"left,right"
Recorder 5 - 1704 to 2804,04-17-2026,19:12:03,1.92340W,50.94178N,100%,12C,86%,5_20260417_191203.wav,AGC,48kHz,stereo,Part2,5_20260417_191203.wav,540.0,543.0,542.3320833333333,542.0820833333333,542.5820833333333,0.01953125,0.9375,2.559764521436577,177.4402354785634,"left,right"
Recorder 5 - 1704 to 2804,04-17-2026,19:12:03,1.92340W,50.94178N,100%,12C,86%,5_20260417_191203.wav,AGC,48kHz,stereo,Part2,5_20260417_191203.wav,702.0,705.0,702.3233333333334,702.0733333333334,702.5733333333334,0.0,0.0,0.0,180.0,"left,right"
Recorder 5 - 1704 to 2804,04-17-2026,19:12:03,1.92340W,50.94178N,100%,12C,86%,5_20260417_191203.wav,AGC,48kHz,stereo,Part2,5_20260417_191203.wav,918.0,921.0,918.0323333333333,918.0,918.2823333333333,0.018229166666666668,0.8750000000000001,2.389011046620638,177.61098895337938,"left,right"
Recorder 5 - 1704 to 2804,04-17-2026,19:12:03,1.92340W,50.94178N,100%,12C,86%,5_20260417_191203.wav,AGC,48kHz,stereo,Part2,5_20260417_191203.wav,1179.0,1182.0,1179.4982291666668,1179.2482291666668,1179.7482291666668,-0.0013020833333333333,-0.0625,359.8294055433168,180.1705944566832,"left,right"
Recorder 5 - 1704 to 2804,04-17-2026,19:12:03,1.92340W,50.94178N,100%,12C,86%,5_20260417_191203.wav,AGC,48kHz,stereo,Part2,5_20260417_191203.wav,1311.0,1314.0,1311.6283333333333,1311.3783333333333,1311.8783333333333,-0.0013020833333333333,-0.0625,359.8294055433168,180.1705944566832,"left,right"
Recorder 5 - 1704 to 2804,04-17-2026,19:12:03,1.92340W,50.94178N,100%,12C,86%,5_20260417_191203.wav,AGC,48kHz,stereo,Part2,5_20260417_191203.wav,1440.0,1443.0,1442.6001666666666,1442.3501666666666,1442.8501666666666,-0.0013020833333333333,-0.0625,359.8294055433168,180.1705944566832,"left,right"
Recorder 5 - 1704 to 2804,04-17-2026,19:12:03,1.92340W,50.94178N,100%,12C,86%,5_20260417_191203.wav,AGC,48kHz,stereo,Part2,5_20260417_191203.wav,1545.0,1548.0,1545.646,1545.396,1545.896,0.0013020833333333333,0.0625,0.1705944566832045,179.8294055433168,"left,right"
Recorder 5 - 1704 to 2804,04-18-2026,06:39:02,1.92340W,50.94176N,100%,4C,99%,5_20260418_063902.wav,AGC,48kHz,stereo,Part1,5_20260418_063902.wav,309.0,312.0,309.80660416666666,309.55660416666666,310.05660416666666,0.01953125,0.9375,2.559764521436577,177.4402354785634,"left,right"
Recorder 5 - 1704 to 2804,04-18-2026,06:39:02,1.92340W,50.94176N,100%,4C,99%,5_20260418_063902.wav,AGC,48kHz,stereo,Part1,5_20260418_063902.wav,498.0,501.0,498.59154166666667,498.34154166666667,498.84154166666667,-0.020833333333333332,-1.0,357.26945925055134,182.73054074944866,"left,right"
Recorder 5 - 1704 to 2804,04-18-2026,06:39:02,1.92340W,50.94176N,100%,4C,99%,5_20260418_063902.wav,AGC,48kHz,stereo,Part1,5_20260418_063902.wav,543.0,546.0,544.0155416666666,543.7655416666666,544.2655416666666,-0.0013020833333333333,-0.0625,359.8294055433168,180.1705944566832,"left,right"
Recorder 5 - 1704 to 2804,04-18-2026,06:39:02,1.92340W,50.94176N,100%,4C,99%,5_20260418_063902.wav,AGC,48kHz,stereo,Part1,5_20260418_063902.wav,1521.0,1524.0,1523.3475416666668,1523.0975416666668,1523.5975416666668,-0.022135416666666668,-1.0625,357.0986587424351,182.90134125756492,"left,right"
Recorder 5 - 1704 to 2804,04-18-2026,07:09:03,1.92340W,50.94176N,100%,4C,99%,5_20260418_070903.wav,AGC,48kHz,stereo,Part2,5_20260418_070903.wav,198.0,201.0,198.12972916666666,198.0,198.37972916666666,0.0,0.0,0.0,180.0,"left,right"
Recorder 5 - 1704 to 2804,04-18-2026,07:09:03,1.92340W,50.94176N,100%,4C,99%,5_20260418_070903.wav,AGC,48kHz,stereo,Part2,5_20260418_070903.wav,204.0,207.0,206.312625,206.062625,206.562625,0.020833333333333332,1.0,2.730540749448636,177.26945925055136,"left,right"
Recorder 5 - 1704 to 2804,04-18-2026,07:09:03,1.92340W,50.94176N,100%,4C,99%,5_20260418_070903.wav,AGC,48kHz,stereo,Part2,5_20260418_070903.wav,219.0,222.0,220.6870625,220.4370625,220.9370625,-0.018229166666666668,-0.8750000000000001,357.6109889533793,182.38901104662065,"left,right"
Recorder 5 - 1704 to 2804,04-18-2026,07:09:03,1.92340W,50.94176N,100%,4C,99%,5_20260418_070903.wav,AGC,48kHz,stereo,Part2,5_20260418_070903.wav,918.0,921.0,920.8823333333333,920.6323333333333,921.0,0.022135416666666668,1.0625,2.9013412575649227,177.09865874243508,"left,right"
Recorder 5 - 1704 to 2804,04-18-2026,07:09:03,1.92340W,50.94176N,100%,4C,99%,5_20260418_070903.wav,AGC,48kHz,stereo,Part2,5_20260418_070903.wav,1350.0,1353.0,1350.0796666666668,1350.0,1350.3296666666668,0.0,0.0,0.0,180.0,"left,right"
Recorder 5 - 1704 to 2804,04-18-2026,07:09:03,1.92340W,50.94176N,100%,4C,99%,5_20260418_070903.wav,AGC,48kHz,stereo,Part2,5_20260418_070903.wav,1503.0,1506.0,1504.8262291666667,1504.5762291666667,1505.0762291666667,0.01953125,0.9375,2.559764521436577,177.4402354785634,"left,right"
Recorder 5 - 1704 to 2804,04-18-2026,07:09:03,1.92340W,50.94176N,100%,4C,99%,5_20260418_070903.wav,AGC,48kHz,stereo,Part2,5_20260418_070903.wav,1614.0,1617.0,1615.3983333333333,1615.1483333333333,1615.6483333333333,-0.0013020833333333333,-0.0625,359.8294055433168,180.1705944566832,"left,right"
Recorder 5 - 1704 to 2804,04-18-2026,18:42:02,1.92340W,50.94176N,100%,17C,52%,5_20260418_184202.wav,AGC,48kHz,stereo,Part1,5_20260418_184202.wav,1224.0,1227.0,1224.9227291666666,1224.6727291666666,1225.1727291666666,0.022135416666666668,1.0625,2.9013412575649227,177.09865874243508,"left,right"
Recorder 5 - 1704 to 2804,04-18-2026,18:42:02,1.92340W,50.94176N,100%,17C,52%,5_20260418_184202.wav,AGC,48kHz,stereo,Part1,5_20260418_184202.wav,1479.0,1482.0,1480.602125,1480.352125,1480.852125,0.01953125,0.9375,2.559764521436577,177.4402354785634,"left,right"
Recorder 5 - 1704 to 2804,04-18-2026,18:42:02,1.92340W,50.94176N,100%,17C,52%,5_20260418_184202.wav,AGC,48kHz,stereo,Part1,5_20260418_184202.wav,1584.0,1587.0,1584.6309375,1584.3809375,1584.8809375,0.0013020833333333333,0.0625,0.1705944566832045,179.8294055433168,"left,right"
Recorder 5 - 1704 to 2804,04-18-2026,19:12:03,1.92340W,50.94176N,100%,17C,52%,5_20260418_191203.wav,AGC,48kHz,stereo,Part2,5_20260418_191203.wav,12.0,15.0,13.084104166666666,12.834104166666666,13.334104166666666,-0.01953125,-0.9375,357.4402354785634,182.5597645214366,"left,right"
Recorder 5 - 1704 to 2804,04-18-2026,19:12:03,1.92340W,50.94176N,100%,17C,52%,5_20260418_191203.wav,AGC,48kHz,stereo,Part2,5_20260418_191203.wav,276.0,279.0,278.34229166666665,278.09229166666665,278.59229166666665,0.020833333333333332,1.0,2.730540749448636,177.26945925055136,"left,right"
Recorder 5 - 1704 to 2804,04-18-2026,19:12:03,1.92340W,50.94176N,100%,17C,52%,5_20260418_191203.wav,AGC,48kHz,stereo,Part2,5_20260418_191203.wav,342.0,345.0,344.3740625,344.1240625,344.6240625,0.0,0.0,0.0,180.0,"left,right"
Recorder 5 - 1704 to 2804,04-18-2026,19:12:03,1.92340W,50.94176N,100%,17C,52%,5_20260418_191203.wav,AGC,48kHz,stereo,Part2,5_20260418_191203.wav,834.0,837.0,834.9906666666667,834.7406666666667,835.2406666666667,0.020833333333333332,1.0,2.730540749448636,177.26945925055136,"left,right"
Recorder 5 - 1704 to 2804,04-18-2026,19:12:03,1.92340W,50.94176N,100%,17C,52%,5_20260418_191203.wav,AGC,48kHz,stereo,Part2,5_20260418_191203.wav,1152.0,1155.0,1153.1949791666666,1152.9449791666666,1153.4449791666666,-0.020833333333333332,-1.0,357.26945925055134,182.73054074944866,"left,right"
Recorder 5 - 1704 to 2804,04-18-2026,19:12:03,1.92340W,50.94176N,100%,17C,52%,5_20260418_191203.wav,AGC,48kHz,stereo,Part2,5_20260418_191203.wav,1155.0,1158.0,1155.4129583333333,1155.1629583333333,1155.6629583333333,-0.0013020833333333333,-0.0625,359.8294055433168,180.1705944566832,"left,right"
Recorder 5 - 1704 to 2804,04-19-2026,06:39:02,1.92340W,50.94176N,100%,5C,91%,5_20260419_063902.wav,AGC,48kHz,stereo,Part1,5_20260419_063902.wav,72.0,75.0,74.358125,74.108125,74.608125,0.0,0.0,0.0,180.0,"left,right"
Recorder 5 - 1704 to 2804,04-19-2026,06:39:02,1.92340W,50.94176N,100%,5C,91%,5_20260419_063902.wav,AGC,48kHz,stereo,Part1,5_20260419_063902.wav,303.0,306.0,303.73910416666666,303.48910416666666,303.98910416666666,0.33203125,15.937500000000002,49.39766555015408,130.60233444984593,"left,right"
Recorder 5 - 1704 to 2804,04-19-2026,06:39:02,1.92340W,50.94176N,100%,5C,91%,5_20260419_063902.wav,AGC,48kHz,stereo,Part1,5_20260419_063902.wav,399.0,402.0,400.5692916666667,400.3192916666667,400.8192916666667,0.020833333333333332,1.0,2.730540749448636,177.26945925055136,"left,right"
Recorder 5 - 1704 to 2804,04-19-2026,06:39:02,1.92340W,50.94176N,100%,5C,91%,5_20260419_063902.wav,AGC,48kHz,stereo,Part1,5_20260419_063902.wav,489.0,492.0,491.9575208333333,491.7075208333333,492.0,-0.01953125,-0.9375,357.4402354785634,182.5597645214366,"left,right"
Recorder 5 - 1704 to 2804,04-19-2026,06:39:02,1.92340W,50.94176N,100%,5C,91%,5_20260419_063902.wav,AGC,48kHz,stereo,Part1,5_20260419_063902.wav,492.0,495.0,492.3260625,492.0760625,492.5760625,0.0,0.0,0.0,180.0,"left,right"
Recorder 5 - 1704 to 2804,04-19-2026,06:39:02,1.92340W,50.94176N,100%,5C,91%,5_20260419_063902.wav,AGC,48kHz,stereo,Part1,5_20260419_063902.wav,684.0,687.0,686.8158125,686.5658125,687.0,0.0,0.0,0.0,180.0,"left,right"
Recorder 5 - 1704 to 2804,04-19-2026,06:39:02,1.92340W,50.94176N,100%,5C,91%,5_20260419_063902.wav,AGC,48kHz,stereo,Part1,5_20260419_063902.wav,795.0,798.0,797.7334791666667,797.4834791666667,797.9834791666667,0.0,0.0,0.0,180.0,"left,right"
Recorder 5 - 1704 to 2804,04-19-2026,06:39:02,1.92340W,50.94176N,100%,5C,91%,5_20260419_063902.wav,AGC,48kHz,stereo,Part1,5_20260419_063902.wav,798.0,801.0,798.1010416666667,798.0,798.3510416666667,-0.020833333333333332,-1.0,357.26945925055134,182.73054074944866,"left,right"
Recorder 5 - 1704 to 2804,04-19-2026,06:39:02,1.92340W,50.94176N,100%,5C,91%,5_20260419_063902.wav,AGC,48kHz,stereo,Part1,5_20260419_063902.wav,876.0,879.0,877.0889166666667,876.8389166666667,877.3389166666667,0.0,0.0,0.0,180.0,"left,right"
Recorder 5 - 1704 to 2804,04-19-2026,06:39:02,1.92340W,50.94176N,100%,5C,91%,5_20260419_063902.wav,AGC,48kHz,stereo,Part1,5_20260419_063902.wav,1431.0,1434.0,1432.6902916666666,1432.4402916666666,1432.9402916666666,0.0,0.0,0.0,180.0,"left,right"
Recorder 5 - 1704 to 2804,04-19-2026,07:09:03,1.92340W,50.94176N,100%,5C,91%,5_20260419_070903.wav,AGC,48kHz,stereo,Part2,5_20260419_070903.wav,126.0,129.0,127.6136875,127.3636875,127.8636875,0.0,0.0,0.0,180.0,"left,right"
Recorder 5 - 1704 to 2804,04-19-2026,07:09:03,1.92340W,50.94176N,100%,5C,91%,5_20260419_070903.wav,AGC,48kHz,stereo,Part2,5_20260419_070903.wav,426.0,429.0,428.42952083333336,428.17952083333336,428.67952083333336,0.0,0.0,0.0,180.0,"left,right"
Recorder 5 - 1704 to 2804,04-19-2026,07:09:03,1.92340W,50.94176N,100%,5C,91%,5_20260419_070903.wav,AGC,48kHz,stereo,Part2,5_20260419_070903.wav,558.0,561.0,560.4037291666667,560.1537291666667,560.6537291666667,0.01953125,0.9375,2.559764521436577,177.4402354785634,"left,right"
Recorder 5 - 1704 to 2804,04-19-2026,07:09:03,1.92340W,50.94176N,100%,5C,91%,5_20260419_070903.wav,AGC,48kHz,stereo,Part2,5_20260419_070903.wav,681.0,684.0,683.714,683.464,683.964,0.0,0.0,0.0,180.0,"left,right"
Recorder 5 - 1704 to 2804,04-19-2026,07:09:03,1.92340W,50.94176N,100%,5C,91%,5_20260419_070903.wav,AGC,48kHz,stereo,Part2,5_20260419_070903.wav,684.0,687.0,684.1685,684.0,684.4185,0.01953125,0.9375,2.559764521436577,177.4402354785634,"left,right"
Recorder 5 - 1704 to 2804,04-19-2026,07:09:03,1.92340W,50.94176N,100%,5C,91%,5_20260419_070903.wav,AGC,48kHz,stereo,Part2,5_20260419_070903.wav,963.0,966.0,963.371625,963.121625,963.621625,0.01953125,0.9375,2.559764521436577,177.4402354785634,"left,right"
Recorder 5 - 1704 to 2804,04-19-2026,07:09:03,1.92340W,50.94176N,100%,5C,91%,5_20260419_070903.wav,AGC,48kHz,stereo,Part2,5_20260419_070903.wav,1026.0,1029.0,1026.6140833333334,1026.3640833333334,1026.8640833333334,0.01953125,0.9375,2.559764521436577,177.4402354785634,"left,right"
Recorder 5 - 1704 to 2804,04-19-2026,07:09:03,1.92340W,50.94176N,100%,5C,91%,5_20260419_070903.wav,AGC,48kHz,stereo,Part2,5_20260419_070903.wav,1062.0,1065.0,1062.3608958333334,1062.1108958333334,1062.6108958333334,0.0,0.0,0.0,180.0,"left,right"
Recorder 5 - 1704 to 2804,04-19-2026,07:09:03,1.92340W,50.94176N,100%,5C,91%,5_20260419_070903.wav,AGC,48kHz,stereo,Part2,5_20260419_070903.wav,1155.0,1158.0,1156.3635208333333,1156.1135208333333,1156.6135208333333,0.0,0.0,0.0,180.0,"left,right"
Recorder 5 - 1704 to 2804,04-19-2026,07:09:03,1.92340W,50.94176N,100%,5C,91%,5_20260419_070903.wav,AGC,48kHz,stereo,Part2,5_20260419_070903.wav,1257.0,1260.0,1258.1471041666666,1257.8971041666666,1258.3971041666666,0.0,0.0,0.0,180.0,"left,right"
Recorder 5 - 1704 to 2804,04-19-2026,07:09:03,1.92340W,50.94176N,100%,5C,91%,5_20260419_070903.wav,AGC,48kHz,stereo,Part2,5_20260419_070903.wav,1425.0,1428.0,1427.9804583333334,1427.7304583333334,1428.0,0.020833333333333332,1.0,2.730540749448636,177.26945925055136,"left,right"
Recorder 5 - 1704 to 2804,04-19-2026,07:09:03,1.92340W,50.94176N,100%,5C,91%,5_20260419_070903.wav,AGC,48kHz,stereo,Part2,5_20260419_070903.wav,1428.0,1431.0,1428.0827708333334,1428.0,1428.3327708333334,0.0,0.0,0.0,180.0,"left,right"
Recorder 5 - 1704 to 2804,04-19-2026,07:09:03,1.92340W,50.94176N,100%,5C,91%,5_20260419_070903.wav,AGC,48kHz,stereo,Part2,5_20260419_070903.wav,1446.0,1449.0,1446.192,1446.0,1446.442,0.0,0.0,0.0,180.0,"left,right"
Recorder 5 - 1704 to 2804,04-19-2026,07:09:03,1.92340W,50.94176N,100%,5C,91%,5_20260419_070903.wav,AGC,48kHz,stereo,Part2,5_20260419_070903.wav,1620.0,1623.0,1622.147125,1621.897125,1622.397125,0.0,0.0,0.0,180.0,"left,right"
Recorder 5 - 1704 to 2804,04-19-2026,07:09:03,1.92340W,50.94176N,100%,5C,91%,5_20260419_070903.wav,AGC,48kHz,stereo,Part2,5_20260419_070903.wav,1695.0,1698.0,1697.4400833333334,1697.1900833333334,1697.6900833333334,0.0,0.0,0.0,180.0,"left,right"
Recorder 5 - 1704 to 2804,04-19-2026,18:42:02,1.92340W,50.94176N,100%,14C,42%,5_20260419_184202.wav,AGC,48kHz,stereo,Part1,5_20260419_184202.wav,369.0,372.0,371.07547916666664,370.82547916666664,371.32547916666664,-0.0390625,-1.875,354.87534380982993,185.12465619017007,"left,right"
Recorder 5 - 1704 to 2804,04-19-2026,18:42:02,1.92340W,50.94176N,100%,14C,42%,5_20260419_184202.wav,AGC,48kHz,stereo,Part1,5_20260419_184202.wav,1662.0,1665.0,1663.6437708333333,1663.3937708333333,1663.8937708333333,-0.020833333333333332,-1.0,357.26945925055134,182.73054074944866,"left,right"
Recorder 5 - 1704 to 2804,04-19-2026,19:12:03,1.92340W,50.94176N,100%,14C,42%,5_20260419_191203.wav,AGC,48kHz,stereo,Part2,5_20260419_191203.wav,291.0,294.0,293.9382708333333,293.6882708333333,294.0,-0.0013020833333333333,-0.0625,359.8294055433168,180.1705944566832,"left,right"
Recorder 5 - 1704 to 2804,04-20-2026,06:39:02,1.92340W,50.94176N,100%,4C,89%,5_20260420_063902.wav,AGC,48kHz,stereo,Part1,5_20260420_063902.wav,30.0,33.0,30.334895833333334,30.084895833333334,30.584895833333334,-0.020833333333333332,-1.0,357.26945925055134,182.73054074944866,"left,right"
Recorder 5 - 1704 to 2804,04-20-2026,06:39:02,1.92340W,50.94176N,100%,4C,89%,5_20260420_063902.wav,AGC,48kHz,stereo,Part1,5_20260420_063902.wav,138.0,141.0,139.70952083333333,139.45952083333333,139.95952083333333,-0.018229166666666668,-0.8750000000000001,357.6109889533793,182.38901104662065,"left,right"
Recorder 5 - 1704 to 2804,04-20-2026,06:39:02,1.92340W,50.94176N,100%,4C,89%,5_20260420_063902.wav,AGC,48kHz,stereo,Part1,5_20260420_063902.wav,225.0,228.0,227.08185416666666,226.83185416666666,227.33185416666666,-0.020833333333333332,-1.0,357.26945925055134,182.73054074944866,"left,right"
Recorder 5 - 1704 to 2804,04-20-2026,06:39:02,1.92340W,50.94176N,100%,4C,89%,5_20260420_063902.wav,AGC,48kHz,stereo,Part1,5_20260420_063902.wav,393.0,396.0,393.76197916666666,393.51197916666666,394.01197916666666,-0.0013020833333333333,-0.0625,359.8294055433168,180.1705944566832,"left,right"
Recorder 5 - 1704 to 2804,04-20-2026,06:39:02,1.92340W,50.94176N,100%,4C,89%,5_20260420_063902.wav,AGC,48kHz,stereo,Part1,5_20260420_063902.wav,513.0,516.0,513.2471458333333,513.0,513.4971458333333,-0.0013020833333333333,-0.0625,359.8294055433168,180.1705944566832,"left,right"
Recorder 5 - 1704 to 2804,04-20-2026,06:39:02,1.92340W,50.94176N,100%,4C,89%,5_20260420_063902.wav,AGC,48kHz,stereo,Part1,5_20260420_063902.wav,624.0,627.0,626.7364791666666,626.4864791666666,626.9864791666666,-0.022135416666666668,-1.0625,357.0986587424351,182.90134125756492,"left,right"
Recorder 5 - 1704 to 2804,04-20-2026,06:39:02,1.92340W,50.94176N,100%,4C,89%,5_20260420_063902.wav,AGC,48kHz,stereo,Part1,5_20260420_063902.wav,714.0,717.0,714.7116458333334,714.4616458333334,714.9616458333334,0.43619791666666663,20.9375,85.89876061475425,94.10123938524575,"left,right"
Recorder 5 - 1704 to 2804,04-20-2026,06:39:02,1.92340W,50.94176N,100%,4C,89%,5_20260420_063902.wav,AGC,48kHz,stereo,Part1,5_20260420_063902.wav,735.0,738.0,737.4022291666666,737.1522291666666,737.6522291666666,0.0,0.0,0.0,180.0,"left,right"
Recorder 5 - 1704 to 2804,04-20-2026,06:39:02,1.92340W,50.94176N,100%,4C,89%,5_20260420_063902.wav,AGC,48kHz,stereo,Part1,5_20260420_063902.wav,825.0,828.0,825.238375,825.0,825.488375,0.0,0.0,0.0,180.0,"left,right"
Recorder 5 - 1704 to 2804,04-20-2026,06:39:02,1.92340W,50.94176N,100%,4C,89%,5_20260420_063902.wav,AGC,48kHz,stereo,Part1,5_20260420_063902.wav,1014.0,1017.0,1014.1220416666666,1014.0,1014.3720416666666,0.0013020833333333333,0.0625,0.1705944566832045,179.8294055433168,"left,right"
Recorder 5 - 1704 to 2804,04-20-2026,06:39:02,1.92340W,50.94176N,100%,4C,89%,5_20260420_063902.wav,AGC,48kHz,stereo,Part1,5_20260420_063902.wav,1074.0,1077.0,1075.5345416666667,1075.2845416666667,1075.7845416666667,0.01953125,0.9375,2.559764521436577,177.4402354785634,"left,right"
Recorder 5 - 1704 to 2804,04-20-2026,06:39:02,1.92340W,50.94176N,100%,4C,89%,5_20260420_063902.wav,AGC,48kHz,stereo,Part1,5_20260420_063902.wav,1152.0,1155.0,1153.0533958333333,1152.8033958333333,1153.3033958333333,0.0,0.0,0.0,180.0,"left,right"
Recorder 5 - 1704 to 2804,04-20-2026,06:39:02,1.92340W,50.94176N,100%,4C,89%,5_20260420_063902.wav,AGC,48kHz,stereo,Part1,5_20260420_063902.wav,1227.0,1230.0,1228.6454166666667,1228.3954166666667,1228.8954166666667,-0.01953125,-0.9375,357.4402354785634,182.5597645214366,"left,right"
Recorder 5 - 1704 to 2804,04-20-2026,06:39:02,1.92340W,50.94176N,100%,4C,89%,5_20260420_063902.wav,AGC,48kHz,stereo,Part1,5_20260420_063902.wav,1344.0,1347.0,1346.8343541666666,1346.5843541666666,1347.0,-0.01953125,-0.9375,357.4402354785634,182.5597645214366,"left,right"
Recorder 5 - 1704 to 2804,04-20-2026,06:39:02,1.92340W,50.94176N,100%,4C,89%,5_20260420_063902.wav,AGC,48kHz,stereo,Part1,5_20260420_063902.wav,1446.0,1449.0,1448.149,1447.899,1448.399,-0.0013020833333333333,-0.0625,359.8294055433168,180.1705944566832,"left,right"
Recorder 5 - 1704 to 2804,04-20-2026,06:39:02,1.92340W,50.94176N,100%,4C,89%,5_20260420_063902.wav,AGC,48kHz,stereo,Part1,5_20260420_063902.wav,1542.0,1545.0,1544.0479791666667,1543.7979791666667,1544.2979791666667,0.0013020833333333333,0.0625,0.1705944566832045,179.8294055433168,"left,right"
Recorder 5 - 1704 to 2804,04-20-2026,06:39:02,1.92340W,50.94176N,100%,4C,89%,5_20260420_063902.wav,AGC,48kHz,stereo,Part1,5_20260420_063902.wav,1578.0,1581.0,1578.6892708333332,1578.4392708333332,1578.9392708333332,0.0,0.0,0.0,180.0,"left,right"
Recorder 5 - 1704 to 2804,04-20-2026,06:39:02,1.92340W,50.94176N,100%,4C,89%,5_20260420_063902.wav,AGC,48kHz,stereo,Part1,5_20260420_063902.wav,1683.0,1686.0,1685.1336041666666,1684.8836041666666,1685.3836041666666,-0.022135416666666668,-1.0625,357.0986587424351,182.90134125756492,"left,right"
Recorder 5 - 1704 to 2804,04-20-2026,06:39:02,1.92340W,50.94176N,100%,4C,89%,5_20260420_063902.wav,AGC,48kHz,stereo,Part1,5_20260420_063902.wav,1770.0,1773.0,1772.3743541666668,1772.1243541666668,1772.6243541666668,0.01953125,0.9375,2.559764521436577,177.4402354785634,"left,right"
Recorder 5 - 1704 to 2804,04-20-2026,07:09:03,1.92340W,50.94176N,100%,4C,89%,5_20260420_070903.wav,AGC,48kHz,stereo,Part2,5_20260420_070903.wav,36.0,39.0,38.9868125,38.7368125,39.0,0.0,0.0,0.0,180.0,"left,right"
Recorder 5 - 1704 to 2804,04-20-2026,07:09:03,1.92340W,50.94176N,100%,4C,89%,5_20260420_070903.wav,AGC,48kHz,stereo,Part2,5_20260420_070903.wav,39.0,42.0,39.09647916666667,39.0,39.34647916666667,0.0,0.0,0.0,180.0,"left,right"
Recorder 5 - 1704 to 2804,04-20-2026,07:09:03,1.92340W,50.94176N,100%,4C,89%,5_20260420_070903.wav,AGC,48kHz,stereo,Part2,5_20260420_070903.wav,153.0,156.0,154.97141666666667,154.72141666666667,155.22141666666667,-0.0013020833333333333,-0.0625,359.8294055433168,180.1705944566832,"left,right"
Recorder 5 - 1704 to 2804,04-20-2026,07:09:03,1.92340W,50.94176N,100%,4C,89%,5_20260420_070903.wav,AGC,48kHz,stereo,Part2,5_20260420_070903.wav,195.0,198.0,197.45104166666667,197.20104166666667,197.70104166666667,0.43619791666666663,20.9375,85.89876061475425,94.10123938524575,"left,right"
Recorder 5 - 1704 to 2804,04-20-2026,07:09:03,1.92340W,50.94176N,100%,4C,89%,5_20260420_070903.wav,AGC,48kHz,stereo,Part2,5_20260420_070903.wav,450.0,453.0,451.63095833333335,451.38095833333335,451.88095833333335,0.0013020833333333333,0.0625,0.1705944566832045,179.8294055433168,"left,right"
Recorder 5 - 1704 to 2804,04-20-2026,07:09:03,1.92340W,50.94176N,100%,4C,89%,5_20260420_070903.wav,AGC,48kHz,stereo,Part2,5_20260420_070903.wav,1248.0,1251.0,1248.134375,1248.0,1248.384375,0.01953125,0.9375,2.559764521436577,177.4402354785634,"left,right"
Recorder 5 - 1704 to 2804,04-20-2026,07:09:03,1.92340W,50.94176N,100%,4C,89%,5_20260420_070903.wav,AGC,48kHz,stereo,Part2,5_20260420_070903.wav,1617.0,1620.0,1619.7501666666667,1619.5001666666667,1620.0,0.0,0.0,0.0,180.0,"left,right"
Recorder 5 - 1704 to 2804,04-20-2026,18:42:02,1.92340W,50.94176N,100%,15C,50%,5_20260420_184202.wav,AGC,48kHz,stereo,Part1,5_20260420_184202.wav,0.0,3.0,2.3748541666666667,2.1248541666666667,2.6248541666666667,0.0,0.0,0.0,180.0,"left,right"
Recorder 5 - 1704 to 2804,04-20-2026,18:42:02,1.92340W,50.94176N,100%,15C,50%,5_20260420_184202.wav,AGC,48kHz,stereo,Part1,5_20260420_184202.wav,42.0,45.0,42.7964375,42.5464375,43.0464375,-0.0013020833333333333,-0.0625,359.8294055433168,180.1705944566832,"left,right"
Recorder 5 - 1704 to 2804,04-20-2026,18:42:02,1.92340W,50.94176N,100%,15C,50%,5_20260420_184202.wav,AGC,48kHz,stereo,Part1,5_20260420_184202.wav,105.0,108.0,107.32854166666667,107.07854166666667,107.57854166666667,0.0,0.0,0.0,180.0,"left,right"
Recorder 5 - 1704 to 2804,04-20-2026,18:42:02,1.92340W,50.94176N,100%,15C,50%,5_20260420_184202.wav,AGC,48kHz,stereo,Part1,5_20260420_184202.wav,144.0,147.0,144.98304166666668,144.73304166666668,145.23304166666668,-0.1875,-9.0,334.6117418711848,205.38825812881524,"left,right"
Recorder 5 - 1704 to 2804,04-20-2026,18:42:02,1.92340W,50.94176N,100%,15C,50%,5_20260420_184202.wav,AGC,48kHz,stereo,Part1,5_20260420_184202.wav,219.0,222.0,219.62008333333333,219.37008333333333,219.87008333333333,0.0,0.0,0.0,180.0,"left,right"
Recorder 5 - 1704 to 2804,04-20-2026,18:42:02,1.92340W,50.94176N,100%,15C,50%,5_20260420_184202.wav,AGC,48kHz,stereo,Part1,5_20260420_184202.wav,321.0,324.0,323.2285625,322.9785625,323.4785625,0.0,0.0,0.0,180.0,"left,right"
Recorder 5 - 1704 to 2804,04-20-2026,18:42:02,1.92340W,50.94176N,100%,15C,50%,5_20260420_184202.wav,AGC,48kHz,stereo,Part1,5_20260420_184202.wav,387.0,390.0,387.4951041666667,387.2451041666667,387.7451041666667,0.0,0.0,0.0,180.0,"left,right"
Recorder 5 - 1704 to 2804,04-20-2026,18:42:02,1.92340W,50.94176N,100%,15C,50%,5_20260420_184202.wav,AGC,48kHz,stereo,Part1,5_20260420_184202.wav,468.0,471.0,470.7793125,470.5293125,471.0,-0.0013020833333333333,-0.0625,359.8294055433168,180.1705944566832,"left,right"
Recorder 5 - 1704 to 2804,04-20-2026,18:42:02,1.92340W,50.94176N,100%,15C,50%,5_20260420_184202.wav,AGC,48kHz,stereo,Part1,5_20260420_184202.wav,471.0,474.0,471.2734375,471.0234375,471.5234375,0.0,0.0,0.0,180.0,"left,right"
Recorder 5 - 1704 to 2804,04-20-2026,18:42:02,1.92340W,50.94176N,100%,15C,50%,5_20260420_184202.wav,AGC,48kHz,stereo,Part1,5_20260420_184202.wav,525.0,528.0,527.8884375,527.6384375,528.0,-0.0013020833333333333,-0.0625,359.8294055433168,180.1705944566832,"left,right"
Recorder 5 - 1704 to 2804,04-20-2026,18:42:02,1.92340W,50.94176N,100%,15C,50%,5_20260420_184202.wav,AGC,48kHz,stereo,Part1,5_20260420_184202.wav,528.0,531.0,528.2117083333334,528.0,528.4617083333334,0.0,0.0,0.0,180.0,"left,right"
Recorder 5 - 1704 to 2804,04-20-2026,18:42:02,1.92340W,50.94176N,100%,15C,50%,5_20260420_184202.wav,AGC,48kHz,stereo,Part1,5_20260420_184202.wav,597.0,600.0,597.3339583333334,597.0839583333334,597.5839583333334,0.020833333333333332,1.0,2.730540749448636,177.26945925055136,"left,right"
Recorder 5 - 1704 to 2804,04-20-2026,18:42:02,1.92340W,50.94176N,100%,15C,50%,5_20260420_184202.wav,AGC,48kHz,stereo,Part1,5_20260420_184202.wav,696.0,699.0,698.3874166666667,698.1374166666667,698.6374166666667,-0.020833333333333332,-1.0,357.26945925055134,182.73054074944866,"left,right"
Recorder 5 - 1704 to 2804,04-20-2026,18:42:02,1.92340W,50.94176N,100%,15C,50%,5_20260420_184202.wav,AGC,48kHz,stereo,Part1,5_20260420_184202.wav,747.0,750.0,748.7698541666666,748.5198541666666,749.0198541666666,0.041666666666666664,2.0,5.4673078282873036,174.5326921717127,"left,right"
Recorder 5 - 1704 to 2804,04-20-2026,18:42:02,1.92340W,50.94176N,100%,15C,50%,5_20260420_184202.wav,AGC,48kHz,stereo,Part1,5_20260420_184202.wav,834.0,837.0,836.5083958333333,836.2583958333333,836.7583958333333,0.43619791666666663,20.9375,85.89876061475425,94.10123938524575,"left,right"
Recorder 5 - 1704 to 2804,04-20-2026,18:42:02,1.92340W,50.94176N,100%,15C,50%,5_20260420_184202.wav,AGC,48kHz,stereo,Part1,5_20260420_184202.wav,879.0,882.0,881.8756666666667,881.6256666666667,882.0,0.0,0.0,0.0,180.0,"left,right"
Recorder 5 - 1704 to 2804,04-20-2026,18:42:02,1.92340W,50.94176N,100%,15C,50%,5_20260420_184202.wav,AGC,48kHz,stereo,Part1,5_20260420_184202.wav,882.0,885.0,882.2451458333334,882.0,882.4951458333334,0.0,0.0,0.0,180.0,"left,right"
Recorder 5 - 1704 to 2804,04-20-2026,18:42:02,1.92340W,50.94176N,100%,15C,50%,5_20260420_184202.wav,AGC,48kHz,stereo,Part1,5_20260420_184202.wav,954.0,957.0,954.7566458333333,954.5066458333333,955.0066458333333,0.0026041666666666665,0.125,0.34119042573000513,179.65880957426998,"left,right"
Recorder 5 - 1704 to 2804,04-20-2026,18:42:02,1.92340W,50.94176N,100%,15C,50%,5_20260420_184202.wav,AGC,48kHz,stereo,Part1,5_20260420_184202.wav,1026.0,1029.0,1028.2511041666667,1028.0011041666667,1028.5011041666667,0.0,0.0,0.0,180.0,"left,right"
Recorder 5 - 1704 to 2804,04-20-2026,18:42:02,1.92340W,50.94176N,100%,15C,50%,5_20260420_184202.wav,AGC,48kHz,stereo,Part1,5_20260420_184202.wav,1116.0,1119.0,1118.6194791666667,1118.3694791666667,1118.8694791666667,0.43619791666666663,20.9375,85.89876061475425,94.10123938524575,"left,right"
Recorder 5 - 1704 to 2804,04-20-2026,18:42:02,1.92340W,50.94176N,100%,15C,50%,5_20260420_184202.wav,AGC,48kHz,stereo,Part1,5_20260420_184202.wav,1197.0,1200.0,1199.4245208333334,1199.1745208333334,1199.6745208333334,-0.020833333333333332,-1.0,357.26945925055134,182.73054074944866,"left,right"
Recorder 5 - 1704 to 2804,04-20-2026,18:42:02,1.92340W,50.94176N,100%,15C,50%,5_20260420_184202.wav,AGC,48kHz,stereo,Part1,5_20260420_184202.wav,1290.0,1293.0,1291.4804583333334,1291.2304583333334,1291.7304583333334,0.020833333333333332,1.0,2.730540749448636,177.26945925055136,"left,right"
Recorder 5 - 1704 to 2804,04-20-2026,18:42:02,1.92340W,50.94176N,100%,15C,50%,5_20260420_184202.wav,AGC,48kHz,stereo,Part1,5_20260420_184202.wav,1377.0,1380.0,1378.2445416666667,1377.9945416666667,1378.4945416666667,0.01953125,0.9375,2.559764521436577,177.4402354785634,"left,right"
Recorder 5 - 1704 to 2804,04-20-2026,18:42:02,1.92340W,50.94176N,100%,15C,50%,5_20260420_184202.wav,AGC,48kHz,stereo,Part1,5_20260420_184202.wav,1410.0,1413.0,1411.3875208333334,1411.1375208333334,1411.6375208333334,0.0,0.0,0.0,180.0,"left,right"
Recorder 5 - 1704 to 2804,04-20-2026,18:42:02,1.92340W,50.94176N,100%,15C,50%,5_20260420_184202.wav,AGC,48kHz,stereo,Part1,5_20260420_184202.wav,1458.0,1461.0,1459.6859375,1459.4359375,1459.9359375,0.0013020833333333333,0.0625,0.1705944566832045,179.8294055433168,"left,right"
Recorder 5 - 1704 to 2804,04-20-2026,18:42:02,1.92340W,50.94176N,100%,15C,50%,5_20260420_184202.wav,AGC,48kHz,stereo,Part1,5_20260420_184202.wav,1614.0,1617.0,1616.30725,1616.05725,1616.55725,0.0,0.0,0.0,180.0,"left,right"
Recorder 5 - 1704 to 2804,04-20-2026,18:42:02,1.92340W,50.94176N,100%,15C,50%,5_20260420_184202.wav,AGC,48kHz,stereo,Part1,5_20260420_184202.wav,1707.0,1710.0,1708.1222916666666,1707.8722916666666,1708.3722916666666,0.0,0.0,0.0,180.0,"left,right"
Recorder 5 - 1704 to 2804,04-20-2026,18:42:02,1.92340W,50.94176N,100%,15C,50%,5_20260420_184202.wav,AGC,48kHz,stereo,Part1,5_20260420_184202.wav,1728.0,1731.0,1728.7401041666667,1728.4901041666667,1728.9901041666667,-0.2916666666666667,-14.000000000000002,318.1683286674247,221.83167133257527,"left,right"
Recorder 5 - 1704 to 2804,04-20-2026,18:42:02,1.92340W,50.94176N,100%,15C,50%,5_20260420_184202.wav,AGC,48kHz,stereo,Part1,5_20260420_184202.wav,1764.0,1767.0,1765.3067083333333,1765.0567083333333,1765.5567083333333,0.0,0.0,0.0,180.0,"left,right"
Recorder 5 - 1704 to 2804,04-20-2026,19:12:03,1.92340W,50.94176N,100%,15C,50%,5_20260420_191203.wav,AGC,48kHz,stereo,Part2,5_20260420_191203.wav,6.0,9.0,7.128645833333334,6.878645833333334,7.378645833333334,0.0,0.0,0.0,180.0,"left,right"
Recorder 5 - 1704 to 2804,04-20-2026,19:12:03,1.92340W,50.94176N,100%,15C,50%,5_20260420_191203.wav,AGC,48kHz,stereo,Part2,5_20260420_191203.wav,126.0,129.0,126.975125,126.725125,127.225125,-0.01953125,-0.9375,357.4402354785634,182.5597645214366,"left,right"
Recorder 5 - 1704 to 2804,04-20-2026,19:12:03,1.92340W,50.94176N,100%,15C,50%,5_20260420_191203.wav,AGC,48kHz,stereo,Part2,5_20260420_191203.wav,258.0,261.0,258.6834375,258.4334375,258.9334375,0.0,0.0,0.0,180.0,"left,right"
Recorder 5 - 1704 to 2804,04-20-2026,19:12:03,1.92340W,50.94176N,100%,15C,50%,5_20260420_191203.wav,AGC,48kHz,stereo,Part2,5_20260420_191203.wav,345.0,348.0,346.3279166666667,346.0779166666667,346.5779166666667,-0.0013020833333333333,-0.0625,359.8294055433168,180.1705944566832,"left,right"
Recorder 5 - 1704 to 2804,04-20-2026,19:12:03,1.92340W,50.94176N,100%,15C,50%,5_20260420_191203.wav,AGC,48kHz,stereo,Part2,5_20260420_191203.wav,453.0,456.0,453.74625,453.49625,453.99625,0.0,0.0,0.0,180.0,"left,right"
Recorder 5 - 1704 to 2804,04-20-2026,19:12:03,1.92340W,50.94176N,100%,15C,50%,5_20260420_191203.wav,AGC,48kHz,stereo,Part2,5_20260420_191203.wav,501.0,504.0,503.8143125,503.5643125,504.0,0.0,0.0,0.0,180.0,"left,right"
Recorder 5 - 1704 to 2804,04-20-2026,19:12:03,1.92340W,50.94176N,100%,15C,50%,5_20260420_191203.wav,AGC,48kHz,stereo,Part2,5_20260420_191203.wav,504.0,507.0,504.2245833333333,504.0,504.4745833333333,0.0,0.0,0.0,180.0,"left,right"
Recorder 5 - 1704 to 2804,04-20-2026,19:12:03,1.92340W,50.94176N,100%,15C,50%,5_20260420_191203.wav,AGC,48kHz,stereo,Part2,5_20260420_191203.wav,537.0,540.0,539.35725,539.10725,539.60725,-0.01953125,-0.9375,357.4402354785634,182.5597645214366,"left,right"
Recorder 5 - 1704 to 2804,04-20-2026,19:12:03,1.92340W,50.94176N,100%,15C,50%,5_20260420_191203.wav,AGC,48kHz,stereo,Part2,5_20260420_191203.wav,609.0,612.0,611.0196666666667,610.7696666666667,611.2696666666667,0.0,0.0,0.0,180.0,"left,right"
Recorder 5 - 1704 to 2804,04-20-2026,19:12:03,1.92340W,50.94176N,100%,15C,50%,5_20260420_191203.wav,AGC,48kHz,stereo,Part2,5_20260420_191203.wav,735.0,738.0,737.1232708333333,736.8732708333333,737.3732708333333,-0.0013020833333333333,-0.0625,359.8294055433168,180.1705944566832,"left,right"
Recorder 5 - 1704 to 2804,04-20-2026,19:12:03,1.92340W,50.94176N,100%,15C,50%,5_20260420_191203.wav,AGC,48kHz,stereo,Part2,5_20260420_191203.wav,795.0,798.0,796.5093333333333,796.2593333333333,796.7593333333333,-0.0013020833333333333,-0.0625,359.8294055433168,180.1705944566832,"left,right"
Recorder 5 - 1704 to 2804,04-20-2026,19:12:03,1.92340W,50.94176N,100%,15C,50%,5_20260420_191203.wav,AGC,48kHz,stereo,Part2,5_20260420_191203.wav,804.0,807.0,804.1563541666667,804.0,804.4063541666667,0.0,0.0,0.0,180.0,"left,right"
Recorder 5 - 1704 to 2804,04-20-2026,19:12:03,1.92340W,50.94176N,100%,15C,50%,5_20260420_191203.wav,AGC,48kHz,stereo,Part2,5_20260420_191203.wav,912.0,915.0,914.7168125,914.4668125,914.9668125,0.0026041666666666665,0.125,0.34119042573000513,179.65880957426998,"left,right"
Recorder 5 - 1704 to 2804,04-20-2026,19:12:03,1.92340W,50.94176N,100%,15C,50%,5_20260420_191203.wav,AGC,48kHz,stereo,Part2,5_20260420_191203.wav,1041.0,1044.0,1043.779625,1043.529625,1044.0,0.0,0.0,0.0,180.0,"left,right"
Recorder 5 - 1704 to 2804,04-20-2026,19:12:03,1.92340W,50.94176N,100%,15C,50%,5_20260420_191203.wav,AGC,48kHz,stereo,Part2,5_20260420_191203.wav,1200.0,1203.0,1200.409625,1200.159625,1200.659625,0.0,0.0,0.0,180.0,"left,right"
Recorder 5 - 1704 to 2804,04-20-2026,19:12:03,1.92340W,50.94176N,100%,15C,50%,5_20260420_191203.wav,AGC,48kHz,stereo,Part2,5_20260420_191203.wav,1230.0,1233.0,1230.4104166666666,1230.1604166666666,1230.6604166666666,0.0,0.0,0.0,180.0,"left,right"
Recorder 5 - 1704 to 2804,04-20-2026,19:12:03,1.92340W,50.94176N,100%,15C,50%,5_20260420_191203.wav,AGC,48kHz,stereo,Part2,5_20260420_191203.wav,1329.0,1332.0,1331.8276458333332,1331.5776458333332,1332.0,0.0013020833333333333,0.0625,0.1705944566832045,179.8294055433168,"left,right"
Recorder 5 - 1704 to 2804,04-20-2026,19:12:03,1.92340W,50.94176N,100%,15C,50%,5_20260420_191203.wav,AGC,48kHz,stereo,Part2,5_20260420_191203.wav,1500.0,1503.0,1501.4464166666667,1501.1964166666667,1501.6964166666667,0.01953125,0.9375,2.559764521436577,177.4402354785634,"left,right"
Recorder 5 - 1704 to 2804,04-21-2026,06:39:02,1.92340W,50.94176N,100%,3C,94%,5_20260421_063902.wav,AGC,48kHz,stereo,Part1,5_20260421_063902.wav,369.0,372.0,369.49058333333335,369.24058333333335,369.74058333333335,0.01953125,0.9375,2.559764521436577,177.4402354785634,"left,right"
Recorder 5 - 1704 to 2804,04-21-2026,06:39:02,1.92340W,50.94176N,100%,3C,94%,5_20260421_063902.wav,AGC,48kHz,stereo,Part1,5_20260421_063902.wav,1299.0,1302.0,1301.7911041666666,1301.5411041666666,1302.0,0.022135416666666668,1.0625,2.9013412575649227,177.09865874243508,"left,right"
Recorder 5 - 1704 to 2804,04-21-2026,06:39:02,1.92340W,50.94176N,100%,3C,94%,5_20260421_063902.wav,AGC,48kHz,stereo,Part1,5_20260421_063902.wav,1434.0,1437.0,1434.6728541666666,1434.4228541666666,1434.9228541666666,0.0,0.0,0.0,180.0,"left,right"
Recorder 5 - 1704 to 2804,04-21-2026,06:39:02,1.92340W,50.94176N,100%,3C,94%,5_20260421_063902.wav,AGC,48kHz,stereo,Part1,5_20260421_063902.wav,1599.0,1602.0,1601.4691875,1601.2191875,1601.7191875,0.0013020833333333333,0.0625,0.1705944566832045,179.8294055433168,"left,right"
Recorder 5 - 1704 to 2804,04-21-2026,06:39:02,1.92340W,50.94176N,100%,3C,94%,5_20260421_063902.wav,AGC,48kHz,stereo,Part1,5_20260421_063902.wav,1641.0,1644.0,1641.6370208333333,1641.3870208333333,1641.8870208333333,0.020833333333333332,1.0,2.730540749448636,177.26945925055136,"left,right"
Recorder 5 - 1704 to 2804,04-21-2026,07:09:03,1.92340W,50.94176N,100%,3C,94%,5_20260421_070903.wav,AGC,48kHz,stereo,Part2,5_20260421_070903.wav,126.0,129.0,127.94916666666667,127.69916666666667,128.19916666666666,0.0,0.0,0.0,180.0,"left,right"
Recorder 5 - 1704 to 2804,04-21-2026,07:09:03,1.92340W,50.94176N,100%,3C,94%,5_20260421_070903.wav,AGC,48kHz,stereo,Part2,5_20260421_070903.wav,162.0,165.0,164.45927083333333,164.20927083333333,164.70927083333333,0.0,0.0,0.0,180.0,"left,right"
Recorder 5 - 1704 to 2804,04-21-2026,07:09:03,1.92340W,50.94176N,100%,3C,94%,5_20260421_070903.wav,AGC,48kHz,stereo,Part2,5_20260421_070903.wav,264.0,267.0,265.351625,265.101625,265.601625,0.01953125,0.9375,2.559764521436577,177.4402354785634,"left,right"
Recorder 5 - 1704 to 2804,04-21-2026,07:09:03,1.92340W,50.94176N,100%,3C,94%,5_20260421_070903.wav,AGC,48kHz,stereo,Part2,5_20260421_070903.wav,570.0,573.0,570.9672291666667,570.7172291666667,571.2172291666667,0.0,0.0,0.0,180.0,"left,right"
Recorder 5 - 1704 to 2804,04-21-2026,07:09:03,1.92340W,50.94176N,100%,3C,94%,5_20260421_070903.wav,AGC,48kHz,stereo,Part2,5_20260421_070903.wav,741.0,744.0,741.0127083333333,741.0,741.2627083333333,-0.020833333333333332,-1.0,357.26945925055134,182.73054074944866,"left,right"
Recorder 5 - 1704 to 2804,04-21-2026,07:09:03,1.92340W,50.94176N,100%,3C,94%,5_20260421_070903.wav,AGC,48kHz,stereo,Part2,5_20260421_070903.wav,843.0,846.0,845.2593125,845.0093125,845.5093125,0.0,0.0,0.0,180.0,"left,right"
Recorder 5 - 1704 to 2804,04-21-2026,07:09:03,1.92340W,50.94176N,100%,3C,94%,5_20260421_070903.wav,AGC,48kHz,stereo,Part2,5_20260421_070903.wav,846.0,849.0,847.0271041666666,846.7771041666666,847.2771041666666,0.0,0.0,0.0,180.0,"left,right"
Recorder 5 - 1704 to 2804,04-21-2026,07:09:03,1.92340W,50.94176N,100%,3C,94%,5_20260421_070903.wav,AGC,48kHz,stereo,Part2,5_20260421_070903.wav,870.0,873.0,872.3399791666667,872.0899791666667,872.5899791666667,0.0,0.0,0.0,180.0,"left,right"
Recorder 5 - 1704 to 2804,04-21-2026,07:09:03,1.92340W,50.94176N,100%,3C,94%,5_20260421_070903.wav,AGC,48kHz,stereo,Part2,5_20260421_070903.wav,891.0,894.0,893.3566875,893.1066875,893.6066875,0.0,0.0,0.0,180.0,"left,right"
Recorder 5 - 1704 to 2804,04-21-2026,07:09:03,1.92340W,50.94176N,100%,3C,94%,5_20260421_070903.wav,AGC,48kHz,stereo,Part2,5_20260421_070903.wav,1194.0,1197.0,1196.926875,1196.676875,1197.0,0.0,0.0,0.0,180.0,"left,right"
Recorder 5 - 1704 to 2804,04-21-2026,07:09:03,1.92340W,50.94176N,100%,3C,94%,5_20260421_070903.wav,AGC,48kHz,stereo,Part2,5_20260421_070903.wav,1296.0,1299.0,1297.5976666666666,1297.3476666666666,1297.8476666666666,-0.022135416666666668,-1.0625,357.0986587424351,182.90134125756492,"left,right"
Recorder 5 - 1704 to 2804,04-21-2026,07:09:03,1.92340W,50.94176N,100%,3C,94%,5_20260421_070903.wav,AGC,48kHz,stereo,Part2,5_20260421_070903.wav,1347.0,1350.0,1347.0858958333333,1347.0,1347.3358958333333,-0.01953125,-0.9375,357.4402354785634,182.5597645214366,"left,right"
Recorder 5 - 1704 to 2804,04-21-2026,07:09:03,1.92340W,50.94176N,100%,3C,94%,5_20260421_070903.wav,AGC,48kHz,stereo,Part2,5_20260421_070903.wav,1398.0,1401.0,1398.4059375,1398.1559375,1398.6559375,-0.01953125,-0.9375,357.4402354785634,182.5597645214366,"left,right"
Recorder 5 - 1704 to 2804,04-21-2026,07:09:03,1.92340W,50.94176N,100%,3C,94%,5_20260421_070903.wav,AGC,48kHz,stereo,Part2,5_20260421_070903.wav,1584.0,1587.0,1586.7630416666666,1586.5130416666666,1587.0,0.0,0.0,0.0,180.0,"left,right"
Recorder 5 - 1704 to 2804,04-21-2026,07:09:03,1.92340W,50.94176N,100%,3C,94%,5_20260421_070903.wav,AGC,48kHz,stereo,Part2,5_20260421_070903.wav,1722.0,1725.0,1723.9202708333332,1723.6702708333332,1724.1702708333332,0.01953125,0.9375,2.559764521436577,177.4402354785634,"left,right"
Recorder 5 - 1704 to 2804,04-21-2026,18:42:02,1.92340W,50.94176N,100%,16C,47%,5_20260421_184202.wav,AGC,48kHz,stereo,Part1,5_20260421_184202.wav,111.0,114.0,113.2104375,112.9604375,113.4604375,-0.0013020833333333333,-0.0625,359.8294055433168,180.1705944566832,"left,right"
Recorder 5 - 1704 to 2804,04-21-2026,18:42:02,1.92340W,50.94176N,100%,16C,47%,5_20260421_184202.wav,AGC,48kHz,stereo,Part1,5_20260421_184202.wav,261.0,264.0,262.93727083333334,262.68727083333334,263.18727083333334,0.0,0.0,0.0,180.0,"left,right"
Recorder 5 - 1704 to 2804,04-21-2026,18:42:02,1.92340W,50.94176N,100%,16C,47%,5_20260421_184202.wav,AGC,48kHz,stereo,Part1,5_20260421_184202.wav,357.0,360.0,358.62027083333334,358.37027083333334,358.87027083333334,0.0,0.0,0.0,180.0,"left,right"
Recorder 5 - 1704 to 2804,04-21-2026,18:42:02,1.92340W,50.94176N,100%,16C,47%,5_20260421_184202.wav,AGC,48kHz,stereo,Part1,5_20260421_184202.wav,477.0,480.0,479.5607083333333,479.3107083333333,479.8107083333333,-0.0013020833333333333,-0.0625,359.8294055433168,180.1705944566832,"left,right"
Recorder 5 - 1704 to 2804,04-21-2026,18:42:02,1.92340W,50.94176N,100%,16C,47%,5_20260421_184202.wav,AGC,48kHz,stereo,Part1,5_20260421_184202.wav,945.0,948.0,945.6932708333334,945.4432708333334,945.9432708333334,0.0,0.0,0.0,180.0,"left,right"
Recorder 5 - 1704 to 2804,04-22-2026,06:39:02,1.92340W,50.94176N,100%,4C,93%,5_20260422_063902.wav,AGC,48kHz,stereo,Part1,5_20260422_063902.wav,546.0,549.0,547.4593958333334,547.2093958333334,547.7093958333334,0.020833333333333332,1.0,2.730540749448636,177.26945925055136,"left,right"
Recorder 5 - 1704 to 2804,04-22-2026,06:39:02,1.92340W,50.94176N,100%,4C,93%,5_20260422_063902.wav,AGC,48kHz,stereo,Part1,5_20260422_063902.wav,1308.0,1311.0,1309.8663958333334,1309.6163958333334,1310.1163958333334,-0.01953125,-0.9375,357.4402354785634,182.5597645214366,"left,right"
Recorder 5 - 1704 to 2804,04-22-2026,06:39:02,1.92340W,50.94176N,100%,4C,93%,5_20260422_063902.wav,AGC,48kHz,stereo,Part1,5_20260422_063902.wav,1770.0,1773.0,1770.3995416666667,1770.1495416666667,1770.6495416666667,0.0,0.0,0.0,180.0,"left,right"
Recorder 5 - 1704 to 2804,04-22-2026,07:09:03,1.92340W,50.94176N,100%,4C,93%,5_20260422_070903.wav,AGC,48kHz,stereo,Part2,5_20260422_070903.wav,60.0,63.0,60.495125,60.245125,60.745125,0.022135416666666668,1.0625,2.9013412575649227,177.09865874243508,"left,right"
Recorder 5 - 1704 to 2804,04-22-2026,07:09:03,1.92340W,50.94176N,100%,4C,93%,5_20260422_070903.wav,AGC,48kHz,stereo,Part2,5_20260422_070903.wav,288.0,291.0,290.06783333333334,289.81783333333334,290.31783333333334,0.0,0.0,0.0,180.0,"left,right"
Recorder 5 - 1704 to 2804,04-22-2026,07:09:03,1.92340W,50.94176N,100%,4C,93%,5_20260422_070903.wav,AGC,48kHz,stereo,Part2,5_20260422_070903.wav,660.0,663.0,660.6666666666666,660.4166666666666,660.9166666666666,-0.0013020833333333333,-0.0625,359.8294055433168,180.1705944566832,"left,right"
Recorder 5 - 1704 to 2804,04-22-2026,07:09:03,1.92340W,50.94176N,100%,4C,93%,5_20260422_070903.wav,AGC,48kHz,stereo,Part2,5_20260422_070903.wav,834.0,837.0,834.6274375,834.3774375,834.8774375,-0.020833333333333332,-1.0,357.26945925055134,182.73054074944866,"left,right"
Recorder 5 - 1704 to 2804,04-22-2026,07:09:03,1.92340W,50.94176N,100%,4C,93%,5_20260422_070903.wav,AGC,48kHz,stereo,Part2,5_20260422_070903.wav,1452.0,1455.0,1453.5800625,1453.3300625,1453.8300625,0.020833333333333332,1.0,2.730540749448636,177.26945925055136,"left,right"
Recorder 5 - 1704 to 2804,04-22-2026,07:09:03,1.92340W,50.94176N,100%,4C,93%,5_20260422_070903.wav,AGC,48kHz,stereo,Part2,5_20260422_070903.wav,1509.0,1512.0,1510.3163958333334,1510.0663958333334,1510.5663958333334,0.0,0.0,0.0,180.0,"left,right"
Recorder 5 - 1704 to 2804,04-22-2026,07:09:03,1.92340W,50.94176N,100%,4C,93%,5_20260422_070903.wav,AGC,48kHz,stereo,Part2,5_20260422_070903.wav,1545.0,1548.0,1546.3552083333334,1546.1052083333334,1546.6052083333334,0.0,0.0,0.0,180.0,"left,right"
Recorder 5 - 1704 to 2804,04-22-2026,07:09:03,1.92340W,50.94176N,100%,4C,93%,5_20260422_070903.wav,AGC,48kHz,stereo,Part2,5_20260422_070903.wav,1572.0,1575.0,1574.6421666666668,1574.3921666666668,1574.8921666666668,0.01953125,0.9375,2.559764521436577,177.4402354785634,"left,right"
Recorder 5 - 1704 to 2804,04-22-2026,18:42:02,1.92340W,50.94176N,100%,15C,42%,5_20260422_184202.wav,AGC,48kHz,stereo,Part1,5_20260422_184202.wav,171.0,174.0,172.700875,172.450875,172.950875,-0.020833333333333332,-1.0,357.26945925055134,182.73054074944866,"left,right"
Recorder 5 - 1704 to 2804,04-22-2026,18:42:02,1.92340W,50.94176N,100%,15C,42%,5_20260422_184202.wav,AGC,48kHz,stereo,Part1,5_20260422_184202.wav,696.0,699.0,696.1242083333333,696.0,696.3742083333333,0.022135416666666668,1.0625,2.9013412575649227,177.09865874243508,"left,right"
Recorder 5 - 1704 to 2804,04-22-2026,18:42:02,1.92340W,50.94176N,100%,15C,42%,5_20260422_184202.wav,AGC,48kHz,stereo,Part1,5_20260422_184202.wav,804.0,807.0,805.7888333333333,805.5388333333333,806.0388333333333,0.4153645833333333,19.9375,71.76852826661482,108.23147173338518,"left,right"
Recorder 5 - 1704 to 2804,04-22-2026,18:42:02,1.92340W,50.94176N,100%,15C,42%,5_20260422_184202.wav,AGC,48kHz,stereo,Part1,5_20260422_184202.wav,1326.0,1329.0,1327.6006458333334,1327.3506458333334,1327.8506458333334,-0.020833333333333332,-1.0,357.26945925055134,182.73054074944866,"left,right"
Recorder 5 - 1704 to 2804,04-22-2026,18:42:02,1.92340W,50.94176N,100%,15C,42%,5_20260422_184202.wav,AGC,48kHz,stereo,Part1,5_20260422_184202.wav,1566.0,1569.0,1566.9719166666666,1566.7219166666666,1567.2219166666666,0.0,0.0,0.0,180.0,"left,right"
Recorder 5 - 1704 to 2804,04-22-2026,18:42:02,1.92340W,50.94176N,100%,15C,42%,5_20260422_184202.wav,AGC,48kHz,stereo,Part1,5_20260422_184202.wav,1629.0,1632.0,1631.6145208333332,1631.3645208333332,1631.8645208333332,0.0,0.0,0.0,180.0,"left,right"
Recorder 5 - 1704 to 2804,04-22-2026,19:12:03,1.92340W,50.94176N,100%,15C,42%,5_20260422_191203.wav,AGC,48kHz,stereo,Part2,5_20260422_191203.wav,0.0,3.0,1.4055,1.1555,1.6555,0.018229166666666668,0.8750000000000001,2.389011046620638,177.61098895337938,"left,right"
Recorder 5 - 1704 to 2804,04-22-2026,19:12:03,1.92340W,50.94176N,100%,15C,42%,5_20260422_191203.wav,AGC,48kHz,stereo,Part2,5_20260422_191203.wav,171.0,174.0,171.4280625,171.1780625,171.6780625,0.0,0.0,0.0,180.0,"left,right"
Recorder 5 - 1704 to 2804,04-22-2026,19:12:03,1.92340W,50.94176N,100%,15C,42%,5_20260422_191203.wav,AGC,48kHz,stereo,Part2,5_20260422_191203.wav,258.0,261.0,259.3653125,259.1153125,259.6153125,0.020833333333333332,1.0,2.730540749448636,177.26945925055136,"left,right"
Recorder 5 - 1704 to 2804,04-22-2026,19:12:03,1.92340W,50.94176N,100%,15C,42%,5_20260422_191203.wav,AGC,48kHz,stereo,Part2,5_20260422_191203.wav,441.0,444.0,442.39183333333335,442.14183333333335,442.64183333333335,-0.01953125,-0.9375,357.4402354785634,182.5597645214366,"left,right"
Recorder 5 - 1704 to 2804,04-22-2026,19:12:03,1.92340W,50.94176N,100%,15C,42%,5_20260422_191203.wav,AGC,48kHz,stereo,Part2,5_20260422_191203.wav,711.0,714.0,713.2038333333334,712.9538333333334,713.4538333333334,0.0013020833333333333,0.0625,0.1705944566832045,179.8294055433168,"left,right"
Recorder 5 - 1704 to 2804,04-22-2026,19:12:03,1.92340W,50.94176N,100%,15C,42%,5_20260422_191203.wav,AGC,48kHz,stereo,Part2,5_20260422_191203.wav,834.0,837.0,836.0615416666667,835.8115416666667,836.3115416666667,0.0,0.0,0.0,180.0,"left,right"
Recorder 5 - 1704 to 2804,04-23-2026,06:39:02,1.92340W,50.94176N,100%,5C,91%,5_20260423_063902.wav,AGC,48kHz,stereo,Part1,5_20260423_063902.wav,66.0,69.0,67.70272916666667,67.45272916666667,67.95272916666667,-0.01953125,-0.9375,357.4402354785634,182.5597645214366,"left,right"
Recorder 5 - 1704 to 2804,04-23-2026,06:39:02,1.92340W,50.94176N,100%,5C,91%,5_20260423_063902.wav,AGC,48kHz,stereo,Part1,5_20260423_063902.wav,429.0,432.0,431.85622916666665,431.60622916666665,432.0,0.0013020833333333333,0.0625,0.1705944566832045,179.8294055433168,"left,right"
Recorder 5 - 1704 to 2804,04-23-2026,07:09:03,1.92340W,50.94176N,100%,5C,91%,5_20260423_070903.wav,AGC,48kHz,stereo,Part2,5_20260423_070903.wav,1113.0,1116.0,1114.603125,1114.353125,1114.853125,0.0,0.0,0.0,180.0,"left,right"
Recorder 5 - 1704 to 2804,04-23-2026,18:42:02,1.92340W,50.94176N,100%,22C,33%,5_20260423_184202.wav,AGC,48kHz,stereo,Part1,5_20260423_184202.wav,234.0,237.0,235.60633333333334,235.35633333333334,235.85633333333334,0.018229166666666668,0.8750000000000001,2.389011046620638,177.61098895337938,"left,right"
Recorder 5 - 1704 to 2804,04-23-2026,18:42:02,1.92340W,50.94176N,100%,22C,33%,5_20260423_184202.wav,AGC,48kHz,stereo,Part1,5_20260423_184202.wav,1734.0,1737.0,1735.5199375,1735.2699375,1735.7699375,0.01953125,0.9375,2.559764521436577,177.4402354785634,"left,right"
Recorder 5 - 1704 to 2804,04-23-2026,19:12:03,1.92340W,50.94176N,100%,22C,33%,5_20260423_191203.wav,AGC,48kHz,stereo,Part2,5_20260423_191203.wav,246.0,249.0,246.98066666666668,246.73066666666668,247.23066666666668,0.0,0.0,0.0,180.0,"left,right"
Recorder 5 - 1704 to 2804,04-23-2026,19:12:03,1.92340W,50.94176N,100%,22C,33%,5_20260423_191203.wav,AGC,48kHz,stereo,Part2,5_20260423_191203.wav,618.0,621.0,618.7263125,618.4763125,618.9763125,0.0,0.0,0.0,180.0,"left,right"
Recorder 5 - 1704 to 2804,04-23-2026,19:12:03,1.92340W,50.94176N,100%,22C,33%,5_20260423_191203.wav,AGC,48kHz,stereo,Part2,5_20260423_191203.wav,621.0,624.0,621.0785,621.0,621.3285,0.0,0.0,0.0,180.0,"left,right"
Recorder 5 - 1704 to 2804,04-23-2026,19:12:03,1.92340W,50.94176N,100%,22C,33%,5_20260423_191203.wav,AGC,48kHz,stereo,Part2,5_20260423_191203.wav,672.0,675.0,672.3948541666666,672.1448541666666,672.6448541666666,0.0,0.0,0.0,180.0,"left,right"
Recorder 5 - 1704 to 2804,04-23-2026,19:12:03,1.92340W,50.94176N,100%,22C,33%,5_20260423_191203.wav,AGC,48kHz,stereo,Part2,5_20260423_191203.wav,855.0,858.0,855.1154375,855.0,855.3654375,0.0,0.0,0.0,180.0,"left,right"
Recorder 5 - 1704 to 2804,04-23-2026,19:12:03,1.92340W,50.94176N,100%,22C,33%,5_20260423_191203.wav,AGC,48kHz,stereo,Part2,5_20260423_191203.wav,1020.0,1023.0,1022.6591458333334,1022.4091458333334,1022.9091458333334,0.0,0.0,0.0,180.0,"left,right"
Recorder 5 - 1704 to 2804,04-23-2026,19:12:03,1.92340W,50.94176N,100%,22C,33%,5_20260423_191203.wav,AGC,48kHz,stereo,Part2,5_20260423_191203.wav,1023.0,1026.0,1023.068875,1023.0,1023.318875,-0.0013020833333333333,-0.0625,359.8294055433168,180.1705944566832,"left,right"
Recorder 5 - 1704 to 2804,04-23-2026,19:12:03,1.92340W,50.94176N,100%,22C,33%,5_20260423_191203.wav,AGC,48kHz,stereo,Part2,5_20260423_191203.wav,1116.0,1119.0,1118.5217708333332,1118.2717708333332,1118.7717708333332,0.0,0.0,0.0,180.0,"left,right"
Recorder 5 - 1704 to 2804,04-23-2026,19:12:03,1.92340W,50.94176N,100%,22C,33%,5_20260423_191203.wav,AGC,48kHz,stereo,Part2,5_20260423_191203.wav,1119.0,1122.0,1119.0100833333333,1119.0,1119.2600833333333,0.020833333333333332,1.0,2.730540749448636,177.26945925055136,"left,right"
Recorder 5 - 1704 to 2804,04-23-2026,19:12:03,1.92340W,50.94176N,100%,22C,33%,5_20260423_191203.wav,AGC,48kHz,stereo,Part2,5_20260423_191203.wav,1218.0,1221.0,1219.59825,1219.34825,1219.84825,-0.0013020833333333333,-0.0625,359.8294055433168,180.1705944566832,"left,right"
Recorder 5 - 1704 to 2804,04-23-2026,19:12:03,1.92340W,50.94176N,100%,22C,33%,5_20260423_191203.wav,AGC,48kHz,stereo,Part2,5_20260423_191203.wav,1440.0,1443.0,1442.6176666666668,1442.3676666666668,1442.8676666666668,0.0,0.0,0.0,180.0,"left,right"
Recorder 5 - 1704 to 2804,04-23-2026,19:12:03,1.92340W,50.94176N,100%,22C,33%,5_20260423_191203.wav,AGC,48kHz,stereo,Part2,5_20260423_191203.wav,1443.0,1446.0,1443.0686041666668,1443.0,1443.3186041666668,0.0,0.0,0.0,180.0,"left,right"
Recorder 5 - 1704 to 2804,04-23-2026,19:12:03,1.92340W,50.94176N,100%,22C,33%,5_20260423_191203.wav,AGC,48kHz,stereo,Part2,5_20260423_191203.wav,1470.0,1473.0,1471.4363958333333,1471.1863958333333,1471.6863958333333,0.0026041666666666665,0.125,0.34119042573000513,179.65880957426998,"left,right"
Recorder 5 - 1704 to 2804,04-23-2026,19:12:03,1.92340W,50.94176N,100%,22C,33%,5_20260423_191203.wav,AGC,48kHz,stereo,Part2,5_20260423_191203.wav,1542.0,1545.0,1542.5361875,1542.2861875,1542.7861875,-0.022135416666666668,-1.0625,357.0986587424351,182.90134125756492,"left,right"
Recorder 5 - 1704 to 2804,04-23-2026,19:12:03,1.92340W,50.94176N,100%,22C,33%,5_20260423_191203.wav,AGC,48kHz,stereo,Part2,5_20260423_191203.wav,1647.0,1650.0,1648.843625,1648.593625,1649.093625,0.0013020833333333333,0.0625,0.1705944566832045,179.8294055433168,"left,right"
Recorder 5 - 1704 to 2804,04-23-2026,19:12:03,1.92340W,50.94176N,100%,22C,33%,5_20260423_191203.wav,AGC,48kHz,stereo,Part2,5_20260423_191203.wav,1662.0,1665.0,1662.4574791666666,1662.2074791666666,1662.7074791666666,0.12630208333333331,6.0625,16.78677158463084,163.21322841536914,"left,right"
Recorder 5 - 1704 to 2804,04-24-2026,07:09:03,1.92340W,50.94176N,100%,4C,83%,5_20260424_070903.wav,AGC,48kHz,stereo,Part2,5_20260424_070903.wav,1617.0,1620.0,1618.9179583333334,1618.6679583333334,1619.1679583333334,-0.01953125,-0.9375,357.4402354785634,182.5597645214366,"left,right"
Recorder 5 - 1704 to 2804,04-24-2026,18:42:02,1.92340W,50.94176N,100%,24C,32%,5_20260424_184202.wav,AGC,48kHz,stereo,Part1,5_20260424_184202.wav,45.0,48.0,46.888083333333334,46.638083333333334,47.138083333333334,0.0,0.0,0.0,180.0,"left,right"
Recorder 5 - 1704 to 2804,04-24-2026,18:42:02,1.92340W,50.94176N,100%,24C,32%,5_20260424_184202.wav,AGC,48kHz,stereo,Part1,5_20260424_184202.wav,72.0,75.0,73.84264583333334,73.59264583333334,74.09264583333334,0.0,0.0,0.0,180.0,"left,right"
Recorder 5 - 1704 to 2804,04-24-2026,18:42:02,1.92340W,50.94176N,100%,24C,32%,5_20260424_184202.wav,AGC,48kHz,stereo,Part1,5_20260424_184202.wav,132.0,135.0,133.3039375,133.0539375,133.5539375,0.022135416666666668,1.0625,2.9013412575649227,177.09865874243508,"left,right"
Recorder 5 - 1704 to 2804,04-24-2026,18:42:02,1.92340W,50.94176N,100%,24C,32%,5_20260424_184202.wav,AGC,48kHz,stereo,Part1,5_20260424_184202.wav,213.0,216.0,213.57402083333332,213.32402083333332,213.82402083333332,0.022135416666666668,1.0625,2.9013412575649227,177.09865874243508,"left,right"
Recorder 5 - 1704 to 2804,04-24-2026,18:42:02,1.92340W,50.94176N,100%,24C,32%,5_20260424_184202.wav,AGC,48kHz,stereo,Part1,5_20260424_184202.wav,249.0,252.0,251.98970833333334,251.73970833333334,252.0,0.0013020833333333333,0.0625,0.1705944566832045,179.8294055433168,"left,right"
Recorder 5 - 1704 to 2804,04-24-2026,18:42:02,1.92340W,50.94176N,100%,24C,32%,5_20260424_184202.wav,AGC,48kHz,stereo,Part1,5_20260424_184202.wav,252.0,255.0,252.02275,252.0,252.27275,0.0013020833333333333,0.0625,0.1705944566832045,179.8294055433168,"left,right"
Recorder 5 - 1704 to 2804,04-24-2026,18:42:02,1.92340W,50.94176N,100%,24C,32%,5_20260424_184202.wav,AGC,48kHz,stereo,Part1,5_20260424_184202.wav,366.0,369.0,368.47347916666666,368.22347916666666,368.72347916666666,0.0,0.0,0.0,180.0,"left,right"
Recorder 5 - 1704 to 2804,04-24-2026,18:42:02,1.92340W,50.94176N,100%,24C,32%,5_20260424_184202.wav,AGC,48kHz,stereo,Part1,5_20260424_184202.wav,372.0,375.0,374.47197916666664,374.22197916666664,374.72197916666664,-0.022135416666666668,-1.0625,357.0986587424351,182.90134125756492,"left,right"
Recorder 5 - 1704 to 2804,04-24-2026,18:42:02,1.92340W,50.94176N,100%,24C,32%,5_20260424_184202.wav,AGC,48kHz,stereo,Part1,5_20260424_184202.wav,444.0,447.0,444.8359375,444.5859375,445.0859375,0.020833333333333332,1.0,2.730540749448636,177.26945925055136,"left,right"
Recorder 5 - 1704 to 2804,04-24-2026,18:42:02,1.92340W,50.94176N,100%,24C,32%,5_20260424_184202.wav,AGC,48kHz,stereo,Part1,5_20260424_184202.wav,543.0,546.0,545.063125,544.813125,545.313125,0.0,0.0,0.0,180.0,"left,right"
Recorder 5 - 1704 to 2804,04-24-2026,18:42:02,1.92340W,50.94176N,100%,24C,32%,5_20260424_184202.wav,AGC,48kHz,stereo,Part1,5_20260424_184202.wav,663.0,666.0,663.8165416666667,663.5665416666667,664.0665416666667,-0.022135416666666668,-1.0625,357.0986587424351,182.90134125756492,"left,right"
Recorder 5 - 1704 to 2804,04-24-2026,18:42:02,1.92340W,50.94176N,100%,24C,32%,5_20260424_184202.wav,AGC,48kHz,stereo,Part1,5_20260424_184202.wav,735.0,738.0,737.3529166666667,737.1029166666667,737.6029166666667,0.0013020833333333333,0.0625,0.1705944566832045,179.8294055433168,"left,right"
Recorder 5 - 1704 to 2804,04-24-2026,18:42:02,1.92340W,50.94176N,100%,24C,32%,5_20260424_184202.wav,AGC,48kHz,stereo,Part1,5_20260424_184202.wav,870.0,873.0,871.1259166666666,870.8759166666666,871.3759166666666,0.0,0.0,0.0,180.0,"left,right"
Recorder 5 - 1704 to 2804,04-24-2026,18:42:02,1.92340W,50.94176N,100%,24C,32%,5_20260424_184202.wav,AGC,48kHz,stereo,Part1,5_20260424_184202.wav,993.0,996.0,993.2411875,993.0,993.4911875,-0.01953125,-0.9375,357.4402354785634,182.5597645214366,"left,right"
Recorder 5 - 1704 to 2804,04-24-2026,18:42:02,1.92340W,50.94176N,100%,24C,32%,5_20260424_184202.wav,AGC,48kHz,stereo,Part1,5_20260424_184202.wav,1107.0,1110.0,1108.6846875,1108.4346875,1108.9346875,-0.0013020833333333333,-0.0625,359.8294055433168,180.1705944566832,"left,right"
Recorder 5 - 1704 to 2804,04-24-2026,18:42:02,1.92340W,50.94176N,100%,24C,32%,5_20260424_184202.wav,AGC,48kHz,stereo,Part1,5_20260424_184202.wav,1191.0,1194.0,1193.6889375,1193.4389375,1193.9389375,0.0,0.0,0.0,180.0,"left,right"
Recorder 5 - 1704 to 2804,04-24-2026,18:42:02,1.92340W,50.94176N,100%,24C,32%,5_20260424_184202.wav,AGC,48kHz,stereo,Part1,5_20260424_184202.wav,1221.0,1224.0,1221.5110416666666,1221.2610416666666,1221.7610416666666,0.01953125,0.9375,2.559764521436577,177.4402354785634,"left,right"
Recorder 5 - 1704 to 2804,04-24-2026,18:42:02,1.92340W,50.94176N,100%,24C,32%,5_20260424_184202.wav,AGC,48kHz,stereo,Part1,5_20260424_184202.wav,1347.0,1350.0,1347.6596041666667,1347.4096041666667,1347.9096041666667,0.0234375,1.125,3.0721675746425348,176.92783242535745,"left,right"
Recorder 5 - 1704 to 2804,04-24-2026,18:42:02,1.92340W,50.94176N,100%,24C,32%,5_20260424_184202.wav,AGC,48kHz,stereo,Part1,5_20260424_184202.wav,1416.0,1419.0,1417.9270625,1417.6770625,1418.1770625,-0.0013020833333333333,-0.0625,359.8294055433168,180.1705944566832,"left,right"
Recorder 5 - 1704 to 2804,04-24-2026,18:42:02,1.92340W,50.94176N,100%,24C,32%,5_20260424_184202.wav,AGC,48kHz,stereo,Part1,5_20260424_184202.wav,1596.0,1599.0,1598.3431458333334,1598.0931458333334,1598.5931458333334,0.0,0.0,0.0,180.0,"left,right"
Recorder 5 - 1704 to 2804,04-24-2026,18:42:02,1.92340W,50.94176N,100%,24C,32%,5_20260424_184202.wav,AGC,48kHz,stereo,Part1,5_20260424_184202.wav,1647.0,1650.0,1648.9214166666666,1648.6714166666666,1649.1714166666666,0.0013020833333333333,0.0625,0.1705944566832045,179.8294055433168,"left,right"
Recorder 5 - 1704 to 2804,04-24-2026,18:42:02,1.92340W,50.94176N,100%,24C,32%,5_20260424_184202.wav,AGC,48kHz,stereo,Part1,5_20260424_184202.wav,1707.0,1710.0,1708.8157916666667,1708.5657916666667,1709.0657916666667,0.0,0.0,0.0,180.0,"left,right"
Recorder 5 - 1704 to 2804,04-24-2026,18:42:02,1.92340W,50.94176N,100%,24C,32%,5_20260424_184202.wav,AGC,48kHz,stereo,Part1,5_20260424_184202.wav,1752.0,1755.0,1754.0510208333333,1753.8010208333333,1754.3010208333333,-0.01953125,-0.9375,357.4402354785634,182.5597645214366,"left,right"
Recorder 5 - 1704 to 2804,04-24-2026,19:12:03,1.92340W,50.94176N,100%,24C,32%,5_20260424_191203.wav,AGC,48kHz,stereo,Part2,5_20260424_191203.wav,36.0,39.0,37.010125,36.760125,37.260125,0.0013020833333333333,0.0625,0.1705944566832045,179.8294055433168,"left,right"
Recorder 5 - 1704 to 2804,04-24-2026,19:12:03,1.92340W,50.94176N,100%,24C,32%,5_20260424_191203.wav,AGC,48kHz,stereo,Part2,5_20260424_191203.wav,42.0,45.0,44.984520833333335,44.734520833333335,45.0,0.0,0.0,0.0,180.0,"left,right"
Recorder 5 - 1704 to 2804,04-24-2026,19:12:03,1.92340W,50.94176N,100%,24C,32%,5_20260424_191203.wav,AGC,48kHz,stereo,Part2,5_20260424_191203.wav,45.0,48.0,45.010895833333336,45.0,45.260895833333336,0.0,0.0,0.0,180.0,"left,right"
Recorder 5 - 1704 to 2804,04-24-2026,19:12:03,1.92340W,50.94176N,100%,24C,32%,5_20260424_191203.wav,AGC,48kHz,stereo,Part2,5_20260424_191203.wav,66.0,69.0,68.4846875,68.2346875,68.7346875,0.022135416666666668,1.0625,2.9013412575649227,177.09865874243508,"left,right"
Recorder 5 - 1704 to 2804,04-24-2026,19:12:03,1.92340W,50.94176N,100%,24C,32%,5_20260424_191203.wav,AGC,48kHz,stereo,Part2,5_20260424_191203.wav,138.0,141.0,140.8435,140.5935,141.0,-0.0026041666666666665,-0.125,359.65880957427,180.34119042573002,"left,right"
Recorder 5 - 1704 to 2804,04-24-2026,19:12:03,1.92340W,50.94176N,100%,24C,32%,5_20260424_191203.wav,AGC,48kHz,stereo,Part2,5_20260424_191203.wav,141.0,144.0,141.2948125,141.0448125,141.5448125,0.0,0.0,0.0,180.0,"left,right"
Recorder 5 - 1704 to 2804,04-24-2026,19:12:03,1.92340W,50.94176N,100%,24C,32%,5_20260424_191203.wav,AGC,48kHz,stereo,Part2,5_20260424_191203.wav,201.0,204.0,203.57866666666666,203.32866666666666,203.82866666666666,0.0,0.0,0.0,180.0,"left,right"
Recorder 5 - 1704 to 2804,04-24-2026,19:12:03,1.92340W,50.94176N,100%,24C,32%,5_20260424_191203.wav,AGC,48kHz,stereo,Part2,5_20260424_191203.wav,417.0,420.0,419.4821875,419.2321875,419.7321875,0.0,0.0,0.0,180.0,"left,right"
Recorder 5 - 1704 to 2804,04-24-2026,19:12:03,1.92340W,50.94176N,100%,24C,32%,5_20260424_191203.wav,AGC,48kHz,stereo,Part2,5_20260424_191203.wav,471.0,474.0,471.520375,471.270375,471.770375,0.43619791666666663,20.9375,85.89876061475425,94.10123938524575,"left,right"
Recorder 5 - 1704 to 2804,04-24-2026,19:12:03,1.92340W,50.94176N,100%,24C,32%,5_20260424_191203.wav,AGC,48kHz,stereo,Part2,5_20260424_191203.wav,609.0,612.0,611.8550208333334,611.6050208333334,612.0,-0.01953125,-0.9375,357.4402354785634,182.5597645214366,"left,right"
Recorder 5 - 1704 to 2804,04-24-2026,19:12:03,1.92340W,50.94176N,100%,24C,32%,5_20260424_191203.wav,AGC,48kHz,stereo,Part2,5_20260424_191203.wav,741.0,744.0,742.0819375,741.8319375,742.3319375,0.0013020833333333333,0.0625,0.1705944566832045,179.8294055433168,"left,right"
Recorder 5 - 1704 to 2804,04-24-2026,19:12:03,1.92340W,50.94176N,100%,24C,32%,5_20260424_191203.wav,AGC,48kHz,stereo,Part2,5_20260424_191203.wav,804.0,807.0,804.840625,804.590625,805.090625,0.022135416666666668,1.0625,2.9013412575649227,177.09865874243508,"left,right"
Recorder 5 - 1704 to 2804,04-24-2026,19:12:03,1.92340W,50.94176N,100%,24C,32%,5_20260424_191203.wav,AGC,48kHz,stereo,Part2,5_20260424_191203.wav,819.0,822.0,821.3028958333333,821.0528958333333,821.5528958333333,0.020833333333333332,1.0,2.730540749448636,177.26945925055136,"left,right"
Recorder 5 - 1704 to 2804,04-24-2026,19:12:03,1.92340W,50.94176N,100%,24C,32%,5_20260424_191203.wav,AGC,48kHz,stereo,Part2,5_20260424_191203.wav,849.0,852.0,849.5360208333333,849.2860208333333,849.7860208333333,-0.022135416666666668,-1.0625,357.0986587424351,182.90134125756492,"left,right"
Recorder 5 - 1704 to 2804,04-24-2026,19:12:03,1.92340W,50.94176N,100%,24C,32%,5_20260424_191203.wav,AGC,48kHz,stereo,Part2,5_20260424_191203.wav,909.0,912.0,911.5876041666667,911.3376041666667,911.8376041666667,-0.0013020833333333333,-0.0625,359.8294055433168,180.1705944566832,"left,right"
Recorder 5 - 1704 to 2804,04-24-2026,19:12:03,1.92340W,50.94176N,100%,24C,32%,5_20260424_191203.wav,AGC,48kHz,stereo,Part2,5_20260424_191203.wav,942.0,945.0,942.6324583333334,942.3824583333334,942.8824583333334,-0.0013020833333333333,-0.0625,359.8294055433168,180.1705944566832,"left,right"
Recorder 5 - 1704 to 2804,04-24-2026,19:12:03,1.92340W,50.94176N,100%,24C,32%,5_20260424_191203.wav,AGC,48kHz,stereo,Part2,5_20260424_191203.wav,999.0,1002.0,999.1686666666667,999.0,999.4186666666667,-0.0013020833333333333,-0.0625,359.8294055433168,180.1705944566832,"left,right"
Recorder 5 - 1704 to 2804,04-24-2026,19:12:03,1.92340W,50.94176N,100%,24C,32%,5_20260424_191203.wav,AGC,48kHz,stereo,Part2,5_20260424_191203.wav,1029.0,1032.0,1030.7271041666668,1030.4771041666668,1030.9771041666668,0.0013020833333333333,0.0625,0.1705944566832045,179.8294055433168,"left,right"
Recorder 5 - 1704 to 2804,04-24-2026,19:12:03,1.92340W,50.94176N,100%,24C,32%,5_20260424_191203.wav,AGC,48kHz,stereo,Part2,5_20260424_191203.wav,1089.0,1092.0,1091.3725625,1091.1225625,1091.6225625,0.0,0.0,0.0,180.0,"left,right"
Recorder 5 - 1704 to 2804,04-24-2026,19:12:03,1.92340W,50.94176N,100%,24C,32%,5_20260424_191203.wav,AGC,48kHz,stereo,Part2,5_20260424_191203.wav,1125.0,1128.0,1127.4422708333334,1127.1922708333334,1127.6922708333334,0.0013020833333333333,0.0625,0.1705944566832045,179.8294055433168,"left,right"
Recorder 5 - 1704 to 2804,04-24-2026,19:12:03,1.92340W,50.94176N,100%,24C,32%,5_20260424_191203.wav,AGC,48kHz,stereo,Part2,5_20260424_191203.wav,1164.0,1167.0,1165.91625,1165.66625,1166.16625,0.0013020833333333333,0.0625,0.1705944566832045,179.8294055433168,"left,right"
Recorder 5 - 1704 to 2804,04-24-2026,19:12:03,1.92340W,50.94176N,100%,24C,32%,5_20260424_191203.wav,AGC,48kHz,stereo,Part2,5_20260424_191203.wav,1218.0,1221.0,1218.5605625,1218.3105625,1218.8105625,-0.31380208333333337,-15.062500000000002,314.1465419417101,225.85345805828993,"left,right"
Recorder 5 - 1704 to 2804,04-24-2026,19:12:03,1.92340W,50.94176N,100%,24C,32%,5_20260424_191203.wav,AGC,48kHz,stereo,Part2,5_20260424_191203.wav,1269.0,1272.0,1269.2797916666666,1269.0297916666666,1269.5297916666666,-0.01953125,-0.9375,357.4402354785634,182.5597645214366,"left,right"
Recorder 5 - 1704 to 2804,04-24-2026,19:12:03,1.92340W,50.94176N,100%,24C,32%,5_20260424_191203.wav,AGC,48kHz,stereo,Part2,5_20260424_191203.wav,1284.0,1287.0,1286.4796666666666,1286.2296666666666,1286.7296666666666,0.0,0.0,0.0,180.0,"left,right"
Recorder 5 - 1704 to 2804,04-24-2026,19:12:03,1.92340W,50.94176N,100%,24C,32%,5_20260424_191203.wav,AGC,48kHz,stereo,Part2,5_20260424_191203.wav,1413.0,1416.0,1415.6627916666666,1415.4127916666666,1415.9127916666666,-0.29296875,-14.0625,317.93896463551937,222.06103536448066,"left,right"
Recorder 5 - 1704 to 2804,04-24-2026,19:12:03,1.92340W,50.94176N,100%,24C,32%,5_20260424_191203.wav,AGC,48kHz,stereo,Part2,5_20260424_191203.wav,1416.0,1419.0,1416.131875,1416.0,1416.381875,0.0,0.0,0.0,180.0,"left,right"
Recorder 5 - 1704 to 2804,04-24-2026,19:12:03,1.92340W,50.94176N,100%,24C,32%,5_20260424_191203.wav,AGC,48kHz,stereo,Part2,5_20260424_191203.wav,1449.0,1452.0,1451.793625,1451.543625,1452.0,0.0,0.0,0.0,180.0,"left,right"
Recorder 5 - 1704 to 2804,04-24-2026,19:12:03,1.92340W,50.94176N,100%,24C,32%,5_20260424_191203.wav,AGC,48kHz,stereo,Part2,5_20260424_191203.wav,1491.0,1494.0,1491.3782291666666,1491.1282291666666,1491.6282291666666,-0.022135416666666668,-1.0625,357.0986587424351,182.90134125756492,"left,right"
Recorder 5 - 1704 to 2804,04-24-2026,19:12:03,1.92340W,50.94176N,100%,24C,32%,5_20260424_191203.wav,AGC,48kHz,stereo,Part2,5_20260424_191203.wav,1512.0,1515.0,1513.6827916666666,1513.4327916666666,1513.9327916666666,0.01953125,0.9375,2.559764521436577,177.4402354785634,"left,right"
Recorder 5 - 1704 to 2804,04-24-2026,19:12:03,1.92340W,50.94176N,100%,24C,32%,5_20260424_191203.wav,AGC,48kHz,stereo,Part2,5_20260424_191203.wav,1554.0,1557.0,1556.9895208333332,1556.7395208333332,1557.0,0.0,0.0,0.0,180.0,"left,right"
Recorder 5 - 1704 to 2804,04-24-2026,19:12:03,1.92340W,50.94176N,100%,24C,32%,5_20260424_191203.wav,AGC,48kHz,stereo,Part2,5_20260424_191203.wav,1557.0,1560.0,1557.01,1557.0,1557.26,0.0,0.0,0.0,180.0,"left,right"
Recorder 5 - 1704 to 2804,04-24-2026,19:12:03,1.92340W,50.94176N,100%,24C,32%,5_20260424_191203.wav,AGC,48kHz,stereo,Part2,5_20260424_191203.wav,1596.0,1599.0,1597.67175,1597.42175,1597.92175,0.0013020833333333333,0.0625,0.1705944566832045,179.8294055433168,"left,right"
Recorder 5 - 1704 to 2804,04-24-2026,19:12:03,1.92340W,50.94176N,100%,24C,32%,5_20260424_191203.wav,AGC,48kHz,stereo,Part2,5_20260424_191203.wav,1626.0,1629.0,1627.022375,1626.772375,1627.272375,0.01953125,0.9375,2.559764521436577,177.4402354785634,"left,right"
Recorder 5 - 1704 to 2804,04-24-2026,19:12:03,1.92340W,50.94176N,100%,24C,32%,5_20260424_191203.wav,AGC,48kHz,stereo,Part2,5_20260424_191203.wav,1701.0,1704.0,1701.7142916666667,1701.4642916666667,1701.9642916666667,0.0013020833333333333,0.0625,0.1705944566832045,179.8294055433168,"left,right"
Recorder 5 - 1704 to 2804,04-24-2026,19:12:03,1.92340W,50.94176N,100%,24C,32%,5_20260424_191203.wav,AGC,48kHz,stereo,Part2,5_20260424_191203.wav,1779.0,1782.0,1779.1302916666666,1779.0,1779.3802916666666,0.0,0.0,0.0,180.0,"left,right"
Recorder 5 - 1704 to 2804,04-25-2026,06:39:02,1.92340W,50.94176N,100%,6C,50%,5_20260425_063902.wav,AGC,48kHz,stereo,Part1,5_20260425_063902.wav,42.0,45.0,44.894104166666665,44.644104166666665,45.0,0.0,0.0,0.0,180.0,"left,right"
Recorder 5 - 1704 to 2804,04-25-2026,06:39:02,1.92340W,50.94176N,100%,6C,50%,5_20260425_063902.wav,AGC,48kHz,stereo,Part1,5_20260425_063902.wav,159.0,162.0,161.27466666666666,161.02466666666666,161.52466666666666,0.020833333333333332,1.0,2.730540749448636,177.26945925055136,"left,right"
Recorder 5 - 1704 to 2804,04-25-2026,06:39:02,1.92340W,50.94176N,100%,6C,50%,5_20260425_063902.wav,AGC,48kHz,stereo,Part1,5_20260425_063902.wav,207.0,210.0,209.33841666666666,209.08841666666666,209.58841666666666,0.0,0.0,0.0,180.0,"left,right"
Recorder 5 - 1704 to 2804,04-25-2026,06:39:02,1.92340W,50.94176N,100%,6C,50%,5_20260425_063902.wav,AGC,48kHz,stereo,Part1,5_20260425_063902.wav,240.0,243.0,240.29529166666666,240.04529166666666,240.54529166666666,0.022135416666666668,1.0625,2.9013412575649227,177.09865874243508,"left,right"
Recorder 5 - 1704 to 2804,04-25-2026,06:39:02,1.92340W,50.94176N,100%,6C,50%,5_20260425_063902.wav,AGC,48kHz,stereo,Part1,5_20260425_063902.wav,360.0,363.0,360.82295833333336,360.57295833333336,361.07295833333336,0.0,0.0,0.0,180.0,"left,right"
Recorder 5 - 1704 to 2804,04-25-2026,06:39:02,1.92340W,50.94176N,100%,6C,50%,5_20260425_063902.wav,AGC,48kHz,stereo,Part1,5_20260425_063902.wav,627.0,630.0,629.2249166666667,628.9749166666667,629.4749166666667,0.020833333333333332,1.0,2.730540749448636,177.26945925055136,"left,right"
Recorder 5 - 1704 to 2804,04-25-2026,06:39:02,1.92340W,50.94176N,100%,6C,50%,5_20260425_063902.wav,AGC,48kHz,stereo,Part1,5_20260425_063902.wav,804.0,807.0,806.4989583333333,806.2489583333333,806.7489583333333,0.43619791666666663,20.9375,85.89876061475425,94.10123938524575,"left,right"
Recorder 5 - 1704 to 2804,04-25-2026,06:39:02,1.92340W,50.94176N,100%,6C,50%,5_20260425_063902.wav,AGC,48kHz,stereo,Part1,5_20260425_063902.wav,867.0,870.0,867.2285833333333,867.0,867.4785833333333,-0.022135416666666668,-1.0625,357.0986587424351,182.90134125756492,"left,right"
Recorder 5 - 1704 to 2804,04-25-2026,06:39:02,1.92340W,50.94176N,100%,6C,50%,5_20260425_063902.wav,AGC,48kHz,stereo,Part1,5_20260425_063902.wav,927.0,930.0,929.832,929.582,930.0,0.01953125,0.9375,2.559764521436577,177.4402354785634,"left,right"
Recorder 5 - 1704 to 2804,04-25-2026,06:39:02,1.92340W,50.94176N,100%,6C,50%,5_20260425_063902.wav,AGC,48kHz,stereo,Part1,5_20260425_063902.wav,951.0,954.0,952.6278541666667,952.3778541666667,952.8778541666667,0.0013020833333333333,0.0625,0.1705944566832045,179.8294055433168,"left,right"
Recorder 5 - 1704 to 2804,04-25-2026,06:39:02,1.92340W,50.94176N,100%,6C,50%,5_20260425_063902.wav,AGC,48kHz,stereo,Part1,5_20260425_063902.wav,1041.0,1044.0,1041.4468125,1041.1968125,1041.6968125,-0.01953125,-0.9375,357.4402354785634,182.5597645214366,"left,right"
Recorder 5 - 1704 to 2804,04-25-2026,06:39:02,1.92340W,50.94176N,100%,6C,50%,5_20260425_063902.wav,AGC,48kHz,stereo,Part1,5_20260425_063902.wav,1053.0,1056.0,1055.7041458333333,1055.4541458333333,1055.9541458333333,0.0,0.0,0.0,180.0,"left,right"
Recorder 5 - 1704 to 2804,04-25-2026,06:39:02,1.92340W,50.94176N,100%,6C,50%,5_20260425_063902.wav,AGC,48kHz,stereo,Part1,5_20260425_063902.wav,1137.0,1140.0,1139.8182291666667,1139.5682291666667,1140.0,-0.022135416666666668,-1.0625,357.0986587424351,182.90134125756492,"left,right"
Recorder 5 - 1704 to 2804,04-25-2026,06:39:02,1.92340W,50.94176N,100%,6C,50%,5_20260425_063902.wav,AGC,48kHz,stereo,Part1,5_20260425_063902.wav,1140.0,1143.0,1140.1188333333334,1140.0,1140.3688333333334,0.0013020833333333333,0.0625,0.1705944566832045,179.8294055433168,"left,right"
Recorder 5 - 1704 to 2804,04-25-2026,06:39:02,1.92340W,50.94176N,100%,6C,50%,5_20260425_063902.wav,AGC,48kHz,stereo,Part1,5_20260425_063902.wav,1230.0,1233.0,1232.4923541666667,1232.2423541666667,1232.7423541666667,0.0,0.0,0.0,180.0,"left,right"
Recorder 5 - 1704 to 2804,04-25-2026,06:39:02,1.92340W,50.94176N,100%,6C,50%,5_20260425_063902.wav,AGC,48kHz,stereo,Part1,5_20260425_063902.wav,1260.0,1263.0,1261.2224791666667,1260.9724791666667,1261.4724791666667,0.0,0.0,0.0,180.0,"left,right"
Recorder 5 - 1704 to 2804,04-25-2026,06:39:02,1.92340W,50.94176N,100%,6C,50%,5_20260425_063902.wav,AGC,48kHz,stereo,Part1,5_20260425_063902.wav,1389.0,1392.0,1390.5241458333333,1390.2741458333333,1390.7741458333333,0.018229166666666668,0.8750000000000001,2.389011046620638,177.61098895337938,"left,right"
Recorder 5 - 1704 to 2804,04-25-2026,07:09:03,1.92340W,50.94176N,100%,6C,50%,5_20260425_070903.wav,AGC,48kHz,stereo,Part2,5_20260425_070903.wav,147.0,150.0,147.6849375,147.4349375,147.9349375,0.018229166666666668,0.8750000000000001,2.389011046620638,177.61098895337938,"left,right"
Recorder 5 - 1704 to 2804,04-25-2026,07:09:03,1.92340W,50.94176N,100%,6C,50%,5_20260425_070903.wav,AGC,48kHz,stereo,Part2,5_20260425_070903.wav,156.0,159.0,158.66810416666667,158.41810416666667,158.91810416666667,0.0,0.0,0.0,180.0,"left,right"
Recorder 5 - 1704 to 2804,04-25-2026,07:09:03,1.92340W,50.94176N,100%,6C,50%,5_20260425_070903.wav,AGC,48kHz,stereo,Part2,5_20260425_070903.wav,1182.0,1185.0,1182.6750416666666,1182.4250416666666,1182.9250416666666,0.0,0.0,0.0,180.0,"left,right"
Recorder 5 - 1704 to 2804,04-25-2026,07:09:03,1.92340W,50.94176N,100%,6C,50%,5_20260425_070903.wav,AGC,48kHz,stereo,Part2,5_20260425_070903.wav,1287.0,1290.0,1289.8662291666667,1289.6162291666667,1290.0,0.0,0.0,0.0,180.0,"left,right"
Recorder 5 - 1704 to 2804,04-25-2026,07:09:03,1.92340W,50.94176N,100%,6C,50%,5_20260425_070903.wav,AGC,48kHz,stereo,Part2,5_20260425_070903.wav,1293.0,1296.0,1294.0255625,1293.7755625,1294.2755625,0.0,0.0,0.0,180.0,"left,right"
Recorder 5 - 1704 to 2804,04-25-2026,18:42:02,1.92340W,50.94176N,100%,21C,32%,5_20260425_184202.wav,AGC,48kHz,stereo,Part1,5_20260425_184202.wav,3.0,6.0,4.968041666666666,4.718041666666666,5.218041666666666,-0.020833333333333332,-1.0,357.26945925055134,182.73054074944866,"left,right"
Recorder 5 - 1704 to 2804,04-25-2026,18:42:02,1.92340W,50.94176N,100%,21C,32%,5_20260425_184202.wav,AGC,48kHz,stereo,Part1,5_20260425_184202.wav,93.0,96.0,93.9075,93.6575,94.1575,-0.018229166666666668,-0.8750000000000001,357.6109889533793,182.38901104662065,"left,right"
Recorder 5 - 1704 to 2804,04-25-2026,18:42:02,1.92340W,50.94176N,100%,21C,32%,5_20260425_184202.wav,AGC,48kHz,stereo,Part1,5_20260425_184202.wav,138.0,141.0,138.05327083333333,138.0,138.30327083333333,-0.022135416666666668,-1.0625,357.0986587424351,182.90134125756492,"left,right"
Recorder 5 - 1704 to 2804,04-25-2026,18:42:02,1.92340W,50.94176N,100%,21C,32%,5_20260425_184202.wav,AGC,48kHz,stereo,Part1,5_20260425_184202.wav,156.0,159.0,157.98966666666666,157.73966666666666,158.23966666666666,0.0,0.0,0.0,180.0,"left,right"
Recorder 5 - 1704 to 2804,04-25-2026,18:42:02,1.92340W,50.94176N,100%,21C,32%,5_20260425_184202.wav,AGC,48kHz,stereo,Part1,5_20260425_184202.wav,204.0,207.0,206.57722916666665,206.32722916666665,206.82722916666665,0.0,0.0,0.0,180.0,"left,right"
Recorder 5 - 1704 to 2804,04-25-2026,18:42:02,1.92340W,50.94176N,100%,21C,32%,5_20260425_184202.wav,AGC,48kHz,stereo,Part1,5_20260425_184202.wav,318.0,321.0,319.06441666666666,318.81441666666666,319.31441666666666,0.375,18.0,59.03703129067228,120.96296870932773,"left,right"
Recorder 5 - 1704 to 2804,04-25-2026,18:42:02,1.92340W,50.94176N,100%,21C,32%,5_20260425_184202.wav,AGC,48kHz,stereo,Part1,5_20260425_184202.wav,345.0,348.0,347.98952083333336,347.73952083333336,348.0,-0.020833333333333332,-1.0,357.26945925055134,182.73054074944866,"left,right"
Recorder 5 - 1704 to 2804,04-25-2026,18:42:02,1.92340W,50.94176N,100%,21C,32%,5_20260425_184202.wav,AGC,48kHz,stereo,Part1,5_20260425_184202.wav,348.0,351.0,348.4641875,348.2141875,348.7141875,0.0,0.0,0.0,180.0,"left,right"
Recorder 5 - 1704 to 2804,04-25-2026,18:42:02,1.92340W,50.94176N,100%,21C,32%,5_20260425_184202.wav,AGC,48kHz,stereo,Part1,5_20260425_184202.wav,483.0,486.0,483.93935416666665,483.68935416666665,484.18935416666665,0.0,0.0,0.0,180.0,"left,right"
Recorder 5 - 1704 to 2804,04-25-2026,18:42:02,1.92340W,50.94176N,100%,21C,32%,5_20260425_184202.wav,AGC,48kHz,stereo,Part1,5_20260425_184202.wav,516.0,519.0,516.5761041666667,516.3261041666667,516.8261041666667,0.020833333333333332,1.0,2.730540749448636,177.26945925055136,"left,right"
Recorder 5 - 1704 to 2804,04-25-2026,18:42:02,1.92340W,50.94176N,100%,21C,32%,5_20260425_184202.wav,AGC,48kHz,stereo,Part1,5_20260425_184202.wav,609.0,612.0,609.1490416666667,609.0,609.3990416666667,0.0,0.0,0.0,180.0,"left,right"
Recorder 5 - 1704 to 2804,04-25-2026,18:42:02,1.92340W,50.94176N,100%,21C,32%,5_20260425_184202.wav,AGC,48kHz,stereo,Part1,5_20260425_184202.wav,669.0,672.0,671.8420416666667,671.5920416666667,672.0,-0.0013020833333333333,-0.0625,359.8294055433168,180.1705944566832,"left,right"
Recorder 5 - 1704 to 2804,04-25-2026,18:42:02,1.92340W,50.94176N,100%,21C,32%,5_20260425_184202.wav,AGC,48kHz,stereo,Part1,5_20260425_184202.wav,765.0,768.0,767.8818541666667,767.6318541666667,768.0,0.0013020833333333333,0.0625,0.1705944566832045,179.8294055433168,"left,right"
Recorder 5 - 1704 to 2804,04-25-2026,18:42:02,1.92340W,50.94176N,100%,21C,32%,5_20260425_184202.wav,AGC,48kHz,stereo,Part1,5_20260425_184202.wav,768.0,771.0,768.288375,768.038375,768.538375,0.0013020833333333333,0.0625,0.1705944566832045,179.8294055433168,"left,right"
Recorder 5 - 1704 to 2804,04-25-2026,18:42:02,1.92340W,50.94176N,100%,21C,32%,5_20260425_184202.wav,AGC,48kHz,stereo,Part1,5_20260425_184202.wav,771.0,774.0,771.3177291666667,771.0677291666667,771.5677291666667,0.0013020833333333333,0.0625,0.1705944566832045,179.8294055433168,"left,right"
Recorder 5 - 1704 to 2804,04-25-2026,18:42:02,1.92340W,50.94176N,100%,21C,32%,5_20260425_184202.wav,AGC,48kHz,stereo,Part1,5_20260425_184202.wav,804.0,807.0,806.9811875,806.7311875,807.0,0.0,0.0,0.0,180.0,"left,right"
Recorder 5 - 1704 to 2804,04-25-2026,18:42:02,1.92340W,50.94176N,100%,21C,32%,5_20260425_184202.wav,AGC,48kHz,stereo,Part1,5_20260425_184202.wav,834.0,837.0,835.0804166666667,834.8304166666667,835.3304166666667,0.0,0.0,0.0,180.0,"left,right"
Recorder 5 - 1704 to 2804,04-25-2026,18:42:02,1.92340W,50.94176N,100%,21C,32%,5_20260425_184202.wav,AGC,48kHz,stereo,Part1,5_20260425_184202.wav,837.0,840.0,837.0449166666667,837.0,837.2949166666667,0.01953125,0.9375,2.559764521436577,177.4402354785634,"left,right"
Recorder 5 - 1704 to 2804,04-25-2026,18:42:02,1.92340W,50.94176N,100%,21C,32%,5_20260425_184202.wav,AGC,48kHz,stereo,Part1,5_20260425_184202.wav,924.0,927.0,926.4448541666667,926.1948541666667,926.6948541666667,0.0,0.0,0.0,180.0,"left,right"
Recorder 5 - 1704 to 2804,04-25-2026,18:42:02,1.92340W,50.94176N,100%,21C,32%,5_20260425_184202.wav,AGC,48kHz,stereo,Part1,5_20260425_184202.wav,1014.0,1017.0,1016.428625,1016.178625,1016.678625,0.0,0.0,0.0,180.0,"left,right"
Recorder 5 - 1704 to 2804,04-25-2026,18:42:02,1.92340W,50.94176N,100%,21C,32%,5_20260425_184202.wav,AGC,48kHz,stereo,Part1,5_20260425_184202.wav,1026.0,1029.0,1028.4889583333334,1028.2389583333334,1028.7389583333334,-0.0026041666666666665,-0.125,359.65880957427,180.34119042573002,"left,right"
Recorder 5 - 1704 to 2804,04-25-2026,18:42:02,1.92340W,50.94176N,100%,21C,32%,5_20260425_184202.wav,AGC,48kHz,stereo,Part1,5_20260425_184202.wav,1116.0,1119.0,1118.5794583333334,1118.3294583333334,1118.8294583333334,0.01953125,0.9375,2.559764521436577,177.4402354785634,"left,right"
Recorder 5 - 1704 to 2804,04-25-2026,18:42:02,1.92340W,50.94176N,100%,21C,32%,5_20260425_184202.wav,AGC,48kHz,stereo,Part1,5_20260425_184202.wav,1119.0,1122.0,1119.0337916666667,1119.0,1119.2837916666667,0.022135416666666668,1.0625,2.9013412575649227,177.09865874243508,"left,right"
Recorder 5 - 1704 to 2804,04-25-2026,18:42:02,1.92340W,50.94176N,100%,21C,32%,5_20260425_184202.wav,AGC,48kHz,stereo,Part1,5_20260425_184202.wav,1332.0,1335.0,1332.8706666666667,1332.6206666666667,1333.1206666666667,-0.022135416666666668,-1.0625,357.0986587424351,182.90134125756492,"left,right"
Recorder 5 - 1704 to 2804,04-25-2026,18:42:02,1.92340W,50.94176N,100%,21C,32%,5_20260425_184202.wav,AGC,48kHz,stereo,Part1,5_20260425_184202.wav,1410.0,1413.0,1411.02725,1410.77725,1411.27725,0.0,0.0,0.0,180.0,"left,right"
Recorder 5 - 1704 to 2804,04-25-2026,18:42:02,1.92340W,50.94176N,100%,21C,32%,5_20260425_184202.wav,AGC,48kHz,stereo,Part1,5_20260425_184202.wav,1458.0,1461.0,1458.391,1458.141,1458.641,-0.0013020833333333333,-0.0625,359.8294055433168,180.1705944566832,"left,right"
Recorder 5 - 1704 to 2804,04-25-2026,18:42:02,1.92340W,50.94176N,100%,21C,32%,5_20260425_184202.wav,AGC,48kHz,stereo,Part1,5_20260425_184202.wav,1482.0,1485.0,1483.573375,1483.323375,1483.823375,0.01953125,0.9375,2.559764521436577,177.4402354785634,"left,right"
Recorder 5 - 1704 to 2804,04-25-2026,18:42:02,1.92340W,50.94176N,100%,21C,32%,5_20260425_184202.wav,AGC,48kHz,stereo,Part1,5_20260425_184202.wav,1503.0,1506.0,1503.6269166666666,1503.3769166666666,1503.8769166666666,0.01953125,0.9375,2.559764521436577,177.4402354785634,"left,right"
Recorder 5 - 1704 to 2804,04-25-2026,18:42:02,1.92340W,50.94176N,100%,21C,32%,5_20260425_184202.wav,AGC,48kHz,stereo,Part1,5_20260425_184202.wav,1665.0,1668.0,1666.9127916666666,1666.6627916666666,1667.1627916666666,0.0,0.0,0.0,180.0,"left,right"
Recorder 5 - 1704 to 2804,04-25-2026,19:12:03,1.92340W,50.94176N,100%,21C,32%,5_20260425_191203.wav,AGC,48kHz,stereo,Part2,5_20260425_191203.wav,3.0,6.0,3.9619166666666668,3.7119166666666668,4.211916666666667,0.0,0.0,0.0,180.0,"left,right"
Recorder 5 - 1704 to 2804,04-25-2026,19:12:03,1.92340W,50.94176N,100%,21C,32%,5_20260425_191203.wav,AGC,48kHz,stereo,Part2,5_20260425_191203.wav,90.0,93.0,92.226125,91.976125,92.476125,0.0,0.0,0.0,180.0,"left,right"
Recorder 5 - 1704 to 2804,04-25-2026,19:12:03,1.92340W,50.94176N,100%,21C,32%,5_20260425_191203.wav,AGC,48kHz,stereo,Part2,5_20260425_191203.wav,153.0,156.0,154.51297916666667,154.26297916666667,154.76297916666667,0.0,0.0,0.0,180.0,"left,right"
Recorder 5 - 1704 to 2804,04-25-2026,19:12:03,1.92340W,50.94176N,100%,21C,32%,5_20260425_191203.wav,AGC,48kHz,stereo,Part2,5_20260425_191203.wav,180.0,183.0,181.1593125,180.9093125,181.4093125,0.0,0.0,0.0,180.0,"left,right"
Recorder 5 - 1704 to 2804,04-25-2026,19:12:03,1.92340W,50.94176N,100%,21C,32%,5_20260425_191203.wav,AGC,48kHz,stereo,Part2,5_20260425_191203.wav,261.0,264.0,263.39729166666666,263.14729166666666,263.64729166666666,0.43619791666666663,20.9375,85.89876061475425,94.10123938524575,"left,right"
Recorder 5 - 1704 to 2804,04-25-2026,19:12:03,1.92340W,50.94176N,100%,21C,32%,5_20260425_191203.wav,AGC,48kHz,stereo,Part2,5_20260425_191203.wav,291.0,294.0,291.68364583333334,291.43364583333334,291.93364583333334,0.0,0.0,0.0,180.0,"left,right"
Recorder 5 - 1704 to 2804,04-25-2026,19:12:03,1.92340W,50.94176N,100%,21C,32%,5_20260425_191203.wav,AGC,48kHz,stereo,Part2,5_20260425_191203.wav,378.0,381.0,380.365625,380.115625,380.615625,0.0,0.0,0.0,180.0,"left,right"
Recorder 5 - 1704 to 2804,04-25-2026,19:12:03,1.92340W,50.94176N,100%,21C,32%,5_20260425_191203.wav,AGC,48kHz,stereo,Part2,5_20260425_191203.wav,462.0,465.0,463.46054166666664,463.21054166666664,463.71054166666664,-0.0013020833333333333,-0.0625,359.8294055433168,180.1705944566832,"left,right"
Recorder 5 - 1704 to 2804,04-25-2026,19:12:03,1.92340W,50.94176N,100%,21C,32%,5_20260425_191203.wav,AGC,48kHz,stereo,Part2,5_20260425_191203.wav,534.0,537.0,536.3855,536.1355,536.6355,0.0013020833333333333,0.0625,0.1705944566832045,179.8294055433168,"left,right"
Recorder 5 - 1704 to 2804,04-25-2026,19:12:03,1.92340W,50.94176N,100%,21C,32%,5_20260425_191203.wav,AGC,48kHz,stereo,Part2,5_20260425_191203.wav,564.0,567.0,566.9591875,566.7091875,567.0,-0.0013020833333333333,-0.0625,359.8294055433168,180.1705944566832,"left,right"
Recorder 5 - 1704 to 2804,04-25-2026,19:12:03,1.92340W,50.94176N,100%,21C,32%,5_20260425_191203.wav,AGC,48kHz,stereo,Part2,5_20260425_191203.wav,567.0,570.0,567.0245833333333,567.0,567.2745833333333,-0.0026041666666666665,-0.125,359.65880957427,180.34119042573002,"left,right"
Recorder 5 - 1704 to 2804,04-25-2026,19:12:03,1.92340W,50.94176N,100%,21C,32%,5_20260425_191203.wav,AGC,48kHz,stereo,Part2,5_20260425_191203.wav,648.0,651.0,648.1393333333333,648.0,648.3893333333333,0.0,0.0,0.0,180.0,"left,right"
Recorder 5 - 1704 to 2804,04-25-2026,19:12:03,1.92340W,50.94176N,100%,21C,32%,5_20260425_191203.wav,AGC,48kHz,stereo,Part2,5_20260425_191203.wav,696.0,699.0,698.8165,698.5665,699.0,0.0,0.0,0.0,180.0,"left,right"
Recorder 5 - 1704 to 2804,04-25-2026,19:12:03,1.92340W,50.94176N,100%,21C,32%,5_20260425_191203.wav,AGC,48kHz,stereo,Part2,5_20260425_191203.wav,699.0,702.0,699.1279583333334,699.0,699.3779583333334,0.020833333333333332,1.0,2.730540749448636,177.26945925055136,"left,right"
Recorder 5 - 1704 to 2804,04-25-2026,19:12:03,1.92340W,50.94176N,100%,21C,32%,5_20260425_191203.wav,AGC,48kHz,stereo,Part2,5_20260425_191203.wav,759.0,762.0,759.9523958333333,759.7023958333333,760.2023958333333,0.0013020833333333333,0.0625,0.1705944566832045,179.8294055433168,"left,right"
Recorder 5 - 1704 to 2804,04-25-2026,19:12:03,1.92340W,50.94176N,100%,21C,32%,5_20260425_191203.wav,AGC,48kHz,stereo,Part2,5_20260425_191203.wav,795.0,798.0,796.4622291666667,796.2122291666667,796.7122291666667,0.018229166666666668,0.8750000000000001,2.389011046620638,177.61098895337938,"left,right"
Recorder 5 - 1704 to 2804,04-25-2026,19:12:03,1.92340W,50.94176N,100%,21C,32%,5_20260425_191203.wav,AGC,48kHz,stereo,Part2,5_20260425_191203.wav,846.0,849.0,847.973,847.723,848.223,0.0,0.0,0.0,180.0,"left,right"
Recorder 5 - 1704 to 2804,04-25-2026,19:12:03,1.92340W,50.94176N,100%,21C,32%,5_20260425_191203.wav,AGC,48kHz,stereo,Part2,5_20260425_191203.wav,921.0,924.0,921.6563333333334,921.4063333333334,921.9063333333334,0.018229166666666668,0.8750000000000001,2.389011046620638,177.61098895337938,"left,right"
Recorder 5 - 1704 to 2804,04-25-2026,19:12:03,1.92340W,50.94176N,100%,21C,32%,5_20260425_191203.wav,AGC,48kHz,stereo,Part2,5_20260425_191203.wav,963.0,966.0,963.3208125,963.0708125,963.5708125,-0.2708333333333333,-13.0,321.73455982235123,218.2654401776488,"left,right"
Recorder 5 - 1704 to 2804,04-25-2026,19:12:03,1.92340W,50.94176N,100%,21C,32%,5_20260425_191203.wav,AGC,48kHz,stereo,Part2,5_20260425_191203.wav,1029.0,1032.0,1030.227875,1029.977875,1030.477875,0.0013020833333333333,0.0625,0.1705944566832045,179.8294055433168,"left,right"
Recorder 5 - 1704 to 2804,04-25-2026,19:12:03,1.92340W,50.94176N,100%,21C,32%,5_20260425_191203.wav,AGC,48kHz,stereo,Part2,5_20260425_191203.wav,1068.0,1071.0,1069.4072083333333,1069.1572083333333,1069.6572083333333,0.04296875,2.0625,5.638706452994867,174.36129354700512,"left,right"
Recorder 5 - 1704 to 2804,04-25-2026,19:12:03,1.92340W,50.94176N,100%,21C,32%,5_20260425_191203.wav,AGC,48kHz,stereo,Part2,5_20260425_191203.wav,1155.0,1158.0,1156.0167708333333,1155.7667708333333,1156.2667708333333,0.01953125,0.9375,2.559764521436577,177.4402354785634,"left,right"
Recorder 5 - 1704 to 2804,04-25-2026,19:12:03,1.92340W,50.94176N,100%,21C,32%,5_20260425_191203.wav,AGC,48kHz,stereo,Part2,5_20260425_191203.wav,1260.0,1263.0,1262.7265,1262.4765,1262.9765,0.0,0.0,0.0,180.0,"left,right"
Recorder 5 - 1704 to 2804,04-25-2026,19:12:03,1.92340W,50.94176N,100%,21C,32%,5_20260425_191203.wav,AGC,48kHz,stereo,Part2,5_20260425_191203.wav,1263.0,1266.0,1263.1323541666666,1263.0,1263.3823541666666,0.0,0.0,0.0,180.0,"left,right"
Recorder 5 - 1704 to 2804,04-25-2026,19:12:03,1.92340W,50.94176N,100%,21C,32%,5_20260425_191203.wav,AGC,48kHz,stereo,Part2,5_20260425_191203.wav,1332.0,1335.0,1334.1630625,1333.9130625,1334.4130625,0.0,0.0,0.0,180.0,"left,right"
Recorder 5 - 1704 to 2804,04-25-2026,19:12:03,1.92340W,50.94176N,100%,21C,32%,5_20260425_191203.wav,AGC,48kHz,stereo,Part2,5_20260425_191203.wav,1428.0,1431.0,1429.2706041666668,1429.0206041666668,1429.5206041666668,0.0,0.0,0.0,180.0,"left,right"
Recorder 5 - 1704 to 2804,04-25-2026,19:12:03,1.92340W,50.94176N,100%,21C,32%,5_20260425_191203.wav,AGC,48kHz,stereo,Part2,5_20260425_191203.wav,1449.0,1452.0,1449.3530833333334,1449.1030833333334,1449.6030833333334,0.01953125,0.9375,2.559764521436577,177.4402354785634,"left,right"
Recorder 5 - 1704 to 2804,04-25-2026,19:12:03,1.92340W,50.94176N,100%,21C,32%,5_20260425_191203.wav,AGC,48kHz,stereo,Part2,5_20260425_191203.wav,1500.0,1503.0,1500.3163125,1500.0663125,1500.5663125,-0.022135416666666668,-1.0625,357.0986587424351,182.90134125756492,"left,right"
Recorder 5 - 1704 to 2804,04-25-2026,19:12:03,1.92340W,50.94176N,100%,21C,32%,5_20260425_191203.wav,AGC,48kHz,stereo,Part2,5_20260425_191203.wav,1647.0,1650.0,1649.5101875,1649.2601875,1649.7601875,0.0,0.0,0.0,180.0,"left,right"
Recorder 5 - 1704 to 2804,04-25-2026,19:12:03,1.92340W,50.94176N,100%,21C,32%,5_20260425_191203.wav,AGC,48kHz,stereo,Part2,5_20260425_191203.wav,1758.0,1761.0,1758.4809791666667,1758.2309791666667,1758.7309791666667,0.0013020833333333333,0.0625,0.1705944566832045,179.8294055433168,"left,right"
Recorder 5 - 1704 to 2804,04-26-2026,06:39:02,1.92338W,50.94178N,100%,7C,49%,5_20260426_063902.wav,AGC,48kHz,stereo,Part1,5_20260426_063902.wav,33.0,36.0,33.7966875,33.5466875,34.0466875,-0.0013020833333333333,-0.0625,359.8294055433168,180.1705944566832,"left,right"
Recorder 5 - 1704 to 2804,04-26-2026,06:39:02,1.92338W,50.94178N,100%,7C,49%,5_20260426_063902.wav,AGC,48kHz,stereo,Part1,5_20260426_063902.wav,105.0,108.0,107.30125,107.05125,107.55125,0.01953125,0.9375,2.559764521436577,177.4402354785634,"left,right"
Recorder 5 - 1704 to 2804,04-26-2026,06:39:02,1.92338W,50.94178N,100%,7C,49%,5_20260426_063902.wav,AGC,48kHz,stereo,Part1,5_20260426_063902.wav,333.0,336.0,335.81558333333334,335.56558333333334,336.0,0.0,0.0,0.0,180.0,"left,right"
Recorder 5 - 1704 to 2804,04-26-2026,06:39:02,1.92338W,50.94178N,100%,7C,49%,5_20260426_063902.wav,AGC,48kHz,stereo,Part1,5_20260426_063902.wav,597.0,600.0,598.3823333333333,598.1323333333333,598.6323333333333,0.0,0.0,0.0,180.0,"left,right"
Recorder 5 - 1704 to 2804,04-26-2026,06:39:02,1.92338W,50.94178N,100%,7C,49%,5_20260426_063902.wav,AGC,48kHz,stereo,Part1,5_20260426_063902.wav,711.0,714.0,713.3037916666667,713.0537916666667,713.5537916666667,0.0,0.0,0.0,180.0,"left,right"
Recorder 5 - 1704 to 2804,04-26-2026,06:39:02,1.92338W,50.94178N,100%,7C,49%,5_20260426_063902.wav,AGC,48kHz,stereo,Part1,5_20260426_063902.wav,1167.0,1170.0,1168.14375,1167.89375,1168.39375,-0.01953125,-0.9375,357.4402354785634,182.5597645214366,"left,right"
Recorder 5 - 1704 to 2804,04-26-2026,06:39:02,1.92338W,50.94178N,100%,7C,49%,5_20260426_063902.wav,AGC,48kHz,stereo,Part1,5_20260426_063902.wav,1197.0,1200.0,1199.554375,1199.304375,1199.804375,0.0,0.0,0.0,180.0,"left,right"
Recorder 5 - 1704 to 2804,04-26-2026,06:39:02,1.92338W,50.94178N,100%,7C,49%,5_20260426_063902.wav,AGC,48kHz,stereo,Part1,5_20260426_063902.wav,1221.0,1224.0,1221.9966875,1221.7466875,1222.2466875,-0.01953125,-0.9375,357.4402354785634,182.5597645214366,"left,right"
Recorder 5 - 1704 to 2804,04-26-2026,06:39:02,1.92338W,50.94178N,100%,7C,49%,5_20260426_063902.wav,AGC,48kHz,stereo,Part1,5_20260426_063902.wav,1314.0,1317.0,1316.2712291666667,1316.0212291666667,1316.5212291666667,0.0,0.0,0.0,180.0,"left,right"
Recorder 5 - 1704 to 2804,04-26-2026,06:39:02,1.92338W,50.94178N,100%,7C,49%,5_20260426_063902.wav,AGC,48kHz,stereo,Part1,5_20260426_063902.wav,1374.0,1377.0,1375.5889375,1375.3389375,1375.8389375,0.0,0.0,0.0,180.0,"left,right"
Recorder 5 - 1704 to 2804,04-26-2026,06:39:02,1.92338W,50.94178N,100%,7C,49%,5_20260426_063902.wav,AGC,48kHz,stereo,Part1,5_20260426_063902.wav,1443.0,1446.0,1445.7609375,1445.5109375,1446.0,0.0,0.0,0.0,180.0,"left,right"
Recorder 5 - 1704 to 2804,04-26-2026,06:39:02,1.92338W,50.94178N,100%,7C,49%,5_20260426_063902.wav,AGC,48kHz,stereo,Part1,5_20260426_063902.wav,1518.0,1521.0,1518.1515833333333,1518.0,1518.4015833333333,0.0,0.0,0.0,180.0,"left,right"
Recorder 5 - 1704 to 2804,04-26-2026,06:39:02,1.92338W,50.94178N,100%,7C,49%,5_20260426_063902.wav,AGC,48kHz,stereo,Part1,5_20260426_063902.wav,1593.0,1596.0,1594.9502916666668,1594.7002916666668,1595.2002916666668,-0.020833333333333332,-1.0,357.26945925055134,182.73054074944866,"left,right"
Recorder 5 - 1704 to 2804,04-26-2026,07:09:03,1.92338W,50.94178N,100%,7C,49%,5_20260426_070903.wav,AGC,48kHz,stereo,Part2,5_20260426_070903.wav,51.0,54.0,52.420541666666665,52.170541666666665,52.670541666666665,0.01953125,0.9375,2.559764521436577,177.4402354785634,"left,right"
Recorder 5 - 1704 to 2804,04-26-2026,07:09:03,1.92338W,50.94178N,100%,7C,49%,5_20260426_070903.wav,AGC,48kHz,stereo,Part2,5_20260426_070903.wav,357.0,360.0,357.80395833333336,357.55395833333336,358.05395833333336,0.0,0.0,0.0,180.0,"left,right"
Recorder 5 - 1704 to 2804,04-26-2026,07:09:03,1.92338W,50.94178N,100%,7C,49%,5_20260426_070903.wav,AGC,48kHz,stereo,Part2,5_20260426_070903.wav,1143.0,1146.0,1145.9070416666666,1145.6570416666666,1146.0,0.0013020833333333333,0.0625,0.1705944566832045,179.8294055433168,"left,right"
Recorder 5 - 1704 to 2804,04-26-2026,07:09:03,1.92338W,50.94178N,100%,7C,49%,5_20260426_070903.wav,AGC,48kHz,stereo,Part2,5_20260426_070903.wav,1731.0,1734.0,1733.8452083333334,1733.5952083333334,1734.0,-0.061197916666666664,-2.9375,351.955669880539,188.044330119461,"left,right"
Recorder 5 - 1704 to 2804,04-26-2026,18:42:02,1.92338W,50.94178N,100%,21C,29%,5_20260426_184202.wav,AGC,48kHz,stereo,Part1,5_20260426_184202.wav,84.0,87.0,84.08145833333333,84.0,84.33145833333333,0.020833333333333332,1.0,2.730540749448636,177.26945925055136,"left,right"
Recorder 5 - 1704 to 2804,04-26-2026,18:42:02,1.92338W,50.94178N,100%,21C,29%,5_20260426_184202.wav,AGC,48kHz,stereo,Part1,5_20260426_184202.wav,183.0,186.0,185.47864583333333,185.22864583333333,185.72864583333333,0.0,0.0,0.0,180.0,"left,right"
Recorder 5 - 1704 to 2804,04-26-2026,18:42:02,1.92338W,50.94178N,100%,21C,29%,5_20260426_184202.wav,AGC,48kHz,stereo,Part1,5_20260426_184202.wav,492.0,495.0,492.7553541666667,492.5053541666667,493.0053541666667,-0.018229166666666668,-0.8750000000000001,357.6109889533793,182.38901104662065,"left,right"
Recorder 5 - 1704 to 2804,04-26-2026,18:42:02,1.92338W,50.94178N,100%,21C,29%,5_20260426_184202.wav,AGC,48kHz,stereo,Part1,5_20260426_184202.wav,537.0,540.0,538.9970416666666,538.7470416666666,539.2470416666666,0.0013020833333333333,0.0625,0.1705944566832045,179.8294055433168,"left,right"
Recorder 5 - 1704 to 2804,04-26-2026,18:42:02,1.92338W,50.94178N,100%,21C,29%,5_20260426_184202.wav,AGC,48kHz,stereo,Part1,5_20260426_184202.wav,753.0,756.0,754.388125,754.138125,754.638125,0.0,0.0,0.0,180.0,"left,right"
Recorder 5 - 1704 to 2804,04-26-2026,18:42:02,1.92338W,50.94178N,100%,21C,29%,5_20260426_184202.wav,AGC,48kHz,stereo,Part1,5_20260426_184202.wav,1104.0,1107.0,1104.2168541666667,1104.0,1104.4668541666667,0.0,0.0,0.0,180.0,"left,right"
Recorder 5 - 1704 to 2804,04-26-2026,18:42:02,1.92338W,50.94178N,100%,21C,29%,5_20260426_184202.wav,AGC,48kHz,stereo,Part1,5_20260426_184202.wav,1215.0,1218.0,1216.2534166666667,1216.0034166666667,1216.5034166666667,0.0,0.0,0.0,180.0,"left,right"
Recorder 5 - 1704 to 2804,04-26-2026,19:12:03,1.92338W,50.94178N,100%,21C,29%,5_20260426_191203.wav,AGC,48kHz,stereo,Part2,5_20260426_191203.wav,321.0,324.0,322.67160416666667,322.42160416666667,322.92160416666667,0.0,0.0,0.0,180.0,"left,right"
Recorder 5 - 1704 to 2804,04-26-2026,19:12:03,1.92338W,50.94178N,100%,21C,29%,5_20260426_191203.wav,AGC,48kHz,stereo,Part2,5_20260426_191203.wav,399.0,402.0,400.2654375,400.0154375,400.5154375,0.020833333333333332,1.0,2.730540749448636,177.26945925055136,"left,right"
Recorder 5 - 1704 to 2804,04-26-2026,19:12:03,1.92338W,50.94178N,100%,21C,29%,5_20260426_191203.wav,AGC,48kHz,stereo,Part2,5_20260426_191203.wav,624.0,627.0,624.7026458333333,624.4526458333333,624.9526458333333,0.0013020833333333333,0.0625,0.1705944566832045,179.8294055433168,"left,right"
Recorder 5 - 1704 to 2804,04-26-2026,19:12:03,1.92338W,50.94178N,100%,21C,29%,5_20260426_191203.wav,AGC,48kHz,stereo,Part2,5_20260426_191203.wav,915.0,918.0,916.5545208333333,916.3045208333333,916.8045208333333,-0.020833333333333332,-1.0,357.26945925055134,182.73054074944866,"left,right"
Recorder 5 - 1704 to 2804,04-26-2026,19:12:03,1.92338W,50.94178N,100%,21C,29%,5_20260426_191203.wav,AGC,48kHz,stereo,Part2,5_20260426_191203.wav,972.0,975.0,974.8496666666666,974.5996666666666,975.0,0.0013020833333333333,0.0625,0.1705944566832045,179.8294055433168,"left,right"
Recorder 5 - 1704 to 2804,04-26-2026,19:12:03,1.92338W,50.94178N,100%,21C,29%,5_20260426_191203.wav,AGC,48kHz,stereo,Part2,5_20260426_191203.wav,975.0,978.0,975.22275,975.0,975.47275,0.0,0.0,0.0,180.0,"left,right"
Recorder 5 - 1704 to 2804,04-26-2026,19:12:03,1.92338W,50.94178N,100%,21C,29%,5_20260426_191203.wav,AGC,48kHz,stereo,Part2,5_20260426_191203.wav,990.0,993.0,990.7696666666667,990.5196666666667,991.0196666666667,-0.0013020833333333333,-0.0625,359.8294055433168,180.1705944566832,"left,right"
Recorder 5 - 1704 to 2804,04-26-2026,19:12:03,1.92338W,50.94178N,100%,21C,29%,5_20260426_191203.wav,AGC,48kHz,stereo,Part2,5_20260426_191203.wav,1191.0,1194.0,1192.5007291666666,1192.2507291666666,1192.7507291666666,0.0,0.0,0.0,180.0,"left,right"
Recorder 5 - 1704 to 2804,04-26-2026,19:12:03,1.92338W,50.94178N,100%,21C,29%,5_20260426_191203.wav,AGC,48kHz,stereo,Part2,5_20260426_191203.wav,1461.0,1464.0,1463.8285,1463.5785,1464.0,0.0,0.0,0.0,180.0,"left,right"
Recorder 5 - 1704 to 2804,04-26-2026,19:12:03,1.92338W,50.94178N,100%,21C,29%,5_20260426_191203.wav,AGC,48kHz,stereo,Part2,5_20260426_191203.wav,1797.0,1800.0,1797.9200208333334,1797.6700208333334,1798.1700208333334,0.0,0.0,0.0,180.0,"left,right"
Recorder 5 - 1704 to 2804,04-27-2026,06:39:02,1.92338W,50.94178N,100%,9C,65%,5_20260427_063902.wav,AGC,48kHz,stereo,Part1,5_20260427_063902.wav,492.0,495.0,493.6619375,493.4119375,493.9119375,-0.0013020833333333333,-0.0625,359.8294055433168,180.1705944566832,"left,right"
Recorder 5 - 1704 to 2804,04-27-2026,06:39:02,1.92338W,50.94178N,100%,9C,65%,5_20260427_063902.wav,AGC,48kHz,stereo,Part1,5_20260427_063902.wav,780.0,783.0,782.4863333333333,782.2363333333333,782.7363333333333,0.0013020833333333333,0.0625,0.1705944566832045,179.8294055433168,"left,right"
Recorder 5 - 1704 to 2804,04-27-2026,06:39:02,1.92338W,50.94178N,100%,9C,65%,5_20260427_063902.wav,AGC,48kHz,stereo,Part1,5_20260427_063902.wav,993.0,996.0,993.2620833333333,993.0120833333333,993.5120833333333,0.0,0.0,0.0,180.0,"left,right"
Recorder 5 - 1704 to 2804,04-27-2026,06:39:02,1.92338W,50.94178N,100%,9C,65%,5_20260427_063902.wav,AGC,48kHz,stereo,Part1,5_20260427_063902.wav,1056.0,1059.0,1056.3092083333333,1056.0592083333333,1056.5592083333333,-0.0013020833333333333,-0.0625,359.8294055433168,180.1705944566832,"left,right"
Recorder 5 - 1704 to 2804,04-27-2026,06:39:02,1.92338W,50.94178N,100%,9C,65%,5_20260427_063902.wav,AGC,48kHz,stereo,Part1,5_20260427_063902.wav,1455.0,1458.0,1456.7219375,1456.4719375,1456.9719375,0.0,0.0,0.0,180.0,"left,right"
Recorder 5 - 1704 to 2804,04-27-2026,06:39:02,1.92338W,50.94178N,100%,9C,65%,5_20260427_063902.wav,AGC,48kHz,stereo,Part1,5_20260427_063902.wav,1581.0,1584.0,1582.4258958333332,1582.1758958333332,1582.6758958333332,0.43619791666666663,20.9375,85.89876061475425,94.10123938524575,"left,right"
Recorder 5 - 1704 to 2804,04-27-2026,07:09:03,1.92338W,50.94178N,100%,9C,65%,5_20260427_070903.wav,AGC,48kHz,stereo,Part2,5_20260427_070903.wav,339.0,342.0,340.5752083333333,340.3252083333333,340.8252083333333,0.0,0.0,0.0,180.0,"left,right"
Recorder 5 - 1704 to 2804,04-27-2026,07:09:03,1.92338W,50.94178N,100%,9C,65%,5_20260427_070903.wav,AGC,48kHz,stereo,Part2,5_20260427_070903.wav,420.0,423.0,420.07814583333334,420.0,420.32814583333334,0.0,0.0,0.0,180.0,"left,right"
Recorder 5 - 1704 to 2804,04-27-2026,07:09:03,1.92338W,50.94178N,100%,9C,65%,5_20260427_070903.wav,AGC,48kHz,stereo,Part2,5_20260427_070903.wav,1065.0,1068.0,1067.9665208333333,1067.7165208333333,1068.0,0.01953125,0.9375,2.559764521436577,177.4402354785634,"left,right"
Recorder 5 - 1704 to 2804,04-27-2026,07:09:03,1.92338W,50.94178N,100%,9C,65%,5_20260427_070903.wav,AGC,48kHz,stereo,Part2,5_20260427_070903.wav,1068.0,1071.0,1068.0114791666667,1068.0,1068.2614791666667,0.0,0.0,0.0,180.0,"left,right"
Recorder 5 - 1704 to 2804,04-27-2026,07:09:03,1.92338W,50.94178N,100%,9C,65%,5_20260427_070903.wav,AGC,48kHz,stereo,Part2,5_20260427_070903.wav,1515.0,1518.0,1516.0536458333333,1515.8036458333333,1516.3036458333333,0.0,0.0,0.0,180.0,"left,right"
Recorder 5 - 1704 to 2804,04-27-2026,07:09:03,1.92338W,50.94178N,100%,9C,65%,5_20260427_070903.wav,AGC,48kHz,stereo,Part2,5_20260427_070903.wav,1764.0,1767.0,1764.91625,1764.66625,1765.16625,-0.0013020833333333333,-0.0625,359.8294055433168,180.1705944566832,"left,right"
Recorder 5 - 1704 to 2804,04-28-2026,06:39:02,1.92338W,50.94178N,100%,8C,85%,5_20260428_063902.wav,AGC,48kHz,stereo,Part1,5_20260428_063902.wav,201.0,204.0,202.86322916666666,202.61322916666666,203.11322916666666,0.0,0.0,0.0,180.0,"left,right"
Recorder 5 - 1704 to 2804,04-28-2026,06:39:02,1.92338W,50.94178N,100%,8C,85%,5_20260428_063902.wav,AGC,48kHz,stereo,Part1,5_20260428_063902.wav,1281.0,1284.0,1283.6176666666668,1283.3676666666668,1283.8676666666668,0.0,0.0,0.0,180.0,"left,right"
Recorder 5 - 1704 to 2804,04-28-2026,06:39:02,1.92338W,50.94178N,100%,8C,85%,5_20260428_063902.wav,AGC,48kHz,stereo,Part1,5_20260428_063902.wav,1551.0,1554.0,1553.4308958333334,1553.1808958333334,1553.6808958333334,0.0,0.0,0.0,180.0,"left,right"
Recorder 5 - 1704 to 2804,04-28-2026,07:09:03,1.92338W,50.94178N,100%,8C,85%,5_20260428_070903.wav,AGC,48kHz,stereo,Part2,5_20260428_070903.wav,84.0,87.0,86.5846875,86.3346875,86.8346875,0.0013020833333333333,0.0625,0.1705944566832045,179.8294055433168,"left,right"
Recorder 5 - 1704 to 2804,04-28-2026,07:09:03,1.92338W,50.94178N,100%,8C,85%,5_20260428_070903.wav,AGC,48kHz,stereo,Part2,5_20260428_070903.wav,513.0,516.0,514.0832083333333,513.8332083333333,514.3332083333333,0.01953125,0.9375,2.559764521436577,177.4402354785634,"left,right"
Recorder 5 - 1704 to 2804,04-28-2026,07:09:03,1.92338W,50.94178N,100%,8C,85%,5_20260428_070903.wav,AGC,48kHz,stereo,Part2,5_20260428_070903.wav,699.0,702.0,701.7126041666667,701.4626041666667,701.9626041666667,0.0013020833333333333,0.0625,0.1705944566832045,179.8294055433168,"left,right"
Recorder 5 - 1704 to 2804,04-28-2026,07:09:03,1.92338W,50.94178N,100%,8C,85%,5_20260428_070903.wav,AGC,48kHz,stereo,Part2,5_20260428_070903.wav,816.0,819.0,816.0158333333334,816.0,816.2658333333334,-0.01953125,-0.9375,357.4402354785634,182.5597645214366,"left,right"
Recorder 5 - 1704 to 2804,04-28-2026,07:09:03,1.92338W,50.94178N,100%,8C,85%,5_20260428_070903.wav,AGC,48kHz,stereo,Part2,5_20260428_070903.wav,1284.0,1287.0,1284.514125,1284.264125,1284.764125,-0.018229166666666668,-0.8750000000000001,357.6109889533793,182.38901104662065,"left,right"
Recorder 5 - 1704 to 2804,04-28-2026,07:09:03,1.92338W,50.94178N,100%,8C,85%,5_20260428_070903.wav,AGC,48kHz,stereo,Part2,5_20260428_070903.wav,1446.0,1449.0,1447.6415208333333,1447.3915208333333,1447.8915208333333,0.0,0.0,0.0,180.0,"left,right"
Recorder 5 - 1704 to 2804,04-28-2026,07:09:03,1.92338W,50.94178N,100%,8C,85%,5_20260428_070903.wav,AGC,48kHz,stereo,Part2,5_20260428_070903.wav,1617.0,1620.0,1619.0774375,1618.8274375,1619.3274375,0.022135416666666668,1.0625,2.9013412575649227,177.09865874243508,"left,right"
