recorder_folder,DATE,TIME,LON,LAT,BAT,TEMP,HUMI,FILE,GAIN,SAMPLE RATE,CHANNEL,NOTE,wav_file,birdnet_start_s,birdnet_end_s,peak_time_s,gcc_start_s,gcc_end_s,tdoa_ms,lag_samples,bearing_1_deg,bearing_2_deg,detected_by
Recorder 1 - 0304 to 1004,04-03-2026,19:12:08,1.91773W,50.94273N,100%,12C,93%,1_20260403_191208.wav,AGC,48kHz,stereo,Part2,1_20260403_191208.wav,12.0,15.0,12.5769375,12.3269375,12.8269375,-0.01953125,-0.9375,357.4402354785634,182.5597645214366,"left,right"
Recorder 1 - 0304 to 1004,04-03-2026,19:12:08,1.91773W,50.94273N,100%,12C,93%,1_20260403_191208.wav,AGC,48kHz,stereo,Part2,1_20260403_191208.wav,309.0,312.0,309.47795833333333,309.22795833333333,309.72795833333333,0.020833333333333332,1.0,2.730540749448636,177.26945925055136,"left,right"
Recorder 1 - 0304 to 1004,04-03-2026,19:12:08,1.91773W,50.94273N,100%,12C,93%,1_20260403_191208.wav,AGC,48kHz,stereo,Part2,1_20260403_191208.wav,510.0,513.0,512.0484166666666,511.79841666666664,512.2984166666666,0.0013020833333333333,0.0625,0.1705944566832045,179.8294055433168,"left,right"
Recorder 1 - 0304 to 1004,04-03-2026,19:12:08,1.91773W,50.94273N,100%,12C,93%,1_20260403_191208.wav,AGC,48kHz,stereo,Part2,1_20260403_191208.wav,771.0,774.0,772.03275,771.78275,772.28275,-0.01953125,-0.9375,357.4402354785634,182.5597645214366,"left,right"
Recorder 1 - 0304 to 1004,04-03-2026,19:12:08,1.91773W,50.94273N,100%,12C,93%,1_20260403_191208.wav,AGC,48kHz,stereo,Part2,1_20260403_191208.wav,1197.0,1200.0,1199.7666666666667,1199.5166666666667,1200.0,0.0,0.0,0.0,180.0,"left,right"
Recorder 1 - 0304 to 1004,04-03-2026,19:12:08,1.91773W,50.94273N,100%,12C,93%,1_20260403_191208.wav,AGC,48kHz,stereo,Part2,1_20260403_191208.wav,1551.0,1554.0,1553.773125,1553.523125,1554.0,0.0013020833333333333,0.0625,0.1705944566832045,179.8294055433168,"left,right"
Recorder 1 - 0304 to 1004,04-03-2026,19:12:08,1.91773W,50.94273N,100%,12C,93%,1_20260403_191208.wav,AGC,48kHz,stereo,Part2,1_20260403_191208.wav,1554.0,1557.0,1556.6647083333332,1556.4147083333332,1556.9147083333332,0.0,0.0,0.0,180.0,"left,right"
Recorder 1 - 0304 to 1004,04-04-2026,06:39:02,1.91770W,50.94274N,100%,7C,98%,1_20260404_063902.wav,AGC,48kHz,stereo,Part1,1_20260404_063902.wav,651.0,654.0,653.6391041666667,653.3891041666667,653.8891041666667,0.0013020833333333333,0.0625,0.1705944566832045,179.8294055433168,"left,right"
Recorder 1 - 0304 to 1004,04-04-2026,06:39:02,1.91770W,50.94274N,100%,7C,98%,1_20260404_063902.wav,AGC,48kHz,stereo,Part1,1_20260404_063902.wav,1002.0,1005.0,1003.4175625,1003.1675625,1003.6675625,0.0013020833333333333,0.0625,0.1705944566832045,179.8294055433168,"left,right"
Recorder 1 - 0304 to 1004,04-04-2026,06:39:02,1.91770W,50.94274N,100%,7C,98%,1_20260404_063902.wav,AGC,48kHz,stereo,Part1,1_20260404_063902.wav,1722.0,1725.0,1723.6107708333334,1723.3607708333334,1723.8607708333334,-0.0013020833333333333,-0.0625,359.8294055433168,180.1705944566832,"left,right"
Recorder 1 - 0304 to 1004,04-05-2026,18:42:02,1.91770W,50.94274N,100%,16C,38%,1_20260405_184202.wav,AGC,48kHz,stereo,Part1,1_20260405_184202.wav,177.0,180.0,179.20164583333334,178.95164583333334,179.45164583333334,0.0,0.0,0.0,180.0,"left,right"
Recorder 1 - 0304 to 1004,04-05-2026,18:42:02,1.91770W,50.94274N,100%,16C,38%,1_20260405_184202.wav,AGC,48kHz,stereo,Part1,1_20260405_184202.wav,249.0,252.0,249.60335416666666,249.35335416666666,249.85335416666666,0.0013020833333333333,0.0625,0.1705944566832045,179.8294055433168,"left,right"
Recorder 1 - 0304 to 1004,04-05-2026,18:42:02,1.91770W,50.94274N,100%,16C,38%,1_20260405_184202.wav,AGC,48kHz,stereo,Part1,1_20260405_184202.wav,777.0,780.0,779.9391041666667,779.6891041666667,780.0,0.020833333333333332,1.0,2.730540749448636,177.26945925055136,"left,right"
Recorder 1 - 0304 to 1004,04-05-2026,18:42:02,1.91770W,50.94274N,100%,16C,38%,1_20260405_184202.wav,AGC,48kHz,stereo,Part1,1_20260405_184202.wav,1629.0,1632.0,1630.8172291666667,1630.5672291666667,1631.0672291666667,0.0,0.0,0.0,180.0,"left,right"
Recorder 1 - 0304 to 1004,04-05-2026,18:42:02,1.91770W,50.94274N,100%,16C,38%,1_20260405_184202.wav,AGC,48kHz,stereo,Part1,1_20260405_184202.wav,1773.0,1776.0,1775.3335416666666,1775.0835416666666,1775.5835416666666,-0.01953125,-0.9375,357.4402354785634,182.5597645214366,"left,right"
Recorder 1 - 0304 to 1004,04-05-2026,19:12:03,1.91770W,50.94274N,100%,16C,38%,1_20260405_191203.wav,AGC,48kHz,stereo,Part2,1_20260405_191203.wav,123.0,126.0,124.87772916666667,124.62772916666667,125.12772916666667,0.0,0.0,0.0,180.0,"left,right"
Recorder 1 - 0304 to 1004,04-05-2026,19:12:03,1.91770W,50.94274N,100%,16C,38%,1_20260405_191203.wav,AGC,48kHz,stereo,Part2,1_20260405_191203.wav,390.0,393.0,392.56952083333334,392.31952083333334,392.81952083333334,-0.020833333333333332,-1.0,357.26945925055134,182.73054074944866,"left,right"
Recorder 1 - 0304 to 1004,04-06-2026,06:39:02,1.91770W,50.94274N,100%,2C,92%,1_20260406_063902.wav,AGC,48kHz,stereo,Part1,1_20260406_063902.wav,1020.0,1023.0,1021.1283958333333,1020.8783958333333,1021.3783958333333,0.0,0.0,0.0,180.0,"left,right"
Recorder 1 - 0304 to 1004,04-06-2026,06:39:02,1.91770W,50.94274N,100%,2C,92%,1_20260406_063902.wav,AGC,48kHz,stereo,Part1,1_20260406_063902.wav,1344.0,1347.0,1344.1934791666667,1344.0,1344.4434791666667,0.0013020833333333333,0.0625,0.1705944566832045,179.8294055433168,"left,right"
Recorder 1 - 0304 to 1004,04-06-2026,06:39:02,1.91770W,50.94274N,100%,2C,92%,1_20260406_063902.wav,AGC,48kHz,stereo,Part1,1_20260406_063902.wav,1419.0,1422.0,1421.8384375,1421.5884375,1422.0,0.0013020833333333333,0.0625,0.1705944566832045,179.8294055433168,"left,right"
Recorder 1 - 0304 to 1004,04-06-2026,06:39:02,1.91770W,50.94274N,100%,2C,92%,1_20260406_063902.wav,AGC,48kHz,stereo,Part1,1_20260406_063902.wav,1503.0,1506.0,1504.6739166666666,1504.4239166666666,1504.9239166666666,0.20833333333333334,10.0,28.449819023970527,151.55018097602948,"left,right"
Recorder 1 - 0304 to 1004,04-06-2026,06:39:02,1.91770W,50.94274N,100%,2C,92%,1_20260406_063902.wav,AGC,48kHz,stereo,Part1,1_20260406_063902.wav,1611.0,1614.0,1613.078375,1612.828375,1613.328375,0.0,0.0,0.0,180.0,"left,right"
Recorder 1 - 0304 to 1004,04-06-2026,06:39:02,1.91770W,50.94274N,100%,2C,92%,1_20260406_063902.wav,AGC,48kHz,stereo,Part1,1_20260406_063902.wav,1704.0,1707.0,1704.40275,1704.15275,1704.65275,-0.0013020833333333333,-0.0625,359.8294055433168,180.1705944566832,"left,right"
Recorder 1 - 0304 to 1004,04-06-2026,07:09:03,1.91770W,50.94274N,100%,2C,92%,1_20260406_070903.wav,AGC,48kHz,stereo,Part2,1_20260406_070903.wav,327.0,330.0,329.87027083333334,329.62027083333334,330.0,0.25260416666666663,12.125,35.283426870259554,144.71657312974045,"left,right"
Recorder 1 - 0304 to 1004,04-06-2026,07:09:03,1.91770W,50.94274N,100%,2C,92%,1_20260406_070903.wav,AGC,48kHz,stereo,Part2,1_20260406_070903.wav,528.0,531.0,528.3909791666666,528.1409791666666,528.6409791666666,-0.020833333333333332,-1.0,357.26945925055134,182.73054074944866,"left,right"
Recorder 1 - 0304 to 1004,04-06-2026,07:09:03,1.91770W,50.94274N,100%,2C,92%,1_20260406_070903.wav,AGC,48kHz,stereo,Part2,1_20260406_070903.wav,876.0,879.0,878.867625,878.617625,879.0,0.0,0.0,0.0,180.0,"left,right"
Recorder 1 - 0304 to 1004,04-06-2026,07:09:03,1.91770W,50.94274N,100%,2C,92%,1_20260406_070903.wav,AGC,48kHz,stereo,Part2,1_20260406_070903.wav,966.0,969.0,968.4652083333333,968.2152083333333,968.7152083333333,-0.020833333333333332,-1.0,357.26945925055134,182.73054074944866,"left,right"
Recorder 1 - 0304 to 1004,04-06-2026,07:09:03,1.91770W,50.94274N,100%,2C,92%,1_20260406_070903.wav,AGC,48kHz,stereo,Part2,1_20260406_070903.wav,1077.0,1080.0,1078.3915208333333,1078.1415208333333,1078.6415208333333,0.0,0.0,0.0,180.0,"left,right"
Recorder 1 - 0304 to 1004,04-06-2026,07:09:03,1.91770W,50.94274N,100%,2C,92%,1_20260406_070903.wav,AGC,48kHz,stereo,Part2,1_20260406_070903.wav,1200.0,1203.0,1200.2010625,1200.0,1200.4510625,0.0,0.0,0.0,180.0,"left,right"
Recorder 1 - 0304 to 1004,04-06-2026,07:09:03,1.91770W,50.94274N,100%,2C,92%,1_20260406_070903.wav,AGC,48kHz,stereo,Part2,1_20260406_070903.wav,1299.0,1302.0,1301.1817708333333,1300.9317708333333,1301.4317708333333,0.0,0.0,0.0,180.0,"left,right"
Recorder 1 - 0304 to 1004,04-06-2026,07:09:03,1.91770W,50.94274N,100%,2C,92%,1_20260406_070903.wav,AGC,48kHz,stereo,Part2,1_20260406_070903.wav,1506.0,1509.0,1507.378125,1507.128125,1507.628125,-0.0013020833333333333,-0.0625,359.8294055433168,180.1705944566832,"left,right"
Recorder 1 - 0304 to 1004,04-06-2026,07:09:03,1.91770W,50.94274N,100%,2C,92%,1_20260406_070903.wav,AGC,48kHz,stereo,Part2,1_20260406_070903.wav,1587.0,1590.0,1587.6367708333332,1587.3867708333332,1587.8867708333332,0.020833333333333332,1.0,2.730540749448636,177.26945925055136,"left,right"
Recorder 1 - 0304 to 1004,04-06-2026,07:09:03,1.91770W,50.94274N,100%,2C,92%,1_20260406_070903.wav,AGC,48kHz,stereo,Part2,1_20260406_070903.wav,1680.0,1683.0,1681.4872708333332,1681.2372708333332,1681.7372708333332,0.0013020833333333333,0.0625,0.1705944566832045,179.8294055433168,"left,right"
Recorder 1 - 0304 to 1004,04-06-2026,07:09:03,1.91770W,50.94274N,100%,2C,92%,1_20260406_070903.wav,AGC,48kHz,stereo,Part2,1_20260406_070903.wav,1776.0,1779.0,1778.9264583333334,1778.6764583333334,1779.0,-0.022135416666666668,-1.0625,357.0986587424351,182.90134125756492,"left,right"
Recorder 1 - 0304 to 1004,04-06-2026,07:09:03,1.91770W,50.94274N,100%,2C,92%,1_20260406_070903.wav,AGC,48kHz,stereo,Part2,1_20260406_070903.wav,1779.0,1782.0,1779.2092291666668,1779.0,1779.4592291666668,0.01953125,0.9375,2.559764521436577,177.4402354785634,"left,right"
Recorder 1 - 0304 to 1004,04-06-2026,18:42:02,1.91770W,50.94274N,100%,21C,34%,1_20260406_184202.wav,AGC,48kHz,stereo,Part1,1_20260406_184202.wav,1047.0,1050.0,1049.873625,1049.623625,1050.0,-0.018229166666666668,-0.8750000000000001,357.6109889533793,182.38901104662065,"left,right"
Recorder 1 - 0304 to 1004,04-06-2026,19:12:03,1.91770W,50.94274N,100%,21C,34%,1_20260406_191203.wav,AGC,48kHz,stereo,Part2,1_20260406_191203.wav,615.0,618.0,615.966,615.716,616.216,0.0,0.0,0.0,180.0,"left,right"
Recorder 1 - 0304 to 1004,04-06-2026,19:12:03,1.91770W,50.94274N,100%,21C,34%,1_20260406_191203.wav,AGC,48kHz,stereo,Part2,1_20260406_191203.wav,807.0,810.0,809.0794583333334,808.8294583333334,809.3294583333334,-0.3333333333333333,-16.0,310.3395023124293,229.66049768757068,"left,right"
Recorder 1 - 0304 to 1004,04-06-2026,19:12:03,1.91770W,50.94274N,100%,21C,34%,1_20260406_191203.wav,AGC,48kHz,stereo,Part2,1_20260406_191203.wav,915.0,918.0,916.482875,916.232875,916.732875,-0.018229166666666668,-0.8750000000000001,357.6109889533793,182.38901104662065,"left,right"
Recorder 1 - 0304 to 1004,04-06-2026,19:12:03,1.91770W,50.94274N,100%,21C,34%,1_20260406_191203.wav,AGC,48kHz,stereo,Part2,1_20260406_191203.wav,1023.0,1026.0,1023.4725833333333,1023.2225833333333,1023.7225833333333,0.0,0.0,0.0,180.0,"left,right"
Recorder 1 - 0304 to 1004,04-06-2026,19:12:03,1.91770W,50.94274N,100%,21C,34%,1_20260406_191203.wav,AGC,48kHz,stereo,Part2,1_20260406_191203.wav,1122.0,1125.0,1123.7973333333334,1123.5473333333334,1124.0473333333334,0.0,0.0,0.0,180.0,"left,right"
Recorder 1 - 0304 to 1004,04-06-2026,19:12:03,1.91770W,50.94274N,100%,21C,34%,1_20260406_191203.wav,AGC,48kHz,stereo,Part2,1_20260406_191203.wav,1407.0,1410.0,1408.7078541666667,1408.4578541666667,1408.9578541666667,0.0,0.0,0.0,180.0,"left,right"
Recorder 1 - 0304 to 1004,04-07-2026,07:09:03,1.91770W,50.94274N,100%,7C,76%,1_20260407_070903.wav,AGC,48kHz,stereo,Part2,1_20260407_070903.wav,1638.0,1641.0,1638.7849583333334,1638.5349583333334,1639.0349583333334,0.018229166666666668,0.8750000000000001,2.389011046620638,177.61098895337938,"left,right"
Recorder 1 - 0304 to 1004,04-07-2026,18:42:02,1.91770W,50.94274N,100%,19C,44%,1_20260407_184202.wav,AGC,48kHz,stereo,Part1,1_20260407_184202.wav,1419.0,1422.0,1420.8861458333333,1420.6361458333333,1421.1361458333333,0.0,0.0,0.0,180.0,"left,right"
Recorder 1 - 0304 to 1004,04-07-2026,18:42:02,1.91770W,50.94274N,100%,19C,44%,1_20260407_184202.wav,AGC,48kHz,stereo,Part1,1_20260407_184202.wav,1512.0,1515.0,1512.2100208333334,1512.0,1512.4600208333334,0.0,0.0,0.0,180.0,"left,right"
Recorder 1 - 0304 to 1004,04-07-2026,18:42:02,1.91770W,50.94274N,100%,19C,44%,1_20260407_184202.wav,AGC,48kHz,stereo,Part1,1_20260407_184202.wav,1632.0,1635.0,1633.6953333333333,1633.4453333333333,1633.9453333333333,0.0013020833333333333,0.0625,0.1705944566832045,179.8294055433168,"left,right"
Recorder 1 - 0304 to 1004,04-08-2026,06:39:02,1.91770W,50.94274N,100%,8C,86%,1_20260408_063902.wav,AGC,48kHz,stereo,Part1,1_20260408_063902.wav,1227.0,1230.0,1227.1767083333334,1227.0,1227.4267083333334,0.0013020833333333333,0.0625,0.1705944566832045,179.8294055433168,"left,right"
Recorder 1 - 0304 to 1004,04-08-2026,06:39:02,1.91770W,50.94274N,100%,8C,86%,1_20260408_063902.wav,AGC,48kHz,stereo,Part1,1_20260408_063902.wav,1341.0,1344.0,1342.3294166666667,1342.0794166666667,1342.5794166666667,0.0,0.0,0.0,180.0,"left,right"
Recorder 1 - 0304 to 1004,04-08-2026,06:39:02,1.91770W,50.94274N,100%,8C,86%,1_20260408_063902.wav,AGC,48kHz,stereo,Part1,1_20260408_063902.wav,1758.0,1761.0,1758.5248958333334,1758.2748958333334,1758.7748958333334,0.0,0.0,0.0,180.0,"left,right"
Recorder 1 - 0304 to 1004,04-08-2026,07:09:03,1.91770W,50.94274N,100%,8C,86%,1_20260408_070903.wav,AGC,48kHz,stereo,Part2,1_20260408_070903.wav,114.0,117.0,116.83677083333333,116.58677083333333,117.0,0.0013020833333333333,0.0625,0.1705944566832045,179.8294055433168,"left,right"
Recorder 1 - 0304 to 1004,04-08-2026,07:09:03,1.91770W,50.94274N,100%,8C,86%,1_20260408_070903.wav,AGC,48kHz,stereo,Part2,1_20260408_070903.wav,1104.0,1107.0,1106.7845625,1106.5345625,1107.0,0.022135416666666668,1.0625,2.9013412575649227,177.09865874243508,"left,right"
Recorder 1 - 0304 to 1004,04-08-2026,19:12:03,1.91770W,50.94274N,100%,30C,43%,1_20260408_191203.wav,AGC,48kHz,stereo,Part2,1_20260408_191203.wav,903.0,906.0,904.5804583333334,904.3304583333334,904.8304583333334,-0.01953125,-0.9375,357.4402354785634,182.5597645214366,"left,right"
Recorder 1 - 0304 to 1004,04-09-2026,07:09:03,1.91770W,50.94274N,100%,8C,99%,1_20260409_070903.wav,AGC,48kHz,stereo,Part2,1_20260409_070903.wav,1179.0,1182.0,1180.3159791666667,1180.0659791666667,1180.5659791666667,-0.020833333333333332,-1.0,357.26945925055134,182.73054074944866,"left,right"
Recorder 1 - 0304 to 1004,04-09-2026,07:09:03,1.91770W,50.94274N,100%,8C,99%,1_20260409_070903.wav,AGC,48kHz,stereo,Part2,1_20260409_070903.wav,1338.0,1341.0,1339.7674166666666,1339.5174166666666,1340.0174166666666,-0.020833333333333332,-1.0,357.26945925055134,182.73054074944866,"left,right"
Recorder 1 - 0304 to 1004,04-09-2026,07:09:03,1.91770W,50.94274N,100%,8C,99%,1_20260409_070903.wav,AGC,48kHz,stereo,Part2,1_20260409_070903.wav,1542.0,1545.0,1544.3813125,1544.1313125,1544.6313125,0.0,0.0,0.0,180.0,"left,right"
Recorder 1 - 0304 to 1004,04-09-2026,07:09:03,1.91770W,50.94274N,100%,8C,99%,1_20260409_070903.wav,AGC,48kHz,stereo,Part2,1_20260409_070903.wav,1767.0,1770.0,1769.9896666666666,1769.7396666666666,1770.0,0.01953125,0.9375,2.559764521436577,177.4402354785634,"left,right"
Recorder 1 - 0304 to 1004,04-09-2026,07:09:03,1.91770W,50.94274N,100%,8C,99%,1_20260409_070903.wav,AGC,48kHz,stereo,Part2,1_20260409_070903.wav,1770.0,1773.0,1770.0679791666666,1770.0,1770.3179791666666,0.0013020833333333333,0.0625,0.1705944566832045,179.8294055433168,"left,right"
Recorder 1 - 0304 to 1004,04-10-2026,06:39:02,1.91770W,50.94274N,100%,3C,82%,1_20260410_063902.wav,AGC,48kHz,stereo,Part1,1_20260410_063902.wav,621.0,624.0,622.5269583333334,622.2769583333334,622.7769583333334,0.0013020833333333333,0.0625,0.1705944566832045,179.8294055433168,"left,right"
Recorder 1 - 0304 to 1004,04-10-2026,06:39:02,1.91770W,50.94274N,100%,3C,82%,1_20260410_063902.wav,AGC,48kHz,stereo,Part1,1_20260410_063902.wav,1062.0,1065.0,1064.8524375,1064.6024375,1065.0,-0.0013020833333333333,-0.0625,359.8294055433168,180.1705944566832,"left,right"
Recorder 1 - 0304 to 1004,04-10-2026,06:39:02,1.91770W,50.94274N,100%,3C,82%,1_20260410_063902.wav,AGC,48kHz,stereo,Part1,1_20260410_063902.wav,1065.0,1068.0,1065.20375,1065.0,1065.45375,0.0,0.0,0.0,180.0,"left,right"
Recorder 1 - 0304 to 1004,04-10-2026,07:09:03,1.91770W,50.94274N,100%,3C,82%,1_20260410_070903.wav,AGC,48kHz,stereo,Part2,1_20260410_070903.wav,192.0,195.0,194.4779375,194.2279375,194.7279375,-0.01953125,-0.9375,357.4402354785634,182.5597645214366,"left,right"
Recorder 1 - 0304 to 1004,04-10-2026,07:09:03,1.91770W,50.94274N,100%,3C,82%,1_20260410_070903.wav,AGC,48kHz,stereo,Part2,1_20260410_070903.wav,330.0,333.0,332.976875,332.726875,333.0,-0.020833333333333332,-1.0,357.26945925055134,182.73054074944866,"left,right"
Recorder 1 - 0304 to 1004,04-10-2026,07:09:03,1.91770W,50.94274N,100%,3C,82%,1_20260410_070903.wav,AGC,48kHz,stereo,Part2,1_20260410_070903.wav,333.0,336.0,333.0822708333333,333.0,333.3322708333333,0.0013020833333333333,0.0625,0.1705944566832045,179.8294055433168,"left,right"
Recorder 1 - 0304 to 1004,04-10-2026,07:09:03,1.91770W,50.94274N,100%,3C,82%,1_20260410_070903.wav,AGC,48kHz,stereo,Part2,1_20260410_070903.wav,459.0,462.0,461.715875,461.465875,461.965875,-0.01953125,-0.9375,357.4402354785634,182.5597645214366,"left,right"
Recorder 1 - 0304 to 1004,04-10-2026,07:09:03,1.91770W,50.94274N,100%,3C,82%,1_20260410_070903.wav,AGC,48kHz,stereo,Part2,1_20260410_070903.wav,1656.0,1659.0,1656.6331458333334,1656.3831458333334,1656.8831458333334,-0.018229166666666668,-0.8750000000000001,357.6109889533793,182.38901104662065,"left,right"
Recorder 2 - 0304 to 1004,04-03-2026,19:12:11,1.91835W,50.94076N,100%,12C,90%,2_20260403_191211.wav,AGC,48kHz,stereo,Part2,2_20260403_191211.wav,825.0,828.0,827.6037291666667,827.3537291666667,827.8537291666667,-0.0013020833333333333,-0.0625,359.8294055433168,180.1705944566832,"left,right"
Recorder 2 - 0304 to 1004,04-03-2026,19:12:11,1.91835W,50.94076N,100%,12C,90%,2_20260403_191211.wav,AGC,48kHz,stereo,Part2,2_20260403_191211.wav,1245.0,1248.0,1245.0697708333332,1245.0,1245.3197708333332,0.0013020833333333333,0.0625,0.1705944566832045,179.8294055433168,"left,right"
Recorder 2 - 0304 to 1004,04-04-2026,06:39:02,1.91834W,50.94073N,100%,8C,95%,2_20260404_063902.wav,AGC,48kHz,stereo,Part1,2_20260404_063902.wav,30.0,33.0,31.799333333333333,31.549333333333333,32.04933333333334,0.0,0.0,0.0,180.0,"left,right"
Recorder 2 - 0304 to 1004,04-04-2026,06:39:02,1.91834W,50.94073N,100%,8C,95%,2_20260404_063902.wav,AGC,48kHz,stereo,Part1,2_20260404_063902.wav,165.0,168.0,166.55372916666667,166.30372916666667,166.80372916666667,-0.018229166666666668,-0.8750000000000001,357.6109889533793,182.38901104662065,"left,right"
Recorder 2 - 0304 to 1004,04-04-2026,06:39:02,1.91834W,50.94073N,100%,8C,95%,2_20260404_063902.wav,AGC,48kHz,stereo,Part1,2_20260404_063902.wav,267.0,270.0,268.0075,267.7575,268.2575,-0.020833333333333332,-1.0,357.26945925055134,182.73054074944866,"left,right"
Recorder 2 - 0304 to 1004,04-04-2026,06:39:02,1.91834W,50.94073N,100%,8C,95%,2_20260404_063902.wav,AGC,48kHz,stereo,Part1,2_20260404_063902.wav,1479.0,1482.0,1479.59225,1479.34225,1479.84225,-0.01953125,-0.9375,357.4402354785634,182.5597645214366,"left,right"
Recorder 2 - 0304 to 1004,04-04-2026,06:39:02,1.91834W,50.94073N,100%,8C,95%,2_20260404_063902.wav,AGC,48kHz,stereo,Part1,2_20260404_063902.wav,1647.0,1650.0,1648.9665416666667,1648.7165416666667,1649.2165416666667,-0.018229166666666668,-0.8750000000000001,357.6109889533793,182.38901104662065,"left,right"
Recorder 2 - 0304 to 1004,04-04-2026,06:39:02,1.91834W,50.94073N,100%,8C,95%,2_20260404_063902.wav,AGC,48kHz,stereo,Part1,2_20260404_063902.wav,1755.0,1758.0,1755.0567083333333,1755.0,1755.3067083333333,-0.0234375,-1.125,356.92783242535745,183.07216757464255,"left,right"
Recorder 2 - 0304 to 1004,04-04-2026,07:09:03,1.91834W,50.94073N,100%,8C,95%,2_20260404_070903.wav,AGC,48kHz,stereo,Part2,2_20260404_070903.wav,138.0,141.0,139.94727083333333,139.69727083333333,140.19727083333333,0.0,0.0,0.0,180.0,"left,right"
Recorder 2 - 0304 to 1004,04-04-2026,07:09:03,1.91834W,50.94073N,100%,8C,95%,2_20260404_070903.wav,AGC,48kHz,stereo,Part2,2_20260404_070903.wav,210.0,213.0,211.24820833333334,210.99820833333334,211.49820833333334,-0.018229166666666668,-0.8750000000000001,357.6109889533793,182.38901104662065,"left,right"
Recorder 2 - 0304 to 1004,04-04-2026,07:09:03,1.91834W,50.94073N,100%,8C,95%,2_20260404_070903.wav,AGC,48kHz,stereo,Part2,2_20260404_070903.wav,303.0,306.0,303.8234375,303.5734375,304.0734375,0.0,0.0,0.0,180.0,"left,right"
Recorder 2 - 0304 to 1004,04-04-2026,07:09:03,1.91834W,50.94073N,100%,8C,95%,2_20260404_070903.wav,AGC,48kHz,stereo,Part2,2_20260404_070903.wav,360.0,363.0,361.9758541666667,361.7258541666667,362.2258541666667,0.4166666666666667,20.0,72.32192951701641,107.67807048298359,"left,right"
Recorder 2 - 0304 to 1004,04-04-2026,07:09:03,1.91834W,50.94073N,100%,8C,95%,2_20260404_070903.wav,AGC,48kHz,stereo,Part2,2_20260404_070903.wav,387.0,390.0,389.6690625,389.4190625,389.9190625,-0.0026041666666666665,-0.125,359.65880957427,180.34119042573002,"left,right"
Recorder 2 - 0304 to 1004,04-04-2026,07:09:03,1.91834W,50.94073N,100%,8C,95%,2_20260404_070903.wav,AGC,48kHz,stereo,Part2,2_20260404_070903.wav,624.0,627.0,626.2926041666667,626.0426041666667,626.5426041666667,0.0,0.0,0.0,180.0,"left,right"
Recorder 2 - 0304 to 1004,04-04-2026,07:09:03,1.91834W,50.94073N,100%,8C,95%,2_20260404_070903.wav,AGC,48kHz,stereo,Part2,2_20260404_070903.wav,786.0,789.0,788.8953125,788.6453125,789.0,0.0,0.0,0.0,180.0,"left,right"
Recorder 2 - 0304 to 1004,04-04-2026,07:09:03,1.91834W,50.94073N,100%,8C,95%,2_20260404_070903.wav,AGC,48kHz,stereo,Part2,2_20260404_070903.wav,789.0,792.0,789.10125,789.0,789.35125,0.022135416666666668,1.0625,2.9013412575649227,177.09865874243508,"left,right"
Recorder 2 - 0304 to 1004,04-04-2026,07:09:03,1.91834W,50.94073N,100%,8C,95%,2_20260404_070903.wav,AGC,48kHz,stereo,Part2,2_20260404_070903.wav,948.0,951.0,949.8910833333333,949.6410833333333,950.1410833333333,0.0,0.0,0.0,180.0,"left,right"
Recorder 2 - 0304 to 1004,04-04-2026,07:09:03,1.91834W,50.94073N,100%,8C,95%,2_20260404_070903.wav,AGC,48kHz,stereo,Part2,2_20260404_070903.wav,1041.0,1044.0,1041.9830833333333,1041.7330833333333,1042.2330833333333,-0.020833333333333332,-1.0,357.26945925055134,182.73054074944866,"left,right"
Recorder 2 - 0304 to 1004,04-04-2026,07:09:03,1.91834W,50.94073N,100%,8C,95%,2_20260404_070903.wav,AGC,48kHz,stereo,Part2,2_20260404_070903.wav,1179.0,1182.0,1181.4987708333333,1181.2487708333333,1181.7487708333333,0.01953125,0.9375,2.559764521436577,177.4402354785634,"left,right"
Recorder 2 - 0304 to 1004,04-04-2026,07:09:03,1.91834W,50.94073N,100%,8C,95%,2_20260404_070903.wav,AGC,48kHz,stereo,Part2,2_20260404_070903.wav,1266.0,1269.0,1266.036625,1266.0,1266.286625,0.0,0.0,0.0,180.0,"left,right"
Recorder 2 - 0304 to 1004,04-04-2026,07:09:03,1.91834W,50.94073N,100%,8C,95%,2_20260404_070903.wav,AGC,48kHz,stereo,Part2,2_20260404_070903.wav,1296.0,1299.0,1296.3277291666666,1296.0777291666666,1296.5777291666666,-0.0013020833333333333,-0.0625,359.8294055433168,180.1705944566832,"left,right"
Recorder 2 - 0304 to 1004,04-04-2026,07:09:03,1.91834W,50.94073N,100%,8C,95%,2_20260404_070903.wav,AGC,48kHz,stereo,Part2,2_20260404_070903.wav,1458.0,1461.0,1460.6156875,1460.3656875,1460.8656875,-0.0013020833333333333,-0.0625,359.8294055433168,180.1705944566832,"left,right"
Recorder 2 - 0304 to 1004,04-04-2026,07:09:03,1.91834W,50.94073N,100%,8C,95%,2_20260404_070903.wav,AGC,48kHz,stereo,Part2,2_20260404_070903.wav,1542.0,1545.0,1543.3991041666666,1543.1491041666666,1543.6491041666666,-0.0013020833333333333,-0.0625,359.8294055433168,180.1705944566832,"left,right"
Recorder 2 - 0304 to 1004,04-05-2026,06:39:02,1.91834W,50.94073N,100%,7C,80%,2_20260405_063902.wav,AGC,48kHz,stereo,Part1,2_20260405_063902.wav,666.0,669.0,668.1437291666666,667.8937291666666,668.3937291666666,-0.018229166666666668,-0.8750000000000001,357.6109889533793,182.38901104662065,"left,right"
Recorder 2 - 0304 to 1004,04-05-2026,06:39:02,1.91834W,50.94073N,100%,7C,80%,2_20260405_063902.wav,AGC,48kHz,stereo,Part1,2_20260405_063902.wav,1506.0,1509.0,1508.9638958333333,1508.7138958333333,1509.0,0.0,0.0,0.0,180.0,"left,right"
Recorder 2 - 0304 to 1004,04-05-2026,18:42:02,1.91834W,50.94073N,100%,14C,45%,2_20260405_184202.wav,AGC,48kHz,stereo,Part1,2_20260405_184202.wav,705.0,708.0,707.1462291666667,706.8962291666667,707.3962291666667,0.0,0.0,0.0,180.0,"left,right"
Recorder 2 - 0304 to 1004,04-05-2026,18:42:02,1.91834W,50.94073N,100%,14C,45%,2_20260405_184202.wav,AGC,48kHz,stereo,Part1,2_20260405_184202.wav,735.0,738.0,736.0793958333334,735.8293958333334,736.3293958333334,-0.020833333333333332,-1.0,357.26945925055134,182.73054074944866,"left,right"
Recorder 2 - 0304 to 1004,04-05-2026,18:42:02,1.91834W,50.94073N,100%,14C,45%,2_20260405_184202.wav,AGC,48kHz,stereo,Part1,2_20260405_184202.wav,789.0,792.0,791.8652291666667,791.6152291666667,792.0,0.01953125,0.9375,2.559764521436577,177.4402354785634,"left,right"
Recorder 2 - 0304 to 1004,04-05-2026,18:42:02,1.91834W,50.94073N,100%,14C,45%,2_20260405_184202.wav,AGC,48kHz,stereo,Part1,2_20260405_184202.wav,840.0,843.0,840.4188541666666,840.1688541666666,840.6688541666666,0.0013020833333333333,0.0625,0.1705944566832045,179.8294055433168,"left,right"
Recorder 2 - 0304 to 1004,04-05-2026,18:42:02,1.91834W,50.94073N,100%,14C,45%,2_20260405_184202.wav,AGC,48kHz,stereo,Part1,2_20260405_184202.wav,924.0,927.0,925.22525,924.97525,925.47525,-0.0013020833333333333,-0.0625,359.8294055433168,180.1705944566832,"left,right"
Recorder 2 - 0304 to 1004,04-05-2026,18:42:02,1.91834W,50.94073N,100%,14C,45%,2_20260405_184202.wav,AGC,48kHz,stereo,Part1,2_20260405_184202.wav,951.0,954.0,952.135375,951.885375,952.385375,0.0013020833333333333,0.0625,0.1705944566832045,179.8294055433168,"left,right"
Recorder 2 - 0304 to 1004,04-05-2026,18:42:02,1.91834W,50.94073N,100%,14C,45%,2_20260405_184202.wav,AGC,48kHz,stereo,Part1,2_20260405_184202.wav,1053.0,1056.0,1053.1780833333332,1053.0,1053.4280833333332,-0.022135416666666668,-1.0625,357.0986587424351,182.90134125756492,"left,right"
Recorder 2 - 0304 to 1004,04-05-2026,18:42:02,1.91834W,50.94073N,100%,14C,45%,2_20260405_184202.wav,AGC,48kHz,stereo,Part1,2_20260405_184202.wav,1212.0,1215.0,1214.5575416666666,1214.3075416666666,1214.8075416666666,-0.0013020833333333333,-0.0625,359.8294055433168,180.1705944566832,"left,right"
Recorder 2 - 0304 to 1004,04-05-2026,18:42:02,1.91834W,50.94073N,100%,14C,45%,2_20260405_184202.wav,AGC,48kHz,stereo,Part1,2_20260405_184202.wav,1251.0,1254.0,1252.0275416666666,1251.7775416666666,1252.2775416666666,0.0,0.0,0.0,180.0,"left,right"
Recorder 2 - 0304 to 1004,04-05-2026,18:42:02,1.91834W,50.94073N,100%,14C,45%,2_20260405_184202.wav,AGC,48kHz,stereo,Part1,2_20260405_184202.wav,1350.0,1353.0,1352.7036666666668,1352.4536666666668,1352.9536666666668,0.0,0.0,0.0,180.0,"left,right"
Recorder 2 - 0304 to 1004,04-05-2026,18:42:02,1.91834W,50.94073N,100%,14C,45%,2_20260405_184202.wav,AGC,48kHz,stereo,Part1,2_20260405_184202.wav,1389.0,1392.0,1390.8498333333334,1390.5998333333334,1391.0998333333334,0.0013020833333333333,0.0625,0.1705944566832045,179.8294055433168,"left,right"
Recorder 2 - 0304 to 1004,04-05-2026,18:42:02,1.91834W,50.94073N,100%,14C,45%,2_20260405_184202.wav,AGC,48kHz,stereo,Part1,2_20260405_184202.wav,1482.0,1485.0,1482.2550416666666,1482.0050416666666,1482.5050416666666,0.0,0.0,0.0,180.0,"left,right"
Recorder 2 - 0304 to 1004,04-05-2026,18:42:02,1.91834W,50.94073N,100%,14C,45%,2_20260405_184202.wav,AGC,48kHz,stereo,Part1,2_20260405_184202.wav,1731.0,1734.0,1732.758125,1732.508125,1733.008125,-0.0013020833333333333,-0.0625,359.8294055433168,180.1705944566832,"left,right"
Recorder 2 - 0304 to 1004,04-05-2026,18:42:02,1.91834W,50.94073N,100%,14C,45%,2_20260405_184202.wav,AGC,48kHz,stereo,Part1,2_20260405_184202.wav,1767.0,1770.0,1769.9695416666666,1769.7195416666666,1770.0,0.0,0.0,0.0,180.0,"left,right"
Recorder 2 - 0304 to 1004,04-05-2026,19:12:03,1.91834W,50.94073N,100%,14C,45%,2_20260405_191203.wav,AGC,48kHz,stereo,Part2,2_20260405_191203.wav,132.0,135.0,133.77320833333334,133.52320833333334,134.02320833333334,0.01953125,0.9375,2.559764521436577,177.4402354785634,"left,right"
Recorder 2 - 0304 to 1004,04-05-2026,19:12:03,1.91834W,50.94073N,100%,14C,45%,2_20260405_191203.wav,AGC,48kHz,stereo,Part2,2_20260405_191203.wav,249.0,252.0,250.936625,250.686625,251.186625,-0.0013020833333333333,-0.0625,359.8294055433168,180.1705944566832,"left,right"
Recorder 2 - 0304 to 1004,04-05-2026,19:12:03,1.91834W,50.94073N,100%,14C,45%,2_20260405_191203.wav,AGC,48kHz,stereo,Part2,2_20260405_191203.wav,453.0,456.0,454.04516666666666,453.79516666666666,454.29516666666666,0.0013020833333333333,0.0625,0.1705944566832045,179.8294055433168,"left,right"
Recorder 2 - 0304 to 1004,04-05-2026,19:12:03,1.91834W,50.94073N,100%,14C,45%,2_20260405_191203.wav,AGC,48kHz,stereo,Part2,2_20260405_191203.wav,555.0,558.0,557.013125,556.763125,557.263125,0.43619791666666663,20.9375,85.89876061475425,94.10123938524575,"left,right"
Recorder 2 - 0304 to 1004,04-05-2026,19:12:03,1.91834W,50.94073N,100%,14C,45%,2_20260405_191203.wav,AGC,48kHz,stereo,Part2,2_20260405_191203.wav,639.0,642.0,639.4352708333333,639.1852708333333,639.6852708333333,-0.01953125,-0.9375,357.4402354785634,182.5597645214366,"left,right"
Recorder 2 - 0304 to 1004,04-05-2026,19:12:03,1.91834W,50.94073N,100%,14C,45%,2_20260405_191203.wav,AGC,48kHz,stereo,Part2,2_20260405_191203.wav,684.0,687.0,684.5890208333333,684.3390208333333,684.8390208333333,0.0,0.0,0.0,180.0,"left,right"
Recorder 2 - 0304 to 1004,04-05-2026,19:12:03,1.91834W,50.94073N,100%,14C,45%,2_20260405_191203.wav,AGC,48kHz,stereo,Part2,2_20260405_191203.wav,807.0,810.0,809.1850416666666,808.9350416666666,809.4350416666666,0.0,0.0,0.0,180.0,"left,right"
Recorder 2 - 0304 to 1004,04-05-2026,19:12:03,1.91834W,50.94073N,100%,14C,45%,2_20260405_191203.wav,AGC,48kHz,stereo,Part2,2_20260405_191203.wav,1218.0,1221.0,1220.3673333333334,1220.1173333333334,1220.6173333333334,0.0013020833333333333,0.0625,0.1705944566832045,179.8294055433168,"left,right"
Recorder 2 - 0304 to 1004,04-05-2026,19:12:03,1.91834W,50.94073N,100%,14C,45%,2_20260405_191203.wav,AGC,48kHz,stereo,Part2,2_20260405_191203.wav,1353.0,1356.0,1353.8296041666667,1353.5796041666667,1354.0796041666667,0.0,0.0,0.0,180.0,"left,right"
Recorder 2 - 0304 to 1004,04-05-2026,19:12:03,1.91834W,50.94073N,100%,14C,45%,2_20260405_191203.wav,AGC,48kHz,stereo,Part2,2_20260405_191203.wav,1536.0,1539.0,1536.4296041666666,1536.1796041666666,1536.6796041666666,0.020833333333333332,1.0,2.730540749448636,177.26945925055136,"left,right"
Recorder 2 - 0304 to 1004,04-06-2026,06:39:02,1.91834W,50.94073N,100%,0C,94%,2_20260406_063902.wav,AGC,48kHz,stereo,Part1,2_20260406_063902.wav,600.0,603.0,602.2511666666667,602.0011666666667,602.5011666666667,-0.0013020833333333333,-0.0625,359.8294055433168,180.1705944566832,"left,right"
Recorder 2 - 0304 to 1004,04-06-2026,06:39:02,1.91834W,50.94073N,100%,0C,94%,2_20260406_063902.wav,AGC,48kHz,stereo,Part1,2_20260406_063902.wav,786.0,789.0,787.0130625,786.7630625,787.2630625,-0.018229166666666668,-0.8750000000000001,357.6109889533793,182.38901104662065,"left,right"
Recorder 2 - 0304 to 1004,04-06-2026,07:09:03,1.91834W,50.94073N,100%,0C,94%,2_20260406_070903.wav,AGC,48kHz,stereo,Part2,2_20260406_070903.wav,708.0,711.0,708.9886041666666,708.7386041666666,709.2386041666666,-0.020833333333333332,-1.0,357.26945925055134,182.73054074944866,"left,right"
Recorder 2 - 0304 to 1004,04-06-2026,07:09:03,1.91834W,50.94073N,100%,0C,94%,2_20260406_070903.wav,AGC,48kHz,stereo,Part2,2_20260406_070903.wav,783.0,786.0,785.290125,785.040125,785.540125,0.0,0.0,0.0,180.0,"left,right"
Recorder 2 - 0304 to 1004,04-06-2026,07:09:03,1.91834W,50.94073N,100%,0C,94%,2_20260406_070903.wav,AGC,48kHz,stereo,Part2,2_20260406_070903.wav,936.0,939.0,936.2783333333333,936.0283333333333,936.5283333333333,0.0,0.0,0.0,180.0,"left,right"
Recorder 2 - 0304 to 1004,04-06-2026,07:09:03,1.91834W,50.94073N,100%,0C,94%,2_20260406_070903.wav,AGC,48kHz,stereo,Part2,2_20260406_070903.wav,1032.0,1035.0,1034.2276458333333,1033.9776458333333,1034.4776458333333,0.0,0.0,0.0,180.0,"left,right"
Recorder 2 - 0304 to 1004,04-06-2026,07:09:03,1.91834W,50.94073N,100%,0C,94%,2_20260406_070903.wav,AGC,48kHz,stereo,Part2,2_20260406_070903.wav,1170.0,1173.0,1172.6594375,1172.4094375,1172.9094375,-0.01953125,-0.9375,357.4402354785634,182.5597645214366,"left,right"
Recorder 2 - 0304 to 1004,04-06-2026,07:09:03,1.91834W,50.94073N,100%,0C,94%,2_20260406_070903.wav,AGC,48kHz,stereo,Part2,2_20260406_070903.wav,1350.0,1353.0,1352.9022708333334,1352.6522708333334,1353.0,0.0,0.0,0.0,180.0,"left,right"
Recorder 2 - 0304 to 1004,04-06-2026,07:09:03,1.91834W,50.94073N,100%,0C,94%,2_20260406_070903.wav,AGC,48kHz,stereo,Part2,2_20260406_070903.wav,1473.0,1476.0,1474.2035,1473.9535,1474.4535,0.0013020833333333333,0.0625,0.1705944566832045,179.8294055433168,"left,right"
Recorder 2 - 0304 to 1004,04-06-2026,07:09:03,1.91834W,50.94073N,100%,0C,94%,2_20260406_070903.wav,AGC,48kHz,stereo,Part2,2_20260406_070903.wav,1587.0,1590.0,1587.1553333333334,1587.0,1587.4053333333334,0.0,0.0,0.0,180.0,"left,right"
Recorder 2 - 0304 to 1004,04-06-2026,07:09:03,1.91834W,50.94073N,100%,0C,94%,2_20260406_070903.wav,AGC,48kHz,stereo,Part2,2_20260406_070903.wav,1728.0,1731.0,1730.0158958333334,1729.7658958333334,1730.2658958333334,0.01953125,0.9375,2.559764521436577,177.4402354785634,"left,right"
Recorder 2 - 0304 to 1004,04-06-2026,18:42:02,1.91834W,50.94073N,100%,18C,42%,2_20260406_184202.wav,AGC,48kHz,stereo,Part1,2_20260406_184202.wav,246.0,249.0,247.74752083333334,247.49752083333334,247.99752083333334,-0.25130208333333337,-12.062500000000002,324.9252880840346,215.0747119159654,"left,right"
Recorder 2 - 0304 to 1004,04-06-2026,18:42:02,1.91834W,50.94073N,100%,18C,42%,2_20260406_184202.wav,AGC,48kHz,stereo,Part1,2_20260406_184202.wav,660.0,663.0,662.8920833333333,662.6420833333333,663.0,0.0013020833333333333,0.0625,0.1705944566832045,179.8294055433168,"left,right"
Recorder 2 - 0304 to 1004,04-06-2026,18:42:02,1.91834W,50.94073N,100%,18C,42%,2_20260406_184202.wav,AGC,48kHz,stereo,Part1,2_20260406_184202.wav,1530.0,1533.0,1531.7905833333334,1531.5405833333334,1532.0405833333334,-0.0013020833333333333,-0.0625,359.8294055433168,180.1705944566832,"left,right"
Recorder 2 - 0304 to 1004,04-06-2026,19:12:03,1.91834W,50.94073N,100%,18C,42%,2_20260406_191203.wav,AGC,48kHz,stereo,Part2,2_20260406_191203.wav,9.0,12.0,10.000458333333333,9.750458333333333,10.250458333333333,0.0013020833333333333,0.0625,0.1705944566832045,179.8294055433168,"left,right"
Recorder 2 - 0304 to 1004,04-06-2026,19:12:03,1.91834W,50.94073N,100%,18C,42%,2_20260406_191203.wav,AGC,48kHz,stereo,Part2,2_20260406_191203.wav,189.0,192.0,191.81341666666665,191.56341666666665,192.0,0.01953125,0.9375,2.559764521436577,177.4402354785634,"left,right"
Recorder 2 - 0304 to 1004,04-06-2026,19:12:03,1.91834W,50.94073N,100%,18C,42%,2_20260406_191203.wav,AGC,48kHz,stereo,Part2,2_20260406_191203.wav,489.0,492.0,491.39779166666665,491.14779166666665,491.64779166666665,0.0,0.0,0.0,180.0,"left,right"
Recorder 2 - 0304 to 1004,04-06-2026,19:12:03,1.91834W,50.94073N,100%,18C,42%,2_20260406_191203.wav,AGC,48kHz,stereo,Part2,2_20260406_191203.wav,615.0,618.0,616.65325,616.40325,616.90325,0.0,0.0,0.0,180.0,"left,right"
Recorder 2 - 0304 to 1004,04-06-2026,19:12:03,1.91834W,50.94073N,100%,18C,42%,2_20260406_191203.wav,AGC,48kHz,stereo,Part2,2_20260406_191203.wav,654.0,657.0,656.1908541666667,655.9408541666667,656.4408541666667,0.0,0.0,0.0,180.0,"left,right"
Recorder 2 - 0304 to 1004,04-06-2026,19:12:03,1.91834W,50.94073N,100%,18C,42%,2_20260406_191203.wav,AGC,48kHz,stereo,Part2,2_20260406_191203.wav,756.0,759.0,758.8992708333334,758.6492708333334,759.0,0.01953125,0.9375,2.559764521436577,177.4402354785634,"left,right"
Recorder 2 - 0304 to 1004,04-06-2026,19:12:03,1.91834W,50.94073N,100%,18C,42%,2_20260406_191203.wav,AGC,48kHz,stereo,Part2,2_20260406_191203.wav,834.0,837.0,835.3594375,835.1094375,835.6094375,-0.0013020833333333333,-0.0625,359.8294055433168,180.1705944566832,"left,right"
Recorder 2 - 0304 to 1004,04-06-2026,19:12:03,1.91834W,50.94073N,100%,18C,42%,2_20260406_191203.wav,AGC,48kHz,stereo,Part2,2_20260406_191203.wav,891.0,894.0,893.3723125,893.1223125,893.6223125,0.01953125,0.9375,2.559764521436577,177.4402354785634,"left,right"
Recorder 2 - 0304 to 1004,04-06-2026,19:12:03,1.91834W,50.94073N,100%,18C,42%,2_20260406_191203.wav,AGC,48kHz,stereo,Part2,2_20260406_191203.wav,990.0,993.0,991.3281458333333,991.0781458333333,991.5781458333333,-0.0013020833333333333,-0.0625,359.8294055433168,180.1705944566832,"left,right"
Recorder 2 - 0304 to 1004,04-06-2026,19:12:03,1.91834W,50.94073N,100%,18C,42%,2_20260406_191203.wav,AGC,48kHz,stereo,Part2,2_20260406_191203.wav,1257.0,1260.0,1257.2665833333333,1257.0165833333333,1257.5165833333333,-0.0013020833333333333,-0.0625,359.8294055433168,180.1705944566832,"left,right"
Recorder 2 - 0304 to 1004,04-07-2026,06:39:02,1.91834W,50.94073N,100%,7C,78%,2_20260407_063902.wav,AGC,48kHz,stereo,Part1,2_20260407_063902.wav,954.0,957.0,956.3437708333333,956.0937708333333,956.5937708333333,-0.0013020833333333333,-0.0625,359.8294055433168,180.1705944566832,"left,right"
Recorder 2 - 0304 to 1004,04-07-2026,06:39:02,1.91834W,50.94073N,100%,7C,78%,2_20260407_063902.wav,AGC,48kHz,stereo,Part1,2_20260407_063902.wav,1251.0,1254.0,1252.4881458333334,1252.2381458333334,1252.7381458333334,-0.01953125,-0.9375,357.4402354785634,182.5597645214366,"left,right"
Recorder 2 - 0304 to 1004,04-07-2026,18:42:02,1.91834W,50.94073N,100%,18C,49%,2_20260407_184202.wav,AGC,48kHz,stereo,Part1,2_20260407_184202.wav,819.0,822.0,821.5726875,821.3226875,821.8226875,0.01953125,0.9375,2.559764521436577,177.4402354785634,"left,right"
Recorder 2 - 0304 to 1004,04-07-2026,18:42:02,1.91834W,50.94073N,100%,18C,49%,2_20260407_184202.wav,AGC,48kHz,stereo,Part1,2_20260407_184202.wav,984.0,987.0,986.1384791666667,985.8884791666667,986.3884791666667,-0.01953125,-0.9375,357.4402354785634,182.5597645214366,"left,right"
Recorder 2 - 0304 to 1004,04-07-2026,18:42:02,1.91834W,50.94073N,100%,18C,49%,2_20260407_184202.wav,AGC,48kHz,stereo,Part1,2_20260407_184202.wav,1029.0,1032.0,1031.0923958333333,1030.8423958333333,1031.3423958333333,-0.01953125,-0.9375,357.4402354785634,182.5597645214366,"left,right"
Recorder 2 - 0304 to 1004,04-07-2026,18:42:02,1.91834W,50.94073N,100%,18C,49%,2_20260407_184202.wav,AGC,48kHz,stereo,Part1,2_20260407_184202.wav,1101.0,1104.0,1103.4190208333334,1103.1690208333334,1103.6690208333334,0.0,0.0,0.0,180.0,"left,right"
Recorder 2 - 0304 to 1004,04-07-2026,18:42:02,1.91834W,50.94073N,100%,18C,49%,2_20260407_184202.wav,AGC,48kHz,stereo,Part1,2_20260407_184202.wav,1152.0,1155.0,1154.99,1154.74,1155.0,-0.020833333333333332,-1.0,357.26945925055134,182.73054074944866,"left,right"
Recorder 2 - 0304 to 1004,04-07-2026,18:42:02,1.91834W,50.94073N,100%,18C,49%,2_20260407_184202.wav,AGC,48kHz,stereo,Part1,2_20260407_184202.wav,1155.0,1158.0,1155.0355625,1155.0,1155.2855625,-0.022135416666666668,-1.0625,357.0986587424351,182.90134125756492,"left,right"
Recorder 2 - 0304 to 1004,04-07-2026,18:42:02,1.91834W,50.94073N,100%,18C,49%,2_20260407_184202.wav,AGC,48kHz,stereo,Part1,2_20260407_184202.wav,1218.0,1221.0,1219.55375,1219.30375,1219.80375,0.0013020833333333333,0.0625,0.1705944566832045,179.8294055433168,"left,right"
Recorder 2 - 0304 to 1004,04-07-2026,18:42:02,1.91834W,50.94073N,100%,18C,49%,2_20260407_184202.wav,AGC,48kHz,stereo,Part1,2_20260407_184202.wav,1341.0,1344.0,1342.8707916666667,1342.6207916666667,1343.1207916666667,0.4166666666666667,20.0,72.32192951701641,107.67807048298359,"left,right"
Recorder 2 - 0304 to 1004,04-07-2026,18:42:02,1.91834W,50.94073N,100%,18C,49%,2_20260407_184202.wav,AGC,48kHz,stereo,Part1,2_20260407_184202.wav,1512.0,1515.0,1513.77075,1513.52075,1514.02075,-0.0013020833333333333,-0.0625,359.8294055433168,180.1705944566832,"left,right"
Recorder 2 - 0304 to 1004,04-07-2026,18:42:02,1.91834W,50.94073N,100%,18C,49%,2_20260407_184202.wav,AGC,48kHz,stereo,Part1,2_20260407_184202.wav,1542.0,1545.0,1542.5526666666667,1542.3026666666667,1542.8026666666667,0.0,0.0,0.0,180.0,"left,right"
Recorder 2 - 0304 to 1004,04-07-2026,18:42:02,1.91834W,50.94073N,100%,18C,49%,2_20260407_184202.wav,AGC,48kHz,stereo,Part1,2_20260407_184202.wav,1716.0,1719.0,1716.4791041666667,1716.2291041666667,1716.7291041666667,0.0,0.0,0.0,180.0,"left,right"
Recorder 2 - 0304 to 1004,04-07-2026,19:12:03,1.91834W,50.94073N,100%,18C,49%,2_20260407_191203.wav,AGC,48kHz,stereo,Part2,2_20260407_191203.wav,54.0,57.0,55.67133333333334,55.42133333333334,55.92133333333334,-0.0013020833333333333,-0.0625,359.8294055433168,180.1705944566832,"left,right"
Recorder 2 - 0304 to 1004,04-07-2026,19:12:03,1.91834W,50.94073N,100%,18C,49%,2_20260407_191203.wav,AGC,48kHz,stereo,Part2,2_20260407_191203.wav,195.0,198.0,195.08979166666666,195.0,195.33979166666666,0.0,0.0,0.0,180.0,"left,right"
Recorder 2 - 0304 to 1004,04-07-2026,19:12:03,1.91834W,50.94073N,100%,18C,49%,2_20260407_191203.wav,AGC,48kHz,stereo,Part2,2_20260407_191203.wav,486.0,489.0,487.9245,487.6745,488.1745,-0.0013020833333333333,-0.0625,359.8294055433168,180.1705944566832,"left,right"
Recorder 2 - 0304 to 1004,04-07-2026,19:12:03,1.91834W,50.94073N,100%,18C,49%,2_20260407_191203.wav,AGC,48kHz,stereo,Part2,2_20260407_191203.wav,1755.0,1758.0,1755.1494166666666,1755.0,1755.3994166666666,0.0013020833333333333,0.0625,0.1705944566832045,179.8294055433168,"left,right"
Recorder 2 - 0304 to 1004,04-08-2026,06:39:02,1.91834W,50.94073N,100%,9C,83%,2_20260408_063902.wav,AGC,48kHz,stereo,Part1,2_20260408_063902.wav,96.0,99.0,97.91389583333333,97.66389583333333,98.16389583333333,0.0013020833333333333,0.0625,0.1705944566832045,179.8294055433168,"left,right"
Recorder 2 - 0304 to 1004,04-08-2026,06:39:02,1.91834W,50.94073N,100%,9C,83%,2_20260408_063902.wav,AGC,48kHz,stereo,Part1,2_20260408_063902.wav,243.0,246.0,245.0778125,244.8278125,245.3278125,0.0,0.0,0.0,180.0,"left,right"
Recorder 2 - 0304 to 1004,04-08-2026,06:39:02,1.91834W,50.94073N,100%,9C,83%,2_20260408_063902.wav,AGC,48kHz,stereo,Part1,2_20260408_063902.wav,360.0,363.0,360.92752083333335,360.67752083333335,361.17752083333335,0.0,0.0,0.0,180.0,"left,right"
Recorder 2 - 0304 to 1004,04-08-2026,06:39:02,1.91834W,50.94073N,100%,9C,83%,2_20260408_063902.wav,AGC,48kHz,stereo,Part1,2_20260408_063902.wav,624.0,627.0,626.2086041666666,625.9586041666666,626.4586041666666,-0.01953125,-0.9375,357.4402354785634,182.5597645214366,"left,right"
Recorder 2 - 0304 to 1004,04-08-2026,06:39:02,1.91834W,50.94073N,100%,9C,83%,2_20260408_063902.wav,AGC,48kHz,stereo,Part1,2_20260408_063902.wav,657.0,660.0,658.583875,658.333875,658.833875,0.0,0.0,0.0,180.0,"left,right"
Recorder 2 - 0304 to 1004,04-08-2026,06:39:02,1.91834W,50.94073N,100%,9C,83%,2_20260408_063902.wav,AGC,48kHz,stereo,Part1,2_20260408_063902.wav,738.0,741.0,740.1354375,739.8854375,740.3854375,-0.0013020833333333333,-0.0625,359.8294055433168,180.1705944566832,"left,right"
Recorder 2 - 0304 to 1004,04-08-2026,06:39:02,1.91834W,50.94073N,100%,9C,83%,2_20260408_063902.wav,AGC,48kHz,stereo,Part1,2_20260408_063902.wav,846.0,849.0,846.9504791666667,846.7004791666667,847.2004791666667,0.01953125,0.9375,2.559764521436577,177.4402354785634,"left,right"
Recorder 2 - 0304 to 1004,04-08-2026,06:39:02,1.91834W,50.94073N,100%,9C,83%,2_20260408_063902.wav,AGC,48kHz,stereo,Part1,2_20260408_063902.wav,951.0,954.0,952.1219166666667,951.8719166666667,952.3719166666667,0.01953125,0.9375,2.559764521436577,177.4402354785634,"left,right"
Recorder 2 - 0304 to 1004,04-08-2026,06:39:02,1.91834W,50.94073N,100%,9C,83%,2_20260408_063902.wav,AGC,48kHz,stereo,Part1,2_20260408_063902.wav,1005.0,1008.0,1006.3147083333333,1006.0647083333333,1006.5647083333333,0.0,0.0,0.0,180.0,"left,right"
Recorder 2 - 0304 to 1004,04-08-2026,06:39:02,1.91834W,50.94073N,100%,9C,83%,2_20260408_063902.wav,AGC,48kHz,stereo,Part1,2_20260408_063902.wav,1032.0,1035.0,1033.4489375,1033.1989375,1033.6989375,-0.01953125,-0.9375,357.4402354785634,182.5597645214366,"left,right"
Recorder 2 - 0304 to 1004,04-08-2026,06:39:02,1.91834W,50.94073N,100%,9C,83%,2_20260408_063902.wav,AGC,48kHz,stereo,Part1,2_20260408_063902.wav,1113.0,1116.0,1114.6890208333334,1114.4390208333334,1114.9390208333334,-0.31380208333333337,-15.062500000000002,314.1465419417101,225.85345805828993,"left,right"
Recorder 2 - 0304 to 1004,04-08-2026,06:39:02,1.91834W,50.94073N,100%,9C,83%,2_20260408_063902.wav,AGC,48kHz,stereo,Part1,2_20260408_063902.wav,1341.0,1344.0,1343.6825416666666,1343.4325416666666,1343.9325416666666,0.0,0.0,0.0,180.0,"left,right"
Recorder 2 - 0304 to 1004,04-08-2026,06:39:02,1.91834W,50.94073N,100%,9C,83%,2_20260408_063902.wav,AGC,48kHz,stereo,Part1,2_20260408_063902.wav,1605.0,1608.0,1607.9460625,1607.6960625,1608.0,0.0,0.0,0.0,180.0,"left,right"
Recorder 2 - 0304 to 1004,04-08-2026,06:39:02,1.91834W,50.94073N,100%,9C,83%,2_20260408_063902.wav,AGC,48kHz,stereo,Part1,2_20260408_063902.wav,1608.0,1611.0,1608.0470416666667,1608.0,1608.2970416666667,0.0,0.0,0.0,180.0,"left,right"
Recorder 2 - 0304 to 1004,04-08-2026,06:39:02,1.91834W,50.94073N,100%,9C,83%,2_20260408_063902.wav,AGC,48kHz,stereo,Part1,2_20260408_063902.wav,1758.0,1761.0,1759.6979791666668,1759.4479791666668,1759.9479791666668,0.01953125,0.9375,2.559764521436577,177.4402354785634,"left,right"
Recorder 2 - 0304 to 1004,04-08-2026,07:09:03,1.91834W,50.94073N,100%,9C,83%,2_20260408_070903.wav,AGC,48kHz,stereo,Part2,2_20260408_070903.wav,117.0,120.0,117.99875,117.74875,118.24875,0.01953125,0.9375,2.559764521436577,177.4402354785634,"left,right"
Recorder 2 - 0304 to 1004,04-08-2026,07:09:03,1.91834W,50.94073N,100%,9C,83%,2_20260408_070903.wav,AGC,48kHz,stereo,Part2,2_20260408_070903.wav,447.0,450.0,449.25216666666665,449.00216666666665,449.50216666666665,0.01953125,0.9375,2.559764521436577,177.4402354785634,"left,right"
Recorder 2 - 0304 to 1004,04-08-2026,07:09:03,1.91834W,50.94073N,100%,9C,83%,2_20260408_070903.wav,AGC,48kHz,stereo,Part2,2_20260408_070903.wav,612.0,615.0,612.6736041666667,612.4236041666667,612.9236041666667,0.01953125,0.9375,2.559764521436577,177.4402354785634,"left,right"
Recorder 2 - 0304 to 1004,04-08-2026,07:09:03,1.91834W,50.94073N,100%,9C,83%,2_20260408_070903.wav,AGC,48kHz,stereo,Part2,2_20260408_070903.wav,759.0,762.0,760.6176666666667,760.3676666666667,760.8676666666667,0.0,0.0,0.0,180.0,"left,right"
Recorder 2 - 0304 to 1004,04-08-2026,07:09:03,1.91834W,50.94073N,100%,9C,83%,2_20260408_070903.wav,AGC,48kHz,stereo,Part2,2_20260408_070903.wav,909.0,912.0,911.2099375,910.9599375,911.4599375,0.43619791666666663,20.9375,85.89876061475425,94.10123938524575,"left,right"
Recorder 2 - 0304 to 1004,04-08-2026,07:09:03,1.91834W,50.94073N,100%,9C,83%,2_20260408_070903.wav,AGC,48kHz,stereo,Part2,2_20260408_070903.wav,993.0,996.0,995.2656458333333,995.0156458333333,995.5156458333333,0.0,0.0,0.0,180.0,"left,right"
Recorder 2 - 0304 to 1004,04-08-2026,18:42:02,1.91834W,50.94073N,100%,26C,51%,2_20260408_184202.wav,AGC,48kHz,stereo,Part1,2_20260408_184202.wav,108.0,111.0,110.20435416666666,109.95435416666666,110.45435416666666,0.0,0.0,0.0,180.0,"left,right"
Recorder 2 - 0304 to 1004,04-08-2026,18:42:02,1.91834W,50.94073N,100%,26C,51%,2_20260408_184202.wav,AGC,48kHz,stereo,Part1,2_20260408_184202.wav,180.0,183.0,182.59516666666667,182.34516666666667,182.84516666666667,0.0,0.0,0.0,180.0,"left,right"
Recorder 2 - 0304 to 1004,04-08-2026,18:42:02,1.91834W,50.94073N,100%,26C,51%,2_20260408_184202.wav,AGC,48kHz,stereo,Part1,2_20260408_184202.wav,324.0,327.0,324.4150833333333,324.1650833333333,324.6650833333333,-0.020833333333333332,-1.0,357.26945925055134,182.73054074944866,"left,right"
Recorder 2 - 0304 to 1004,04-08-2026,18:42:02,1.91834W,50.94073N,100%,26C,51%,2_20260408_184202.wav,AGC,48kHz,stereo,Part1,2_20260408_184202.wav,456.0,459.0,458.956375,458.706375,459.0,-0.022135416666666668,-1.0625,357.0986587424351,182.90134125756492,"left,right"
Recorder 2 - 0304 to 1004,04-08-2026,18:42:02,1.91834W,50.94073N,100%,26C,51%,2_20260408_184202.wav,AGC,48kHz,stereo,Part1,2_20260408_184202.wav,459.0,462.0,459.037625,459.0,459.287625,-0.0013020833333333333,-0.0625,359.8294055433168,180.1705944566832,"left,right"
Recorder 2 - 0304 to 1004,04-08-2026,18:42:02,1.91834W,50.94073N,100%,26C,51%,2_20260408_184202.wav,AGC,48kHz,stereo,Part1,2_20260408_184202.wav,615.0,618.0,617.030875,616.780875,617.280875,0.0,0.0,0.0,180.0,"left,right"
Recorder 2 - 0304 to 1004,04-08-2026,18:42:02,1.91834W,50.94073N,100%,26C,51%,2_20260408_184202.wav,AGC,48kHz,stereo,Part1,2_20260408_184202.wav,1083.0,1086.0,1085.4366666666667,1085.1866666666667,1085.6866666666667,0.01953125,0.9375,2.559764521436577,177.4402354785634,"left,right"
Recorder 2 - 0304 to 1004,04-08-2026,18:42:02,1.91834W,50.94073N,100%,26C,51%,2_20260408_184202.wav,AGC,48kHz,stereo,Part1,2_20260408_184202.wav,1377.0,1380.0,1377.874875,1377.624875,1378.124875,0.020833333333333332,1.0,2.730540749448636,177.26945925055136,"left,right"
Recorder 2 - 0304 to 1004,04-08-2026,18:42:02,1.91834W,50.94073N,100%,26C,51%,2_20260408_184202.wav,AGC,48kHz,stereo,Part1,2_20260408_184202.wav,1653.0,1656.0,1655.5692083333333,1655.3192083333333,1655.8192083333333,0.01953125,0.9375,2.559764521436577,177.4402354785634,"left,right"
Recorder 2 - 0304 to 1004,04-08-2026,18:42:02,1.91834W,50.94073N,100%,26C,51%,2_20260408_184202.wav,AGC,48kHz,stereo,Part1,2_20260408_184202.wav,1788.0,1791.0,1789.9551041666666,1789.7051041666666,1790.2051041666666,0.040364583333333336,1.9375,5.295958265121399,174.70404173487861,"left,right"
Recorder 2 - 0304 to 1004,04-08-2026,19:12:03,1.91834W,50.94073N,100%,26C,51%,2_20260408_191203.wav,AGC,48kHz,stereo,Part2,2_20260408_191203.wav,351.0,354.0,352.1060625,351.8560625,352.3560625,0.020833333333333332,1.0,2.730540749448636,177.26945925055136,"left,right"
Recorder 2 - 0304 to 1004,04-08-2026,19:12:03,1.91834W,50.94073N,100%,26C,51%,2_20260408_191203.wav,AGC,48kHz,stereo,Part2,2_20260408_191203.wav,708.0,711.0,709.1618541666667,708.9118541666667,709.4118541666667,0.0,0.0,0.0,180.0,"left,right"
Recorder 2 - 0304 to 1004,04-08-2026,19:12:03,1.91834W,50.94073N,100%,26C,51%,2_20260408_191203.wav,AGC,48kHz,stereo,Part2,2_20260408_191203.wav,1533.0,1536.0,1533.72425,1533.47425,1533.97425,0.0,0.0,0.0,180.0,"left,right"
Recorder 2 - 0304 to 1004,04-08-2026,19:12:03,1.91834W,50.94073N,100%,26C,51%,2_20260408_191203.wav,AGC,48kHz,stereo,Part2,2_20260408_191203.wav,1638.0,1641.0,1639.0696458333334,1638.8196458333334,1639.3196458333334,-0.020833333333333332,-1.0,357.26945925055134,182.73054074944866,"left,right"
Recorder 2 - 0304 to 1004,04-09-2026,06:39:02,1.91834W,50.94073N,100%,8C,97%,2_20260409_063902.wav,AGC,48kHz,stereo,Part1,2_20260409_063902.wav,621.0,624.0,622.1608958333334,621.9108958333334,622.4108958333334,0.0,0.0,0.0,180.0,"left,right"
Recorder 2 - 0304 to 1004,04-09-2026,06:39:02,1.91834W,50.94073N,100%,8C,97%,2_20260409_063902.wav,AGC,48kHz,stereo,Part1,2_20260409_063902.wav,1125.0,1128.0,1127.7989375,1127.5489375,1128.0,-0.01953125,-0.9375,357.4402354785634,182.5597645214366,"left,right"
Recorder 2 - 0304 to 1004,04-09-2026,06:39:02,1.91834W,50.94073N,100%,8C,97%,2_20260409_063902.wav,AGC,48kHz,stereo,Part1,2_20260409_063902.wav,1218.0,1221.0,1219.9115,1219.6615,1220.1615,-0.0013020833333333333,-0.0625,359.8294055433168,180.1705944566832,"left,right"
Recorder 2 - 0304 to 1004,04-09-2026,06:39:02,1.91834W,50.94073N,100%,8C,97%,2_20260409_063902.wav,AGC,48kHz,stereo,Part1,2_20260409_063902.wav,1335.0,1338.0,1336.8596041666667,1336.6096041666667,1337.1096041666667,0.0013020833333333333,0.0625,0.1705944566832045,179.8294055433168,"left,right"
Recorder 2 - 0304 to 1004,04-09-2026,06:39:02,1.91834W,50.94073N,100%,8C,97%,2_20260409_063902.wav,AGC,48kHz,stereo,Part1,2_20260409_063902.wav,1596.0,1599.0,1597.5434166666666,1597.2934166666666,1597.7934166666666,0.3958333333333333,19.0,64.84199555654006,115.15800444345994,"left,right"
Recorder 2 - 0304 to 1004,04-09-2026,06:39:02,1.91834W,50.94073N,100%,8C,97%,2_20260409_063902.wav,AGC,48kHz,stereo,Part1,2_20260409_063902.wav,1728.0,1731.0,1728.8543958333332,1728.6043958333332,1729.1043958333332,0.0,0.0,0.0,180.0,"left,right"
Recorder 2 - 0304 to 1004,04-09-2026,07:09:03,1.91834W,50.94073N,100%,8C,97%,2_20260409_070903.wav,AGC,48kHz,stereo,Part2,2_20260409_070903.wav,66.0,69.0,67.93970833333333,67.68970833333333,68.18970833333333,0.0,0.0,0.0,180.0,"left,right"
Recorder 2 - 0304 to 1004,04-09-2026,07:09:03,1.91834W,50.94073N,100%,8C,97%,2_20260409_070903.wav,AGC,48kHz,stereo,Part2,2_20260409_070903.wav,186.0,189.0,186.71470833333333,186.46470833333333,186.96470833333333,-0.01953125,-0.9375,357.4402354785634,182.5597645214366,"left,right"
Recorder 2 - 0304 to 1004,04-09-2026,07:09:03,1.91834W,50.94073N,100%,8C,97%,2_20260409_070903.wav,AGC,48kHz,stereo,Part2,2_20260409_070903.wav,372.0,375.0,374.5817916666667,374.3317916666667,374.8317916666667,-0.0013020833333333333,-0.0625,359.8294055433168,180.1705944566832,"left,right"
Recorder 2 - 0304 to 1004,04-09-2026,07:09:03,1.91834W,50.94073N,100%,8C,97%,2_20260409_070903.wav,AGC,48kHz,stereo,Part2,2_20260409_070903.wav,498.0,501.0,498.14729166666666,498.0,498.39729166666666,0.01953125,0.9375,2.559764521436577,177.4402354785634,"left,right"
Recorder 2 - 0304 to 1004,04-09-2026,07:09:03,1.91834W,50.94073N,100%,8C,97%,2_20260409_070903.wav,AGC,48kHz,stereo,Part2,2_20260409_070903.wav,567.0,570.0,568.7332916666667,568.4832916666667,568.9832916666667,0.0,0.0,0.0,180.0,"left,right"
Recorder 2 - 0304 to 1004,04-09-2026,07:09:03,1.91834W,50.94073N,100%,8C,97%,2_20260409_070903.wav,AGC,48kHz,stereo,Part2,2_20260409_070903.wav,705.0,708.0,706.1999375,705.9499375,706.4499375,0.0,0.0,0.0,180.0,"left,right"
Recorder 2 - 0304 to 1004,04-09-2026,07:09:03,1.91834W,50.94073N,100%,8C,97%,2_20260409_070903.wav,AGC,48kHz,stereo,Part2,2_20260409_070903.wav,849.0,852.0,849.2871875,849.0371875,849.5371875,-0.022135416666666668,-1.0625,357.0986587424351,182.90134125756492,"left,right"
Recorder 2 - 0304 to 1004,04-09-2026,07:09:03,1.91834W,50.94073N,100%,8C,97%,2_20260409_070903.wav,AGC,48kHz,stereo,Part2,2_20260409_070903.wav,888.0,891.0,888.4785,888.2285,888.7285,0.0,0.0,0.0,180.0,"left,right"
Recorder 2 - 0304 to 1004,04-09-2026,07:09:03,1.91834W,50.94073N,100%,8C,97%,2_20260409_070903.wav,AGC,48kHz,stereo,Part2,2_20260409_070903.wav,1080.0,1083.0,1082.755375,1082.505375,1083.0,0.0,0.0,0.0,180.0,"left,right"
Recorder 2 - 0304 to 1004,04-09-2026,07:09:03,1.91834W,50.94073N,100%,8C,97%,2_20260409_070903.wav,AGC,48kHz,stereo,Part2,2_20260409_070903.wav,1224.0,1227.0,1226.96375,1226.71375,1227.0,-0.0013020833333333333,-0.0625,359.8294055433168,180.1705944566832,"left,right"
Recorder 2 - 0304 to 1004,04-09-2026,07:09:03,1.91834W,50.94073N,100%,8C,97%,2_20260409_070903.wav,AGC,48kHz,stereo,Part2,2_20260409_070903.wav,1227.0,1230.0,1227.0340625,1227.0,1227.2840625,-0.022135416666666668,-1.0625,357.0986587424351,182.90134125756492,"left,right"
Recorder 2 - 0304 to 1004,04-09-2026,07:09:03,1.91834W,50.94073N,100%,8C,97%,2_20260409_070903.wav,AGC,48kHz,stereo,Part2,2_20260409_070903.wav,1362.0,1365.0,1362.3664583333334,1362.1164583333334,1362.6164583333334,0.0,0.0,0.0,180.0,"left,right"
Recorder 2 - 0304 to 1004,04-09-2026,07:09:03,1.91834W,50.94073N,100%,8C,97%,2_20260409_070903.wav,AGC,48kHz,stereo,Part2,2_20260409_070903.wav,1623.0,1626.0,1625.5779375,1625.3279375,1625.8279375,0.020833333333333332,1.0,2.730540749448636,177.26945925055136,"left,right"
Recorder 2 - 0304 to 1004,04-10-2026,06:39:02,1.91834W,50.94073N,100%,3C,82%,2_20260410_063902.wav,AGC,48kHz,stereo,Part1,2_20260410_063902.wav,1065.0,1068.0,1066.7125208333334,1066.4625208333334,1066.9625208333334,0.0,0.0,0.0,180.0,"left,right"
Recorder 2 - 0304 to 1004,04-10-2026,06:39:02,1.91834W,50.94073N,100%,3C,82%,2_20260410_063902.wav,AGC,48kHz,stereo,Part1,2_20260410_063902.wav,1128.0,1131.0,1128.1394583333333,1128.0,1128.3894583333333,0.01953125,0.9375,2.559764521436577,177.4402354785634,"left,right"
Recorder 2 - 0304 to 1004,04-10-2026,06:39:02,1.91834W,50.94073N,100%,3C,82%,2_20260410_063902.wav,AGC,48kHz,stereo,Part1,2_20260410_063902.wav,1356.0,1359.0,1357.03375,1356.78375,1357.28375,-0.08333333333333333,-4.0,349.0147924468201,190.98520755317992,"left,right"
Recorder 2 - 0304 to 1004,04-10-2026,06:39:02,1.91834W,50.94073N,100%,3C,82%,2_20260410_063902.wav,AGC,48kHz,stereo,Part1,2_20260410_063902.wav,1509.0,1512.0,1510.9417083333333,1510.6917083333333,1511.1917083333333,-0.01953125,-0.9375,357.4402354785634,182.5597645214366,"left,right"
Recorder 2 - 0304 to 1004,04-10-2026,06:39:02,1.91834W,50.94073N,100%,3C,82%,2_20260410_063902.wav,AGC,48kHz,stereo,Part1,2_20260410_063902.wav,1557.0,1560.0,1559.1542291666667,1558.9042291666667,1559.4042291666667,-0.022135416666666668,-1.0625,357.0986587424351,182.90134125756492,"left,right"
Recorder 2 - 0304 to 1004,04-10-2026,06:39:02,1.91834W,50.94073N,100%,3C,82%,2_20260410_063902.wav,AGC,48kHz,stereo,Part1,2_20260410_063902.wav,1569.0,1572.0,1570.3438125,1570.0938125,1570.5938125,0.06380208333333333,3.0624999999999996,8.389057799879865,171.61094220012012,"left,right"
Recorder 2 - 0304 to 1004,04-10-2026,06:39:02,1.91834W,50.94073N,100%,3C,82%,2_20260410_063902.wav,AGC,48kHz,stereo,Part1,2_20260410_063902.wav,1620.0,1623.0,1620.2900625,1620.0400625,1620.5400625,-0.0026041666666666665,-0.125,359.65880957427,180.34119042573002,"left,right"
Recorder 2 - 0304 to 1004,04-10-2026,06:39:02,1.91834W,50.94073N,100%,3C,82%,2_20260410_063902.wav,AGC,48kHz,stereo,Part1,2_20260410_063902.wav,1728.0,1731.0,1730.0540833333334,1729.8040833333334,1730.3040833333334,-0.01953125,-0.9375,357.4402354785634,182.5597645214366,"left,right"
Recorder 2 - 0304 to 1004,04-10-2026,06:39:02,1.91834W,50.94073N,100%,3C,82%,2_20260410_063902.wav,AGC,48kHz,stereo,Part1,2_20260410_063902.wav,1782.0,1785.0,1784.2834583333333,1784.0334583333333,1784.5334583333333,0.0,0.0,0.0,180.0,"left,right"
Recorder 2 - 0304 to 1004,04-10-2026,07:09:03,1.91834W,50.94073N,100%,3C,82%,2_20260410_070903.wav,AGC,48kHz,stereo,Part2,2_20260410_070903.wav,51.0,54.0,53.55835416666667,53.30835416666667,53.80835416666667,0.24869791666666666,11.9375,34.65887269097194,145.34112730902805,"left,right"
Recorder 2 - 0304 to 1004,04-10-2026,07:09:03,1.91834W,50.94073N,100%,3C,82%,2_20260410_070903.wav,AGC,48kHz,stereo,Part2,2_20260410_070903.wav,195.0,198.0,196.27304166666667,196.02304166666667,196.52304166666667,0.020833333333333332,1.0,2.730540749448636,177.26945925055136,"left,right"
Recorder 2 - 0304 to 1004,04-10-2026,07:09:03,1.91834W,50.94073N,100%,3C,82%,2_20260410_070903.wav,AGC,48kHz,stereo,Part2,2_20260410_070903.wav,270.0,273.0,271.8764791666667,271.6264791666667,272.1264791666667,0.0,0.0,0.0,180.0,"left,right"
Recorder 2 - 0304 to 1004,04-10-2026,07:09:03,1.91834W,50.94073N,100%,3C,82%,2_20260410_070903.wav,AGC,48kHz,stereo,Part2,2_20260410_070903.wav,333.0,336.0,334.7237083333333,334.4737083333333,334.9737083333333,0.0,0.0,0.0,180.0,"left,right"
Recorder 2 - 0304 to 1004,04-10-2026,07:09:03,1.91834W,50.94073N,100%,3C,82%,2_20260410_070903.wav,AGC,48kHz,stereo,Part2,2_20260410_070903.wav,372.0,375.0,373.01175,372.76175,373.26175,0.0,0.0,0.0,180.0,"left,right"
Recorder 2 - 0304 to 1004,04-10-2026,07:09:03,1.91834W,50.94073N,100%,3C,82%,2_20260410_070903.wav,AGC,48kHz,stereo,Part2,2_20260410_070903.wav,405.0,408.0,405.18589583333335,405.0,405.43589583333335,0.0,0.0,0.0,180.0,"left,right"
Recorder 2 - 0304 to 1004,04-10-2026,07:09:03,1.91834W,50.94073N,100%,3C,82%,2_20260410_070903.wav,AGC,48kHz,stereo,Part2,2_20260410_070903.wav,462.0,465.0,463.387,463.137,463.637,0.0,0.0,0.0,180.0,"left,right"
Recorder 2 - 0304 to 1004,04-10-2026,07:09:03,1.91834W,50.94073N,100%,3C,82%,2_20260410_070903.wav,AGC,48kHz,stereo,Part2,2_20260410_070903.wav,519.0,522.0,520.0445416666666,519.7945416666666,520.2945416666666,0.0,0.0,0.0,180.0,"left,right"
Recorder 2 - 0304 to 1004,04-10-2026,07:09:03,1.91834W,50.94073N,100%,3C,82%,2_20260410_070903.wav,AGC,48kHz,stereo,Part2,2_20260410_070903.wav,654.0,657.0,655.9556875,655.7056875,656.2056875,0.0,0.0,0.0,180.0,"left,right"
Recorder 2 - 0304 to 1004,04-10-2026,07:09:03,1.91834W,50.94073N,100%,3C,82%,2_20260410_070903.wav,AGC,48kHz,stereo,Part2,2_20260410_070903.wav,729.0,732.0,730.8292916666667,730.5792916666667,731.0792916666667,-0.0013020833333333333,-0.0625,359.8294055433168,180.1705944566832,"left,right"
Recorder 2 - 0304 to 1004,04-10-2026,07:09:03,1.91834W,50.94073N,100%,3C,82%,2_20260410_070903.wav,AGC,48kHz,stereo,Part2,2_20260410_070903.wav,825.0,828.0,825.85525,825.60525,826.10525,0.0,0.0,0.0,180.0,"left,right"
Recorder 2 - 0304 to 1004,04-10-2026,07:09:03,1.91834W,50.94073N,100%,3C,82%,2_20260410_070903.wav,AGC,48kHz,stereo,Part2,2_20260410_070903.wav,933.0,936.0,934.1001458333334,933.8501458333334,934.3501458333334,-0.020833333333333332,-1.0,357.26945925055134,182.73054074944866,"left,right"
Recorder 2 - 0304 to 1004,04-10-2026,07:09:03,1.91834W,50.94073N,100%,3C,82%,2_20260410_070903.wav,AGC,48kHz,stereo,Part2,2_20260410_070903.wav,969.0,972.0,970.9635416666666,970.7135416666666,971.2135416666666,-0.020833333333333332,-1.0,357.26945925055134,182.73054074944866,"left,right"
Recorder 2 - 0304 to 1004,04-10-2026,07:09:03,1.91834W,50.94073N,100%,3C,82%,2_20260410_070903.wav,AGC,48kHz,stereo,Part2,2_20260410_070903.wav,1071.0,1074.0,1071.4131458333334,1071.1631458333334,1071.6631458333334,0.0013020833333333333,0.0625,0.1705944566832045,179.8294055433168,"left,right"
Recorder 2 - 0304 to 1004,04-10-2026,07:09:03,1.91834W,50.94073N,100%,3C,82%,2_20260410_070903.wav,AGC,48kHz,stereo,Part2,2_20260410_070903.wav,1107.0,1110.0,1108.1258958333333,1107.8758958333333,1108.3758958333333,0.0,0.0,0.0,180.0,"left,right"
Recorder 2 - 0304 to 1004,04-10-2026,07:09:03,1.91834W,50.94073N,100%,3C,82%,2_20260410_070903.wav,AGC,48kHz,stereo,Part2,2_20260410_070903.wav,1149.0,1152.0,1151.4755625,1151.2255625,1151.7255625,-0.0013020833333333333,-0.0625,359.8294055433168,180.1705944566832,"left,right"
Recorder 2 - 0304 to 1004,04-10-2026,07:09:03,1.91834W,50.94073N,100%,3C,82%,2_20260410_070903.wav,AGC,48kHz,stereo,Part2,2_20260410_070903.wav,1230.0,1233.0,1231.176125,1230.926125,1231.426125,0.01953125,0.9375,2.559764521436577,177.4402354785634,"left,right"
Recorder 2 - 0304 to 1004,04-10-2026,07:09:03,1.91834W,50.94073N,100%,3C,82%,2_20260410_070903.wav,AGC,48kHz,stereo,Part2,2_20260410_070903.wav,1377.0,1380.0,1378.3037291666667,1378.0537291666667,1378.5537291666667,0.0,0.0,0.0,180.0,"left,right"
Recorder 2 - 0304 to 1004,04-10-2026,07:09:03,1.91834W,50.94073N,100%,3C,82%,2_20260410_070903.wav,AGC,48kHz,stereo,Part2,2_20260410_070903.wav,1455.0,1458.0,1456.3216458333334,1456.0716458333334,1456.5716458333334,0.0,0.0,0.0,180.0,"left,right"
Recorder 2 - 0304 to 1004,04-10-2026,07:09:03,1.91834W,50.94073N,100%,3C,82%,2_20260410_070903.wav,AGC,48kHz,stereo,Part2,2_20260410_070903.wav,1524.0,1527.0,1525.3067291666666,1525.0567291666666,1525.5567291666666,-0.0013020833333333333,-0.0625,359.8294055433168,180.1705944566832,"left,right"
Recorder 2 - 0304 to 1004,04-10-2026,07:09:03,1.91834W,50.94073N,100%,3C,82%,2_20260410_070903.wav,AGC,48kHz,stereo,Part2,2_20260410_070903.wav,1554.0,1557.0,1555.0043125,1554.7543125,1555.2543125,0.0,0.0,0.0,180.0,"left,right"
Recorder 2 - 0304 to 1004,04-10-2026,07:09:03,1.91834W,50.94073N,100%,3C,82%,2_20260410_070903.wav,AGC,48kHz,stereo,Part2,2_20260410_070903.wav,1635.0,1638.0,1635.31925,1635.06925,1635.56925,-0.01953125,-0.9375,357.4402354785634,182.5597645214366,"left,right"
Recorder 2 - 0304 to 1004,04-10-2026,07:09:03,1.91834W,50.94073N,100%,3C,82%,2_20260410_070903.wav,AGC,48kHz,stereo,Part2,2_20260410_070903.wav,1656.0,1659.0,1658.2305833333332,1657.9805833333332,1658.4805833333332,0.0,0.0,0.0,180.0,"left,right"
Recorder 2 - 0304 to 1004,04-10-2026,07:09:03,1.91834W,50.94073N,100%,3C,82%,2_20260410_070903.wav,AGC,48kHz,stereo,Part2,2_20260410_070903.wav,1758.0,1761.0,1758.7568333333334,1758.5068333333334,1759.0068333333334,0.018229166666666668,0.8750000000000001,2.389011046620638,177.61098895337938,"left,right"
Recorder 3 0304 - 1004,04-03-2026,18:42:08,1.92066W,50.94219N,100%,12C,88%,3_20260403_184208.wav,AGC,48kHz,stereo,Part1,3_20260403_184208.wav,795.0,798.0,796.1402083333334,795.8902083333334,796.3902083333334,0.0,0.0,0.0,180.0,"left,right"
Recorder 3 0304 - 1004,04-03-2026,18:42:08,1.92066W,50.94219N,100%,12C,88%,3_20260403_184208.wav,AGC,48kHz,stereo,Part1,3_20260403_184208.wav,867.0,870.0,869.6770208333334,869.4270208333334,869.9270208333334,0.0,0.0,0.0,180.0,"left,right"
Recorder 3 0304 - 1004,04-03-2026,18:42:08,1.92066W,50.94219N,100%,12C,88%,3_20260403_184208.wav,AGC,48kHz,stereo,Part1,3_20260403_184208.wav,1023.0,1026.0,1025.8186041666668,1025.5686041666668,1026.0,0.0,0.0,0.0,180.0,"left,right"
Recorder 3 0304 - 1004,04-03-2026,18:42:08,1.92066W,50.94219N,100%,12C,88%,3_20260403_184208.wav,AGC,48kHz,stereo,Part1,3_20260403_184208.wav,1752.0,1755.0,1752.5192083333334,1752.2692083333334,1752.7692083333334,-0.0013020833333333333,-0.0625,359.8294055433168,180.1705944566832,"left,right"
Recorder 3 0304 - 1004,04-03-2026,19:12:10,1.92066W,50.94219N,100%,12C,88%,3_20260403_191210.wav,AGC,48kHz,stereo,Part2,3_20260403_191210.wav,324.0,327.0,324.1524166666667,324.0,324.4024166666667,0.0,0.0,0.0,180.0,"left,right"
Recorder 3 0304 - 1004,04-03-2026,19:12:10,1.92066W,50.94219N,100%,12C,88%,3_20260403_191210.wav,AGC,48kHz,stereo,Part2,3_20260403_191210.wav,972.0,975.0,972.1576458333333,972.0,972.4076458333333,0.0,0.0,0.0,180.0,"left,right"
Recorder 3 0304 - 1004,04-03-2026,19:12:10,1.92066W,50.94219N,100%,12C,88%,3_20260403_191210.wav,AGC,48kHz,stereo,Part2,3_20260403_191210.wav,1551.0,1554.0,1551.6249166666666,1551.3749166666666,1551.8749166666666,-0.020833333333333332,-1.0,357.26945925055134,182.73054074944866,"left,right"
Recorder 3 0304 - 1004,04-04-2026,07:09:03,1.92069W,50.94217N,100%,7C,92%,3_20260404_070903.wav,AGC,48kHz,stereo,Part2,3_20260404_070903.wav,1176.0,1179.0,1178.2371458333334,1177.9871458333334,1178.4871458333334,0.0013020833333333333,0.0625,0.1705944566832045,179.8294055433168,"left,right"
Recorder 3 0304 - 1004,04-04-2026,07:09:03,1.92069W,50.94217N,100%,7C,92%,3_20260404_070903.wav,AGC,48kHz,stereo,Part2,3_20260404_070903.wav,1542.0,1545.0,1542.1449583333333,1542.0,1542.3949583333333,0.0,0.0,0.0,180.0,"left,right"
Recorder 3 0304 - 1004,04-05-2026,06:39:02,1.92069W,50.94217N,100%,7C,76%,3_20260405_063902.wav,AGC,48kHz,stereo,Part1,3_20260405_063902.wav,339.0,342.0,339.34125,339.09125,339.59125,-0.020833333333333332,-1.0,357.26945925055134,182.73054074944866,"left,right"
Recorder 3 0304 - 1004,04-05-2026,06:39:02,1.92069W,50.94217N,100%,7C,76%,3_20260405_063902.wav,AGC,48kHz,stereo,Part1,3_20260405_063902.wav,927.0,930.0,927.7995,927.5495,928.0495,0.0013020833333333333,0.0625,0.1705944566832045,179.8294055433168,"left,right"
Recorder 3 0304 - 1004,04-05-2026,06:39:02,1.92069W,50.94217N,100%,7C,76%,3_20260405_063902.wav,AGC,48kHz,stereo,Part1,3_20260405_063902.wav,1275.0,1278.0,1275.0100208333333,1275.0,1275.2600208333333,0.0,0.0,0.0,180.0,"left,right"
Recorder 3 0304 - 1004,04-05-2026,06:39:02,1.92069W,50.94217N,100%,7C,76%,3_20260405_063902.wav,AGC,48kHz,stereo,Part1,3_20260405_063902.wav,1704.0,1707.0,1704.4957291666667,1704.2457291666667,1704.7457291666667,-0.020833333333333332,-1.0,357.26945925055134,182.73054074944866,"left,right"
Recorder 3 0304 - 1004,04-05-2026,07:09:03,1.92069W,50.94217N,100%,7C,76%,3_20260405_070903.wav,AGC,48kHz,stereo,Part2,3_20260405_070903.wav,141.0,144.0,141.55722916666667,141.30722916666667,141.80722916666667,0.01953125,0.9375,2.559764521436577,177.4402354785634,"left,right"
Recorder 3 0304 - 1004,04-05-2026,07:09:03,1.92069W,50.94217N,100%,7C,76%,3_20260405_070903.wav,AGC,48kHz,stereo,Part2,3_20260405_070903.wav,258.0,261.0,259.0690625,258.8190625,259.3190625,-0.0013020833333333333,-0.0625,359.8294055433168,180.1705944566832,"left,right"
Recorder 3 0304 - 1004,04-05-2026,07:09:03,1.92069W,50.94217N,100%,7C,76%,3_20260405_070903.wav,AGC,48kHz,stereo,Part2,3_20260405_070903.wav,327.0,330.0,329.59954166666665,329.34954166666665,329.84954166666665,-0.01953125,-0.9375,357.4402354785634,182.5597645214366,"left,right"
Recorder 3 0304 - 1004,04-05-2026,07:09:03,1.92069W,50.94217N,100%,7C,76%,3_20260405_070903.wav,AGC,48kHz,stereo,Part2,3_20260405_070903.wav,453.0,456.0,454.0285,453.7785,454.2785,0.0013020833333333333,0.0625,0.1705944566832045,179.8294055433168,"left,right"
Recorder 3 0304 - 1004,04-05-2026,07:09:03,1.92069W,50.94217N,100%,7C,76%,3_20260405_070903.wav,AGC,48kHz,stereo,Part2,3_20260405_070903.wav,576.0,579.0,576.9523541666666,576.7023541666666,577.2023541666666,0.061197916666666664,2.9375,8.044330119461023,171.95566988053898,"left,right"
Recorder 3 0304 - 1004,04-05-2026,07:09:03,1.92069W,50.94217N,100%,7C,76%,3_20260405_070903.wav,AGC,48kHz,stereo,Part2,3_20260405_070903.wav,765.0,768.0,765.9285833333333,765.6785833333333,766.1785833333333,0.018229166666666668,0.8750000000000001,2.389011046620638,177.61098895337938,"left,right"
Recorder 3 0304 - 1004,04-05-2026,07:09:03,1.92069W,50.94217N,100%,7C,76%,3_20260405_070903.wav,AGC,48kHz,stereo,Part2,3_20260405_070903.wav,933.0,936.0,935.2225416666666,934.9725416666666,935.4725416666666,-0.0013020833333333333,-0.0625,359.8294055433168,180.1705944566832,"left,right"
Recorder 3 0304 - 1004,04-05-2026,07:09:03,1.92069W,50.94217N,100%,7C,76%,3_20260405_070903.wav,AGC,48kHz,stereo,Part2,3_20260405_070903.wav,1026.0,1029.0,1026.6858958333332,1026.4358958333332,1026.9358958333332,0.018229166666666668,0.8750000000000001,2.389011046620638,177.61098895337938,"left,right"
Recorder 3 0304 - 1004,04-05-2026,07:09:03,1.92069W,50.94217N,100%,7C,76%,3_20260405_070903.wav,AGC,48kHz,stereo,Part2,3_20260405_070903.wav,1113.0,1116.0,1114.4016666666666,1114.1516666666666,1114.6516666666666,0.0026041666666666665,0.125,0.34119042573000513,179.65880957426998,"left,right"
Recorder 3 0304 - 1004,04-05-2026,07:09:03,1.92069W,50.94217N,100%,7C,76%,3_20260405_070903.wav,AGC,48kHz,stereo,Part2,3_20260405_070903.wav,1191.0,1194.0,1192.2553958333333,1192.0053958333333,1192.5053958333333,0.08203125,3.9375000000000004,10.81147996339456,169.18852003660544,"left,right"
Recorder 3 0304 - 1004,04-05-2026,07:09:03,1.92069W,50.94217N,100%,7C,76%,3_20260405_070903.wav,AGC,48kHz,stereo,Part2,3_20260405_070903.wav,1308.0,1311.0,1308.8228958333334,1308.5728958333334,1309.0728958333334,0.0013020833333333333,0.0625,0.1705944566832045,179.8294055433168,"left,right"
Recorder 3 0304 - 1004,04-05-2026,07:09:03,1.92069W,50.94217N,100%,7C,76%,3_20260405_070903.wav,AGC,48kHz,stereo,Part2,3_20260405_070903.wav,1416.0,1419.0,1417.7824583333334,1417.5324583333334,1418.0324583333334,0.01953125,0.9375,2.559764521436577,177.4402354785634,"left,right"
Recorder 3 0304 - 1004,04-05-2026,07:09:03,1.92069W,50.94217N,100%,7C,76%,3_20260405_070903.wav,AGC,48kHz,stereo,Part2,3_20260405_070903.wav,1548.0,1551.0,1550.4340416666666,1550.1840416666666,1550.6840416666666,-0.0013020833333333333,-0.0625,359.8294055433168,180.1705944566832,"left,right"
Recorder 3 0304 - 1004,04-05-2026,07:09:03,1.92069W,50.94217N,100%,7C,76%,3_20260405_070903.wav,AGC,48kHz,stereo,Part2,3_20260405_070903.wav,1608.0,1611.0,1609.5315,1609.2815,1609.7815,-0.01953125,-0.9375,357.4402354785634,182.5597645214366,"left,right"
Recorder 3 0304 - 1004,04-05-2026,07:09:03,1.92069W,50.94217N,100%,7C,76%,3_20260405_070903.wav,AGC,48kHz,stereo,Part2,3_20260405_070903.wav,1728.0,1731.0,1728.3443333333332,1728.0943333333332,1728.5943333333332,0.01953125,0.9375,2.559764521436577,177.4402354785634,"left,right"
Recorder 3 0304 - 1004,04-05-2026,18:42:02,1.92069W,50.94217N,100%,12C,45%,3_20260405_184202.wav,AGC,48kHz,stereo,Part1,3_20260405_184202.wav,408.0,411.0,409.6578958333333,409.4078958333333,409.9078958333333,0.0013020833333333333,0.0625,0.1705944566832045,179.8294055433168,"left,right"
Recorder 3 0304 - 1004,04-05-2026,18:42:02,1.92069W,50.94217N,100%,12C,45%,3_20260405_184202.wav,AGC,48kHz,stereo,Part1,3_20260405_184202.wav,705.0,708.0,705.0100416666667,705.0,705.2600416666667,0.0,0.0,0.0,180.0,"left,right"
Recorder 3 0304 - 1004,04-05-2026,18:42:02,1.92069W,50.94217N,100%,12C,45%,3_20260405_184202.wav,AGC,48kHz,stereo,Part1,3_20260405_184202.wav,810.0,813.0,810.3061458333333,810.0561458333333,810.5561458333333,-0.3515625,-16.875,306.4952423443781,233.5047576556219,"left,right"
Recorder 3 0304 - 1004,04-05-2026,19:12:03,1.92069W,50.94217N,100%,12C,45%,3_20260405_191203.wav,AGC,48kHz,stereo,Part2,3_20260405_191203.wav,192.0,195.0,193.36816666666667,193.11816666666667,193.61816666666667,-0.022135416666666668,-1.0625,357.0986587424351,182.90134125756492,"left,right"
Recorder 3 0304 - 1004,04-05-2026,19:12:03,1.92069W,50.94217N,100%,12C,45%,3_20260405_191203.wav,AGC,48kHz,stereo,Part2,3_20260405_191203.wav,333.0,336.0,333.68,333.43,333.93,0.0,0.0,0.0,180.0,"left,right"
Recorder 3 0304 - 1004,04-05-2026,19:12:03,1.92069W,50.94217N,100%,12C,45%,3_20260405_191203.wav,AGC,48kHz,stereo,Part2,3_20260405_191203.wav,336.0,339.0,337.50039583333336,337.25039583333336,337.75039583333336,-0.0390625,-1.875,354.87534380982993,185.12465619017007,"left,right"
Recorder 3 0304 - 1004,04-05-2026,19:12:03,1.92069W,50.94217N,100%,12C,45%,3_20260405_191203.wav,AGC,48kHz,stereo,Part2,3_20260405_191203.wav,1065.0,1068.0,1067.0289375,1066.7789375,1067.2789375,0.0,0.0,0.0,180.0,"left,right"
Recorder 3 0304 - 1004,04-05-2026,19:12:03,1.92069W,50.94217N,100%,12C,45%,3_20260405_191203.wav,AGC,48kHz,stereo,Part2,3_20260405_191203.wav,1671.0,1674.0,1672.419875,1672.169875,1672.669875,0.041666666666666664,2.0,5.4673078282873036,174.5326921717127,"left,right"
Recorder 3 0304 - 1004,04-06-2026,06:39:02,1.92069W,50.94217N,100%,0C,91%,3_20260406_063902.wav,AGC,48kHz,stereo,Part1,3_20260406_063902.wav,174.0,177.0,175.0620625,174.8120625,175.3120625,-0.0013020833333333333,-0.0625,359.8294055433168,180.1705944566832,"left,right"
Recorder 3 0304 - 1004,04-06-2026,06:39:02,1.92069W,50.94217N,100%,0C,91%,3_20260406_063902.wav,AGC,48kHz,stereo,Part1,3_20260406_063902.wav,234.0,237.0,235.91995833333334,235.66995833333334,236.16995833333334,-0.0026041666666666665,-0.125,359.65880957427,180.34119042573002,"left,right"
Recorder 3 0304 - 1004,04-06-2026,06:39:02,1.92069W,50.94217N,100%,0C,91%,3_20260406_063902.wav,AGC,48kHz,stereo,Part1,3_20260406_063902.wav,351.0,354.0,353.57314583333334,353.32314583333334,353.82314583333334,0.0,0.0,0.0,180.0,"left,right"
Recorder 3 0304 - 1004,04-06-2026,06:39:02,1.92069W,50.94217N,100%,0C,91%,3_20260406_063902.wav,AGC,48kHz,stereo,Part1,3_20260406_063902.wav,453.0,456.0,453.8071458333333,453.5571458333333,454.0571458333333,-0.10546875,-5.0625,346.0442843123119,193.9557156876881,"left,right"
Recorder 3 0304 - 1004,04-06-2026,07:09:03,1.92069W,50.94217N,100%,0C,91%,3_20260406_070903.wav,AGC,48kHz,stereo,Part2,3_20260406_070903.wav,171.0,174.0,172.1075,171.8575,172.3575,0.0,0.0,0.0,180.0,"left,right"
Recorder 3 0304 - 1004,04-06-2026,07:09:03,1.92069W,50.94217N,100%,0C,91%,3_20260406_070903.wav,AGC,48kHz,stereo,Part2,3_20260406_070903.wav,741.0,744.0,743.4245,743.1745,743.6745,-0.020833333333333332,-1.0,357.26945925055134,182.73054074944866,"left,right"
Recorder 3 0304 - 1004,04-06-2026,19:12:03,1.92069W,50.94217N,100%,17C,43%,3_20260406_191203.wav,AGC,48kHz,stereo,Part2,3_20260406_191203.wav,756.0,759.0,757.1796666666667,756.9296666666667,757.4296666666667,0.0,0.0,0.0,180.0,"left,right"
Recorder 3 0304 - 1004,04-06-2026,19:12:03,1.92069W,50.94217N,100%,17C,43%,3_20260406_191203.wav,AGC,48kHz,stereo,Part2,3_20260406_191203.wav,1254.0,1257.0,1255.9325208333332,1255.6825208333332,1256.1825208333332,-0.020833333333333332,-1.0,357.26945925055134,182.73054074944866,"left,right"
Recorder 3 0304 - 1004,04-07-2026,06:39:02,1.92069W,50.94217N,100%,6C,78%,3_20260407_063902.wav,AGC,48kHz,stereo,Part1,3_20260407_063902.wav,81.0,84.0,83.41672916666667,83.16672916666667,83.66672916666667,0.0013020833333333333,0.0625,0.1705944566832045,179.8294055433168,"left,right"
Recorder 3 0304 - 1004,04-07-2026,06:39:02,1.92069W,50.94217N,100%,6C,78%,3_20260407_063902.wav,AGC,48kHz,stereo,Part1,3_20260407_063902.wav,201.0,204.0,202.8238125,202.5738125,203.0738125,-0.020833333333333332,-1.0,357.26945925055134,182.73054074944866,"left,right"
Recorder 3 0304 - 1004,04-07-2026,06:39:02,1.92069W,50.94217N,100%,6C,78%,3_20260407_063902.wav,AGC,48kHz,stereo,Part1,3_20260407_063902.wav,321.0,324.0,322.73285416666664,322.48285416666664,322.98285416666664,-0.018229166666666668,-0.8750000000000001,357.6109889533793,182.38901104662065,"left,right"
Recorder 3 0304 - 1004,04-07-2026,06:39:02,1.92069W,50.94217N,100%,6C,78%,3_20260407_063902.wav,AGC,48kHz,stereo,Part1,3_20260407_063902.wav,456.0,459.0,456.9564375,456.7064375,457.2064375,-0.020833333333333332,-1.0,357.26945925055134,182.73054074944866,"left,right"
Recorder 3 0304 - 1004,04-07-2026,06:39:02,1.92069W,50.94217N,100%,6C,78%,3_20260407_063902.wav,AGC,48kHz,stereo,Part1,3_20260407_063902.wav,795.0,798.0,796.6973333333333,796.4473333333333,796.9473333333333,-0.018229166666666668,-0.8750000000000001,357.6109889533793,182.38901104662065,"left,right"
Recorder 3 0304 - 1004,04-07-2026,07:09:03,1.92069W,50.94217N,100%,6C,78%,3_20260407_070903.wav,AGC,48kHz,stereo,Part2,3_20260407_070903.wav,540.0,543.0,542.419,542.169,542.669,0.0,0.0,0.0,180.0,"left,right"
Recorder 3 0304 - 1004,04-07-2026,07:09:03,1.92069W,50.94217N,100%,6C,78%,3_20260407_070903.wav,AGC,48kHz,stereo,Part2,3_20260407_070903.wav,1644.0,1647.0,1646.1982291666666,1645.9482291666666,1646.4482291666666,0.0013020833333333333,0.0625,0.1705944566832045,179.8294055433168,"left,right"
Recorder 3 0304 - 1004,04-07-2026,18:42:02,1.92069W,50.94217N,100%,18C,47%,3_20260407_184202.wav,AGC,48kHz,stereo,Part1,3_20260407_184202.wav,729.0,732.0,731.7534166666667,731.5034166666667,732.0,0.01953125,0.9375,2.559764521436577,177.4402354785634,"left,right"
Recorder 3 0304 - 1004,04-07-2026,18:42:02,1.92069W,50.94217N,100%,18C,47%,3_20260407_184202.wav,AGC,48kHz,stereo,Part1,3_20260407_184202.wav,873.0,876.0,874.0305208333333,873.7805208333333,874.2805208333333,-0.01953125,-0.9375,357.4402354785634,182.5597645214366,"left,right"
Recorder 3 0304 - 1004,04-07-2026,18:42:02,1.92069W,50.94217N,100%,18C,47%,3_20260407_184202.wav,AGC,48kHz,stereo,Part1,3_20260407_184202.wav,1044.0,1047.0,1045.8872916666667,1045.6372916666667,1046.1372916666667,0.0013020833333333333,0.0625,0.1705944566832045,179.8294055433168,"left,right"
Recorder 3 0304 - 1004,04-07-2026,18:42:02,1.92069W,50.94217N,100%,18C,47%,3_20260407_184202.wav,AGC,48kHz,stereo,Part1,3_20260407_184202.wav,1185.0,1188.0,1186.4995416666666,1186.2495416666666,1186.7495416666666,0.0,0.0,0.0,180.0,"left,right"
Recorder 3 0304 - 1004,04-07-2026,18:42:02,1.92069W,50.94217N,100%,18C,47%,3_20260407_184202.wav,AGC,48kHz,stereo,Part1,3_20260407_184202.wav,1305.0,1308.0,1307.4095,1307.1595,1307.6595,0.0,0.0,0.0,180.0,"left,right"
Recorder 3 0304 - 1004,04-07-2026,18:42:02,1.92069W,50.94217N,100%,18C,47%,3_20260407_184202.wav,AGC,48kHz,stereo,Part1,3_20260407_184202.wav,1560.0,1563.0,1561.6657291666668,1561.4157291666668,1561.9157291666668,0.0,0.0,0.0,180.0,"left,right"
Recorder 3 0304 - 1004,04-07-2026,18:42:02,1.92069W,50.94217N,100%,18C,47%,3_20260407_184202.wav,AGC,48kHz,stereo,Part1,3_20260407_184202.wav,1680.0,1683.0,1682.1544583333334,1681.9044583333334,1682.4044583333334,0.0,0.0,0.0,180.0,"left,right"
Recorder 3 0304 - 1004,04-07-2026,19:12:03,1.92069W,50.94217N,100%,18C,47%,3_20260407_191203.wav,AGC,48kHz,stereo,Part2,3_20260407_191203.wav,93.0,96.0,95.60425,95.35425,95.85425,0.0,0.0,0.0,180.0,"left,right"
Recorder 3 0304 - 1004,04-07-2026,19:12:03,1.92069W,50.94217N,100%,18C,47%,3_20260407_191203.wav,AGC,48kHz,stereo,Part2,3_20260407_191203.wav,348.0,351.0,349.8318958333333,349.5818958333333,350.0818958333333,0.018229166666666668,0.8750000000000001,2.389011046620638,177.61098895337938,"left,right"
Recorder 3 0304 - 1004,04-07-2026,19:12:03,1.92069W,50.94217N,100%,18C,47%,3_20260407_191203.wav,AGC,48kHz,stereo,Part2,3_20260407_191203.wav,459.0,462.0,461.4405208333333,461.1905208333333,461.6905208333333,0.0013020833333333333,0.0625,0.1705944566832045,179.8294055433168,"left,right"
Recorder 3 0304 - 1004,04-07-2026,19:12:03,1.92069W,50.94217N,100%,18C,47%,3_20260407_191203.wav,AGC,48kHz,stereo,Part2,3_20260407_191203.wav,570.0,573.0,570.90725,570.65725,571.15725,0.0026041666666666665,0.125,0.34119042573000513,179.65880957426998,"left,right"
Recorder 3 0304 - 1004,04-07-2026,19:12:03,1.92069W,50.94217N,100%,18C,47%,3_20260407_191203.wav,AGC,48kHz,stereo,Part2,3_20260407_191203.wav,657.0,660.0,659.7534375,659.5034375,660.0,-0.0013020833333333333,-0.0625,359.8294055433168,180.1705944566832,"left,right"
Recorder 3 0304 - 1004,04-07-2026,19:12:03,1.92069W,50.94217N,100%,18C,47%,3_20260407_191203.wav,AGC,48kHz,stereo,Part2,3_20260407_191203.wav,840.0,843.0,840.7911875,840.5411875,841.0411875,0.020833333333333332,1.0,2.730540749448636,177.26945925055136,"left,right"
Recorder 3 0304 - 1004,04-07-2026,19:12:03,1.92069W,50.94217N,100%,18C,47%,3_20260407_191203.wav,AGC,48kHz,stereo,Part2,3_20260407_191203.wav,1095.0,1098.0,1097.6657916666666,1097.4157916666666,1097.9157916666666,0.0013020833333333333,0.0625,0.1705944566832045,179.8294055433168,"left,right"
Recorder 3 0304 - 1004,04-08-2026,06:39:02,1.92069W,50.94217N,100%,9C,79%,3_20260408_063902.wav,AGC,48kHz,stereo,Part1,3_20260408_063902.wav,972.0,975.0,972.9780833333333,972.7280833333333,973.2280833333333,0.0,0.0,0.0,180.0,"left,right"
Recorder 3 0304 - 1004,04-08-2026,18:42:02,1.92069W,50.94217N,100%,25C,51%,3_20260408_184202.wav,AGC,48kHz,stereo,Part1,3_20260408_184202.wav,90.0,93.0,90.72616666666667,90.47616666666667,90.97616666666667,0.0,0.0,0.0,180.0,"left,right"
Recorder 3 0304 - 1004,04-08-2026,18:42:02,1.92069W,50.94217N,100%,25C,51%,3_20260408_184202.wav,AGC,48kHz,stereo,Part1,3_20260408_184202.wav,177.0,180.0,179.1921875,178.9421875,179.4421875,0.0,0.0,0.0,180.0,"left,right"
Recorder 3 0304 - 1004,04-08-2026,18:42:02,1.92069W,50.94217N,100%,25C,51%,3_20260408_184202.wav,AGC,48kHz,stereo,Part1,3_20260408_184202.wav,321.0,324.0,321.0285416666667,321.0,321.2785416666667,0.0390625,1.875,5.124656190170086,174.87534380982993,"left,right"
Recorder 3 0304 - 1004,04-08-2026,18:42:02,1.92069W,50.94217N,100%,25C,51%,3_20260408_184202.wav,AGC,48kHz,stereo,Part1,3_20260408_184202.wav,348.0,351.0,350.6080625,350.3580625,350.8580625,0.0,0.0,0.0,180.0,"left,right"
Recorder 3 0304 - 1004,04-08-2026,18:42:02,1.92069W,50.94217N,100%,25C,51%,3_20260408_184202.wav,AGC,48kHz,stereo,Part1,3_20260408_184202.wav,453.0,456.0,455.57295833333336,455.32295833333336,455.82295833333336,0.4166666666666667,20.0,72.32192951701641,107.67807048298359,"left,right"
Recorder 3 0304 - 1004,04-08-2026,18:42:02,1.92069W,50.94217N,100%,25C,51%,3_20260408_184202.wav,AGC,48kHz,stereo,Part1,3_20260408_184202.wav,456.0,459.0,456.04875,456.0,456.29875,0.0,0.0,0.0,180.0,"left,right"
Recorder 3 0304 - 1004,04-08-2026,18:42:02,1.92069W,50.94217N,100%,25C,51%,3_20260408_184202.wav,AGC,48kHz,stereo,Part1,3_20260408_184202.wav,543.0,546.0,543.6904583333334,543.4404583333334,543.9404583333334,0.0,0.0,0.0,180.0,"left,right"
Recorder 3 0304 - 1004,04-08-2026,18:42:02,1.92069W,50.94217N,100%,25C,51%,3_20260408_184202.wav,AGC,48kHz,stereo,Part1,3_20260408_184202.wav,873.0,876.0,873.6626458333334,873.4126458333334,873.9126458333334,-0.01953125,-0.9375,357.4402354785634,182.5597645214366,"left,right"
Recorder 3 0304 - 1004,04-08-2026,18:42:02,1.92069W,50.94217N,100%,25C,51%,3_20260408_184202.wav,AGC,48kHz,stereo,Part1,3_20260408_184202.wav,1080.0,1083.0,1082.11025,1081.86025,1082.36025,0.0,0.0,0.0,180.0,"left,right"
Recorder 3 0304 - 1004,04-08-2026,18:42:02,1.92069W,50.94217N,100%,25C,51%,3_20260408_184202.wav,AGC,48kHz,stereo,Part1,3_20260408_184202.wav,1149.0,1152.0,1151.7811875,1151.5311875,1152.0,0.0,0.0,0.0,180.0,"left,right"
Recorder 3 0304 - 1004,04-08-2026,18:42:02,1.92069W,50.94217N,100%,25C,51%,3_20260408_184202.wav,AGC,48kHz,stereo,Part1,3_20260408_184202.wav,1200.0,1203.0,1201.4838333333332,1201.2338333333332,1201.7338333333332,0.0,0.0,0.0,180.0,"left,right"
Recorder 3 0304 - 1004,04-08-2026,18:42:02,1.92069W,50.94217N,100%,25C,51%,3_20260408_184202.wav,AGC,48kHz,stereo,Part1,3_20260408_184202.wav,1320.0,1323.0,1321.3068541666667,1321.0568541666667,1321.5568541666667,0.0,0.0,0.0,180.0,"left,right"
Recorder 3 0304 - 1004,04-08-2026,18:42:02,1.92069W,50.94217N,100%,25C,51%,3_20260408_184202.wav,AGC,48kHz,stereo,Part1,3_20260408_184202.wav,1374.0,1377.0,1374.4884375,1374.2384375,1374.7384375,0.0,0.0,0.0,180.0,"left,right"
Recorder 3 0304 - 1004,04-08-2026,18:42:02,1.92069W,50.94217N,100%,25C,51%,3_20260408_184202.wav,AGC,48kHz,stereo,Part1,3_20260408_184202.wav,1569.0,1572.0,1571.3627291666667,1571.1127291666667,1571.6127291666667,-0.01953125,-0.9375,357.4402354785634,182.5597645214366,"left,right"
Recorder 3 0304 - 1004,04-08-2026,19:12:03,1.92069W,50.94217N,100%,25C,51%,3_20260408_191203.wav,AGC,48kHz,stereo,Part2,3_20260408_191203.wav,297.0,300.0,297.427125,297.177125,297.677125,0.0,0.0,0.0,180.0,"left,right"
Recorder 3 0304 - 1004,04-08-2026,19:12:03,1.92069W,50.94217N,100%,25C,51%,3_20260408_191203.wav,AGC,48kHz,stereo,Part2,3_20260408_191203.wav,588.0,591.0,588.0745208333333,588.0,588.3245208333333,0.0,0.0,0.0,180.0,"left,right"
Recorder 3 0304 - 1004,04-08-2026,19:12:03,1.92069W,50.94217N,100%,25C,51%,3_20260408_191203.wav,AGC,48kHz,stereo,Part2,3_20260408_191203.wav,1305.0,1308.0,1305.7393333333334,1305.4893333333334,1305.9893333333334,0.0,0.0,0.0,180.0,"left,right"
Recorder 3 0304 - 1004,04-08-2026,19:12:03,1.92069W,50.94217N,100%,25C,51%,3_20260408_191203.wav,AGC,48kHz,stereo,Part2,3_20260408_191203.wav,1488.0,1491.0,1489.9169583333332,1489.6669583333332,1490.1669583333332,0.0,0.0,0.0,180.0,"left,right"
Recorder 3 0304 - 1004,04-08-2026,19:12:03,1.92069W,50.94217N,100%,25C,51%,3_20260408_191203.wav,AGC,48kHz,stereo,Part2,3_20260408_191203.wav,1728.0,1731.0,1728.0220625,1728.0,1728.2720625,0.0,0.0,0.0,180.0,"left,right"
Recorder 3 0304 - 1004,04-09-2026,06:39:02,1.92069W,50.94217N,100%,8C,94%,3_20260409_063902.wav,AGC,48kHz,stereo,Part1,3_20260409_063902.wav,1488.0,1491.0,1488.1143125,1488.0,1488.3643125,0.0,0.0,0.0,180.0,"left,right"
Recorder 3 0304 - 1004,04-09-2026,07:09:03,1.92069W,50.94217N,100%,8C,94%,3_20260409_070903.wav,AGC,48kHz,stereo,Part2,3_20260409_070903.wav,990.0,993.0,992.3345833333333,992.0845833333333,992.5845833333333,0.0,0.0,0.0,180.0,"left,right"
Recorder 3 0304 - 1004,04-10-2026,07:09:03,1.92069W,50.94217N,100%,3C,78%,3_20260410_070903.wav,AGC,48kHz,stereo,Part2,3_20260410_070903.wav,192.0,195.0,194.62654166666667,194.37654166666667,194.87654166666667,0.1640625,7.875000000000001,22.033970367999984,157.96602963200002,"left,right"
Recorder 4 - 0304 to 1004,04-03-2026,06:39:06,1.92136W,50.94017N,100%,16C,72%,4_20260403_063906.wav,AGC,48kHz,stereo,Part1,4_20260403_063906.wav,1203.0,1206.0,1203.1177916666666,1203.0,1203.3677916666666,0.0,0.0,0.0,180.0,"left,right"
Recorder 4 - 0304 to 1004,04-03-2026,07:09:07,1.92136W,50.94017N,100%,16C,72%,4_20260403_070907.wav,AGC,48kHz,stereo,Part2,4_20260403_070907.wav,339.0,342.0,339.94058333333334,339.69058333333334,340.19058333333334,-0.01953125,-0.9375,357.4402354785634,182.5597645214366,"left,right"
Recorder 4 - 0304 to 1004,04-03-2026,07:09:07,1.92136W,50.94017N,100%,16C,72%,4_20260403_070907.wav,AGC,48kHz,stereo,Part2,4_20260403_070907.wav,927.0,930.0,927.8294375,927.5794375,928.0794375,-0.018229166666666668,-0.8750000000000001,357.6109889533793,182.38901104662065,"left,right"
Recorder 4 - 0304 to 1004,04-05-2026,06:39:02,1.92134W,50.94018N,100%,13C,59%,4_20260405_063902.wav,AGC,48kHz,stereo,Part1,4_20260405_063902.wav,174.0,177.0,174.76427083333334,174.51427083333334,175.01427083333334,-0.0013020833333333333,-0.0625,359.8294055433168,180.1705944566832,"left,right"
Recorder 4 - 0304 to 1004,04-05-2026,06:39:02,1.92134W,50.94018N,100%,13C,59%,4_20260405_063902.wav,AGC,48kHz,stereo,Part1,4_20260405_063902.wav,417.0,420.0,419.868,419.618,420.0,-0.01953125,-0.9375,357.4402354785634,182.5597645214366,"left,right"
Recorder 4 - 0304 to 1004,04-05-2026,06:39:02,1.92134W,50.94018N,100%,13C,59%,4_20260405_063902.wav,AGC,48kHz,stereo,Part1,4_20260405_063902.wav,549.0,552.0,549.6727916666666,549.4227916666666,549.9227916666666,0.0,0.0,0.0,180.0,"left,right"
Recorder 4 - 0304 to 1004,04-05-2026,07:09:03,1.92134W,50.94018N,100%,13C,59%,4_20260405_070903.wav,AGC,48kHz,stereo,Part2,4_20260405_070903.wav,1521.0,1524.0,1522.855375,1522.605375,1523.105375,0.0,0.0,0.0,180.0,"left,right"
Recorder 4 - 0304 to 1004,04-05-2026,07:09:03,1.92134W,50.94018N,100%,13C,59%,4_20260405_070903.wav,AGC,48kHz,stereo,Part2,4_20260405_070903.wav,1623.0,1626.0,1623.2260208333332,1623.0,1623.4760208333332,0.0,0.0,0.0,180.0,"left,right"
Recorder 4 - 0304 to 1004,04-07-2026,07:09:03,1.92134W,50.94018N,100%,21C,39%,4_20260407_070903.wav,AGC,48kHz,stereo,Part2,4_20260407_070903.wav,1308.0,1311.0,1309.1867291666667,1308.9367291666667,1309.4367291666667,0.0,0.0,0.0,180.0,"left,right"
Recorder 4 - 0304 to 1004,04-09-2026,06:39:02,1.92134W,50.94018N,100%,19C,62%,4_20260409_063902.wav,AGC,48kHz,stereo,Part1,4_20260409_063902.wav,603.0,606.0,605.5765625,605.3265625,605.8265625,0.020833333333333332,1.0,2.730540749448636,177.26945925055136,"left,right"
Recorder 4 - 0304 to 1004,04-09-2026,06:39:02,1.92134W,50.94018N,100%,19C,62%,4_20260409_063902.wav,AGC,48kHz,stereo,Part1,4_20260409_063902.wav,1302.0,1305.0,1303.7240416666666,1303.4740416666666,1303.9740416666666,0.0,0.0,0.0,180.0,"left,right"
Recorder 4 - 0304 to 1004,04-09-2026,06:39:02,1.92134W,50.94018N,100%,19C,62%,4_20260409_063902.wav,AGC,48kHz,stereo,Part1,4_20260409_063902.wav,1665.0,1668.0,1666.8420208333334,1666.5920208333334,1667.0920208333334,0.0013020833333333333,0.0625,0.1705944566832045,179.8294055433168,"left,right"
Recorder 4 - 0304 to 1004,04-09-2026,07:09:03,1.92134W,50.94018N,100%,19C,62%,4_20260409_070903.wav,AGC,48kHz,stereo,Part2,4_20260409_070903.wav,57.0,60.0,58.15289583333333,57.90289583333333,58.40289583333333,0.01953125,0.9375,2.559764521436577,177.4402354785634,"left,right"
Recorder 4 - 0304 to 1004,04-09-2026,07:09:03,1.92134W,50.94018N,100%,19C,62%,4_20260409_070903.wav,AGC,48kHz,stereo,Part2,4_20260409_070903.wav,177.0,180.0,177.17052083333334,177.0,177.42052083333334,0.0,0.0,0.0,180.0,"left,right"
Recorder 4 - 0304 to 1004,04-09-2026,07:09:03,1.92134W,50.94018N,100%,19C,62%,4_20260409_070903.wav,AGC,48kHz,stereo,Part2,4_20260409_070903.wav,315.0,318.0,317.31308333333334,317.06308333333334,317.56308333333334,0.0,0.0,0.0,180.0,"left,right"
Recorder 4 - 0304 to 1004,04-09-2026,07:09:03,1.92134W,50.94018N,100%,19C,62%,4_20260409_070903.wav,AGC,48kHz,stereo,Part2,4_20260409_070903.wav,411.0,414.0,413.05435416666666,412.80435416666666,413.30435416666666,0.0,0.0,0.0,180.0,"left,right"
Recorder 4 - 0304 to 1004,04-09-2026,07:09:03,1.92134W,50.94018N,100%,19C,62%,4_20260409_070903.wav,AGC,48kHz,stereo,Part2,4_20260409_070903.wav,540.0,543.0,541.4709583333333,541.2209583333333,541.7209583333333,-0.0013020833333333333,-0.0625,359.8294055433168,180.1705944566832,"left,right"
Recorder 4 - 0304 to 1004,04-10-2026,07:09:03,1.92134W,50.94018N,100%,15C,44%,4_20260410_070903.wav,AGC,48kHz,stereo,Part2,4_20260410_070903.wav,1038.0,1041.0,1040.1375,1039.8875,1040.3875,0.0,0.0,0.0,180.0,"left,right"
Recorder 5 - 0304 to 1004,04-03-2026,18:42:07,1.77608W,51.03428N,100%,12C,89%,5_20260403_184207.wav,AGC,48kHz,stereo,Part1,5_20260403_184207.wav,432.0,435.0,433.5908125,433.3408125,433.8408125,-0.01953125,-0.9375,357.4402354785634,182.5597645214366,"left,right"
Recorder 5 - 0304 to 1004,04-03-2026,18:42:07,1.77608W,51.03428N,100%,12C,89%,5_20260403_184207.wav,AGC,48kHz,stereo,Part1,5_20260403_184207.wav,1140.0,1143.0,1142.770875,1142.520875,1143.0,-0.01953125,-0.9375,357.4402354785634,182.5597645214366,"left,right"
Recorder 5 - 0304 to 1004,04-03-2026,18:42:07,1.77608W,51.03428N,100%,12C,89%,5_20260403_184207.wav,AGC,48kHz,stereo,Part1,5_20260403_184207.wav,1266.0,1269.0,1267.9130833333334,1267.6630833333334,1268.1630833333334,0.0013020833333333333,0.0625,0.1705944566832045,179.8294055433168,"left,right"
Recorder 5 - 0304 to 1004,04-03-2026,18:42:07,1.77608W,51.03428N,100%,12C,89%,5_20260403_184207.wav,AGC,48kHz,stereo,Part1,5_20260403_184207.wav,1371.0,1374.0,1373.0230208333332,1372.7730208333332,1373.2730208333332,-0.01953125,-0.9375,357.4402354785634,182.5597645214366,"left,right"
Recorder 5 - 0304 to 1004,04-03-2026,19:12:09,1.77608W,51.03428N,100%,12C,89%,5_20260403_191209.wav,AGC,48kHz,stereo,Part2,5_20260403_191209.wav,324.0,327.0,325.405625,325.155625,325.655625,0.16536458333333334,7.9375,22.21812635470566,157.78187364529435,"left,right"
Recorder 5 - 0304 to 1004,04-03-2026,19:12:09,1.77608W,51.03428N,100%,12C,89%,5_20260403_191209.wav,AGC,48kHz,stereo,Part2,5_20260403_191209.wav,651.0,654.0,653.3815,653.1315,653.6315,-0.01953125,-0.9375,357.4402354785634,182.5597645214366,"left,right"
Recorder 5 - 0304 to 1004,04-03-2026,19:12:09,1.77608W,51.03428N,100%,12C,89%,5_20260403_191209.wav,AGC,48kHz,stereo,Part2,5_20260403_191209.wav,825.0,828.0,825.6988958333334,825.4488958333334,825.9488958333334,0.0,0.0,0.0,180.0,"left,right"
Recorder 5 - 0304 to 1004,04-03-2026,19:12:09,1.77608W,51.03428N,100%,12C,89%,5_20260403_191209.wav,AGC,48kHz,stereo,Part2,5_20260403_191209.wav,972.0,975.0,972.1133333333333,972.0,972.3633333333333,-0.022135416666666668,-1.0625,357.0986587424351,182.90134125756492,"left,right"
Recorder 5 - 0304 to 1004,04-03-2026,19:12:09,1.77608W,51.03428N,100%,12C,89%,5_20260403_191209.wav,AGC,48kHz,stereo,Part2,5_20260403_191209.wav,1095.0,1098.0,1096.8911666666668,1096.6411666666668,1097.1411666666668,0.018229166666666668,0.8750000000000001,2.389011046620638,177.61098895337938,"left,right"
Recorder 5 - 0304 to 1004,04-03-2026,19:12:09,1.77608W,51.03428N,100%,12C,89%,5_20260403_191209.wav,AGC,48kHz,stereo,Part2,5_20260403_191209.wav,1245.0,1248.0,1246.7806458333334,1246.5306458333334,1247.0306458333334,-0.0013020833333333333,-0.0625,359.8294055433168,180.1705944566832,"left,right"
Recorder 5 - 0304 to 1004,04-03-2026,19:12:09,1.77608W,51.03428N,100%,12C,89%,5_20260403_191209.wav,AGC,48kHz,stereo,Part2,5_20260403_191209.wav,1551.0,1554.0,1553.43725,1553.18725,1553.68725,0.0,0.0,0.0,180.0,"left,right"
Recorder 5 - 0304 to 1004,04-03-2026,19:12:09,1.77608W,51.03428N,100%,12C,89%,5_20260403_191209.wav,AGC,48kHz,stereo,Part2,5_20260403_191209.wav,1671.0,1674.0,1673.5154375,1673.2654375,1673.7654375,-0.020833333333333332,-1.0,357.26945925055134,182.73054074944866,"left,right"
Recorder 5 - 0304 to 1004,04-04-2026,06:39:02,1.92338W,50.94177N,100%,7C,94%,5_20260404_063902.wav,AGC,48kHz,stereo,Part1,5_20260404_063902.wav,450.0,453.0,452.21877083333334,451.96877083333334,452.46877083333334,0.0,0.0,0.0,180.0,"left,right"
Recorder 5 - 0304 to 1004,04-04-2026,06:39:02,1.92338W,50.94177N,100%,7C,94%,5_20260404_063902.wav,AGC,48kHz,stereo,Part1,5_20260404_063902.wav,1704.0,1707.0,1705.6180416666666,1705.3680416666666,1705.8680416666666,-0.018229166666666668,-0.8750000000000001,357.6109889533793,182.38901104662065,"left,right"
Recorder 5 - 0304 to 1004,04-04-2026,07:09:03,1.92338W,50.94177N,100%,7C,94%,5_20260404_070903.wav,AGC,48kHz,stereo,Part2,5_20260404_070903.wav,24.0,27.0,25.275083333333335,25.025083333333335,25.525083333333335,0.0,0.0,0.0,180.0,"left,right"
Recorder 5 - 0304 to 1004,04-04-2026,07:09:03,1.92338W,50.94177N,100%,7C,94%,5_20260404_070903.wav,AGC,48kHz,stereo,Part2,5_20260404_070903.wav,270.0,273.0,271.610875,271.360875,271.860875,0.0,0.0,0.0,180.0,"left,right"
Recorder 5 - 0304 to 1004,04-04-2026,07:09:03,1.92338W,50.94177N,100%,7C,94%,5_20260404_070903.wav,AGC,48kHz,stereo,Part2,5_20260404_070903.wav,462.0,465.0,464.58075,464.33075,464.83075,0.018229166666666668,0.8750000000000001,2.389011046620638,177.61098895337938,"left,right"
Recorder 5 - 0304 to 1004,04-04-2026,07:09:03,1.92338W,50.94177N,100%,7C,94%,5_20260404_070903.wav,AGC,48kHz,stereo,Part2,5_20260404_070903.wav,465.0,468.0,465.041125,465.0,465.291125,0.0,0.0,0.0,180.0,"left,right"
Recorder 5 - 0304 to 1004,04-04-2026,07:09:03,1.92338W,50.94177N,100%,7C,94%,5_20260404_070903.wav,AGC,48kHz,stereo,Part2,5_20260404_070903.wav,1176.0,1179.0,1178.8173125,1178.5673125,1179.0,0.0,0.0,0.0,180.0,"left,right"
Recorder 5 - 0304 to 1004,04-04-2026,07:09:03,1.92338W,50.94177N,100%,7C,94%,5_20260404_070903.wav,AGC,48kHz,stereo,Part2,5_20260404_070903.wav,1293.0,1296.0,1293.9557291666667,1293.7057291666667,1294.2057291666667,-0.018229166666666668,-0.8750000000000001,357.6109889533793,182.38901104662065,"left,right"
Recorder 5 - 0304 to 1004,04-05-2026,06:39:02,1.92338W,50.94177N,100%,6C,79%,5_20260405_063902.wav,AGC,48kHz,stereo,Part1,5_20260405_063902.wav,246.0,249.0,247.23175,246.98175,247.48175,-0.01953125,-0.9375,357.4402354785634,182.5597645214366,"left,right"
Recorder 5 - 0304 to 1004,04-05-2026,06:39:02,1.92338W,50.94177N,100%,6C,79%,5_20260405_063902.wav,AGC,48kHz,stereo,Part1,5_20260405_063902.wav,519.0,522.0,521.2228541666667,520.9728541666667,521.4728541666667,0.0,0.0,0.0,180.0,"left,right"
Recorder 5 - 0304 to 1004,04-05-2026,06:39:02,1.92338W,50.94177N,100%,6C,79%,5_20260405_063902.wav,AGC,48kHz,stereo,Part1,5_20260405_063902.wav,663.0,666.0,665.3116875,665.0616875,665.5616875,-0.022135416666666668,-1.0625,357.0986587424351,182.90134125756492,"left,right"
Recorder 5 - 0304 to 1004,04-05-2026,06:39:02,1.92338W,50.94177N,100%,6C,79%,5_20260405_063902.wav,AGC,48kHz,stereo,Part1,5_20260405_063902.wav,927.0,930.0,929.9413333333333,929.6913333333333,930.0,-0.01953125,-0.9375,357.4402354785634,182.5597645214366,"left,right"
Recorder 5 - 0304 to 1004,04-05-2026,06:39:02,1.92338W,50.94177N,100%,6C,79%,5_20260405_063902.wav,AGC,48kHz,stereo,Part1,5_20260405_063902.wav,1272.0,1275.0,1272.5749583333334,1272.3249583333334,1272.8249583333334,-0.01953125,-0.9375,357.4402354785634,182.5597645214366,"left,right"
Recorder 5 - 0304 to 1004,04-05-2026,06:39:02,1.92338W,50.94177N,100%,6C,79%,5_20260405_063902.wav,AGC,48kHz,stereo,Part1,5_20260405_063902.wav,1503.0,1506.0,1503.600625,1503.350625,1503.850625,0.0,0.0,0.0,180.0,"left,right"
Recorder 5 - 0304 to 1004,04-05-2026,06:39:02,1.92338W,50.94177N,100%,6C,79%,5_20260405_063902.wav,AGC,48kHz,stereo,Part1,5_20260405_063902.wav,1704.0,1707.0,1705.3040208333334,1705.0540208333334,1705.5540208333334,0.0,0.0,0.0,180.0,"left,right"
Recorder 5 - 0304 to 1004,04-05-2026,07:09:03,1.92338W,50.94177N,100%,6C,79%,5_20260405_070903.wav,AGC,48kHz,stereo,Part2,5_20260405_070903.wav,138.0,141.0,140.80479166666666,140.55479166666666,141.0,0.0,0.0,0.0,180.0,"left,right"
Recorder 5 - 0304 to 1004,04-05-2026,07:09:03,1.92338W,50.94177N,100%,6C,79%,5_20260405_070903.wav,AGC,48kHz,stereo,Part2,5_20260405_070903.wav,141.0,144.0,141.17783333333333,141.0,141.42783333333333,0.0013020833333333333,0.0625,0.1705944566832045,179.8294055433168,"left,right"
Recorder 5 - 0304 to 1004,04-05-2026,07:09:03,1.92338W,50.94177N,100%,6C,79%,5_20260405_070903.wav,AGC,48kHz,stereo,Part2,5_20260405_070903.wav,255.0,258.0,255.6015625,255.3515625,255.8515625,0.0013020833333333333,0.0625,0.1705944566832045,179.8294055433168,"left,right"
Recorder 5 - 0304 to 1004,04-05-2026,07:09:03,1.92338W,50.94177N,100%,6C,79%,5_20260405_070903.wav,AGC,48kHz,stereo,Part2,5_20260405_070903.wav,258.0,261.0,259.4499375,259.1999375,259.6999375,-0.01953125,-0.9375,357.4402354785634,182.5597645214366,"left,right"
Recorder 5 - 0304 to 1004,04-05-2026,07:09:03,1.92338W,50.94177N,100%,6C,79%,5_20260405_070903.wav,AGC,48kHz,stereo,Part2,5_20260405_070903.wav,933.0,936.0,935.1909791666667,934.9409791666667,935.4409791666667,0.0,0.0,0.0,180.0,"left,right"
Recorder 5 - 0304 to 1004,04-05-2026,07:09:03,1.92338W,50.94177N,100%,6C,79%,5_20260405_070903.wav,AGC,48kHz,stereo,Part2,5_20260405_070903.wav,1113.0,1116.0,1114.3621041666668,1114.1121041666668,1114.6121041666668,0.0013020833333333333,0.0625,0.1705944566832045,179.8294055433168,"left,right"
Recorder 5 - 0304 to 1004,04-05-2026,07:09:03,1.92338W,50.94177N,100%,6C,79%,5_20260405_070903.wav,AGC,48kHz,stereo,Part2,5_20260405_070903.wav,1191.0,1194.0,1193.628,1193.378,1193.878,0.0,0.0,0.0,180.0,"left,right"
Recorder 5 - 0304 to 1004,04-05-2026,07:09:03,1.92338W,50.94177N,100%,6C,79%,5_20260405_070903.wav,AGC,48kHz,stereo,Part2,5_20260405_070903.wav,1341.0,1344.0,1341.3563541666667,1341.1063541666667,1341.6063541666667,-0.020833333333333332,-1.0,357.26945925055134,182.73054074944866,"left,right"
Recorder 5 - 0304 to 1004,04-05-2026,18:42:02,1.92338W,50.94177N,100%,12C,47%,5_20260405_184202.wav,AGC,48kHz,stereo,Part1,5_20260405_184202.wav,90.0,93.0,91.25577083333333,91.00577083333333,91.50577083333333,-0.0013020833333333333,-0.0625,359.8294055433168,180.1705944566832,"left,right"
Recorder 5 - 0304 to 1004,04-05-2026,18:42:02,1.92338W,50.94177N,100%,12C,47%,5_20260405_184202.wav,AGC,48kHz,stereo,Part1,5_20260405_184202.wav,495.0,498.0,496.532625,496.282625,496.782625,0.020833333333333332,1.0,2.730540749448636,177.26945925055136,"left,right"
Recorder 5 - 0304 to 1004,04-05-2026,18:42:02,1.92338W,50.94177N,100%,12C,47%,5_20260405_184202.wav,AGC,48kHz,stereo,Part1,5_20260405_184202.wav,837.0,840.0,838.5684583333333,838.3184583333333,838.8184583333333,0.0013020833333333333,0.0625,0.1705944566832045,179.8294055433168,"left,right"
Recorder 5 - 0304 to 1004,04-05-2026,18:42:02,1.92338W,50.94177N,100%,12C,47%,5_20260405_184202.wav,AGC,48kHz,stereo,Part1,5_20260405_184202.wav,990.0,993.0,991.3682291666667,991.1182291666667,991.6182291666667,0.020833333333333332,1.0,2.730540749448636,177.26945925055136,"left,right"
Recorder 5 - 0304 to 1004,04-05-2026,18:42:02,1.92338W,50.94177N,100%,12C,47%,5_20260405_184202.wav,AGC,48kHz,stereo,Part1,5_20260405_184202.wav,1119.0,1122.0,1120.8596875,1120.6096875,1121.1096875,0.01953125,0.9375,2.559764521436577,177.4402354785634,"left,right"
Recorder 5 - 0304 to 1004,04-05-2026,18:42:02,1.92338W,50.94177N,100%,12C,47%,5_20260405_184202.wav,AGC,48kHz,stereo,Part1,5_20260405_184202.wav,1248.0,1251.0,1249.5532916666666,1249.3032916666666,1249.8032916666666,0.0,0.0,0.0,180.0,"left,right"
Recorder 5 - 0304 to 1004,04-05-2026,18:42:02,1.92338W,50.94177N,100%,12C,47%,5_20260405_184202.wav,AGC,48kHz,stereo,Part1,5_20260405_184202.wav,1386.0,1389.0,1388.3803541666666,1388.1303541666666,1388.6303541666666,0.0,0.0,0.0,180.0,"left,right"
Recorder 5 - 0304 to 1004,04-05-2026,18:42:02,1.92338W,50.94177N,100%,12C,47%,5_20260405_184202.wav,AGC,48kHz,stereo,Part1,5_20260405_184202.wav,1530.0,1533.0,1530.8344791666666,1530.5844791666666,1531.0844791666666,0.018229166666666668,0.8750000000000001,2.389011046620638,177.61098895337938,"left,right"
Recorder 5 - 0304 to 1004,04-05-2026,18:42:02,1.92338W,50.94177N,100%,12C,47%,5_20260405_184202.wav,AGC,48kHz,stereo,Part1,5_20260405_184202.wav,1626.0,1629.0,1626.8385208333334,1626.5885208333334,1627.0885208333334,0.0,0.0,0.0,180.0,"left,right"
Recorder 5 - 0304 to 1004,04-05-2026,19:12:03,1.92338W,50.94177N,100%,12C,47%,5_20260405_191203.wav,AGC,48kHz,stereo,Part2,5_20260405_191203.wav,1065.0,1068.0,1066.108375,1065.858375,1066.358375,0.0,0.0,0.0,180.0,"left,right"
Recorder 5 - 0304 to 1004,04-05-2026,19:12:03,1.92338W,50.94177N,100%,12C,47%,5_20260405_191203.wav,AGC,48kHz,stereo,Part2,5_20260405_191203.wav,1152.0,1155.0,1153.4328541666666,1153.1828541666666,1153.6828541666666,-0.01953125,-0.9375,357.4402354785634,182.5597645214366,"left,right"
Recorder 5 - 0304 to 1004,04-05-2026,19:12:03,1.92338W,50.94177N,100%,12C,47%,5_20260405_191203.wav,AGC,48kHz,stereo,Part2,5_20260405_191203.wav,1302.0,1305.0,1303.3992916666666,1303.1492916666666,1303.6492916666666,0.0,0.0,0.0,180.0,"left,right"
Recorder 5 - 0304 to 1004,04-05-2026,19:12:03,1.92338W,50.94177N,100%,12C,47%,5_20260405_191203.wav,AGC,48kHz,stereo,Part2,5_20260405_191203.wav,1380.0,1383.0,1381.1076666666668,1380.8576666666668,1381.3576666666668,0.0,0.0,0.0,180.0,"left,right"
Recorder 5 - 0304 to 1004,04-05-2026,19:12:03,1.92338W,50.94177N,100%,12C,47%,5_20260405_191203.wav,AGC,48kHz,stereo,Part2,5_20260405_191203.wav,1533.0,1536.0,1533.4352083333333,1533.1852083333333,1533.6852083333333,0.020833333333333332,1.0,2.730540749448636,177.26945925055136,"left,right"
Recorder 5 - 0304 to 1004,04-05-2026,19:12:03,1.92338W,50.94177N,100%,12C,47%,5_20260405_191203.wav,AGC,48kHz,stereo,Part2,5_20260405_191203.wav,1671.0,1674.0,1671.1511666666668,1671.0,1671.4011666666668,0.0,0.0,0.0,180.0,"left,right"
Recorder 5 - 0304 to 1004,04-05-2026,19:12:03,1.92338W,50.94177N,100%,12C,47%,5_20260405_191203.wav,AGC,48kHz,stereo,Part2,5_20260405_191203.wav,1773.0,1776.0,1773.7910208333333,1773.5410208333333,1774.0410208333333,0.0,0.0,0.0,180.0,"left,right"
Recorder 5 - 0304 to 1004,04-06-2026,06:39:02,1.92338W,50.94177N,100%,0C,92%,5_20260406_063902.wav,AGC,48kHz,stereo,Part1,5_20260406_063902.wav,351.0,354.0,353.40372916666666,353.15372916666666,353.65372916666666,-0.0013020833333333333,-0.0625,359.8294055433168,180.1705944566832,"left,right"
Recorder 5 - 0304 to 1004,04-06-2026,06:39:02,1.92338W,50.94177N,100%,0C,92%,5_20260406_063902.wav,AGC,48kHz,stereo,Part1,5_20260406_063902.wav,453.0,456.0,453.76758333333333,453.51758333333333,454.01758333333333,-0.01953125,-0.9375,357.4402354785634,182.5597645214366,"left,right"
Recorder 5 - 0304 to 1004,04-06-2026,06:39:02,1.92338W,50.94177N,100%,0C,92%,5_20260406_063902.wav,AGC,48kHz,stereo,Part1,5_20260406_063902.wav,678.0,681.0,678.5801458333333,678.3301458333333,678.8301458333333,0.01953125,0.9375,2.559764521436577,177.4402354785634,"left,right"
Recorder 5 - 0304 to 1004,04-06-2026,06:39:02,1.92338W,50.94177N,100%,0C,92%,5_20260406_063902.wav,AGC,48kHz,stereo,Part1,5_20260406_063902.wav,735.0,738.0,735.7665625,735.5165625,736.0165625,0.0,0.0,0.0,180.0,"left,right"
Recorder 5 - 0304 to 1004,04-06-2026,06:39:02,1.92338W,50.94177N,100%,0C,92%,5_20260406_063902.wav,AGC,48kHz,stereo,Part1,5_20260406_063902.wav,1398.0,1401.0,1398.9819375,1398.7319375,1399.2319375,0.0,0.0,0.0,180.0,"left,right"
Recorder 5 - 0304 to 1004,04-06-2026,06:39:02,1.92338W,50.94177N,100%,0C,92%,5_20260406_063902.wav,AGC,48kHz,stereo,Part1,5_20260406_063902.wav,1581.0,1584.0,1582.8039583333334,1582.5539583333334,1583.0539583333334,-0.0026041666666666665,-0.125,359.65880957427,180.34119042573002,"left,right"
Recorder 5 - 0304 to 1004,04-06-2026,07:09:03,1.92338W,50.94177N,100%,0C,92%,5_20260406_070903.wav,AGC,48kHz,stereo,Part2,5_20260406_070903.wav,171.0,174.0,171.36114583333332,171.11114583333332,171.61114583333332,0.0013020833333333333,0.0625,0.1705944566832045,179.8294055433168,"left,right"
Recorder 5 - 0304 to 1004,04-06-2026,07:09:03,1.92338W,50.94177N,100%,0C,92%,5_20260406_070903.wav,AGC,48kHz,stereo,Part2,5_20260406_070903.wav,618.0,621.0,618.268625,618.018625,618.518625,0.020833333333333332,1.0,2.730540749448636,177.26945925055136,"left,right"
Recorder 5 - 0304 to 1004,04-06-2026,07:09:03,1.92338W,50.94177N,100%,0C,92%,5_20260406_070903.wav,AGC,48kHz,stereo,Part2,5_20260406_070903.wav,741.0,744.0,742.6423333333333,742.3923333333333,742.8923333333333,0.01953125,0.9375,2.559764521436577,177.4402354785634,"left,right"
Recorder 5 - 0304 to 1004,04-06-2026,07:09:03,1.92338W,50.94177N,100%,0C,92%,5_20260406_070903.wav,AGC,48kHz,stereo,Part2,5_20260406_070903.wav,858.0,861.0,860.6682083333334,860.4182083333334,860.9182083333334,-0.01953125,-0.9375,357.4402354785634,182.5597645214366,"left,right"
Recorder 5 - 0304 to 1004,04-06-2026,07:09:03,1.92338W,50.94177N,100%,0C,92%,5_20260406_070903.wav,AGC,48kHz,stereo,Part2,5_20260406_070903.wav,861.0,864.0,861.0759166666667,861.0,861.3259166666667,0.0013020833333333333,0.0625,0.1705944566832045,179.8294055433168,"left,right"
Recorder 5 - 0304 to 1004,04-06-2026,07:09:03,1.92338W,50.94177N,100%,0C,92%,5_20260406_070903.wav,AGC,48kHz,stereo,Part2,5_20260406_070903.wav,963.0,966.0,964.753625,964.503625,965.003625,0.020833333333333332,1.0,2.730540749448636,177.26945925055136,"left,right"
Recorder 5 - 0304 to 1004,04-06-2026,07:09:03,1.92338W,50.94177N,100%,0C,92%,5_20260406_070903.wav,AGC,48kHz,stereo,Part2,5_20260406_070903.wav,1065.0,1068.0,1065.8845625,1065.6345625,1066.1345625,-0.018229166666666668,-0.8750000000000001,357.6109889533793,182.38901104662065,"left,right"
Recorder 5 - 0304 to 1004,04-06-2026,07:09:03,1.92338W,50.94177N,100%,0C,92%,5_20260406_070903.wav,AGC,48kHz,stereo,Part2,5_20260406_070903.wav,1227.0,1230.0,1228.4083541666666,1228.1583541666666,1228.6583541666666,-0.01953125,-0.9375,357.4402354785634,182.5597645214366,"left,right"
Recorder 5 - 0304 to 1004,04-06-2026,07:09:03,1.92338W,50.94177N,100%,0C,92%,5_20260406_070903.wav,AGC,48kHz,stereo,Part2,5_20260406_070903.wav,1317.0,1320.0,1318.10125,1317.85125,1318.35125,-0.20833333333333334,-10.0,331.5501809760295,208.44981902397052,"left,right"
Recorder 5 - 0304 to 1004,04-06-2026,07:09:03,1.92338W,50.94177N,100%,0C,92%,5_20260406_070903.wav,AGC,48kHz,stereo,Part2,5_20260406_070903.wav,1380.0,1383.0,1382.3383333333334,1382.0883333333334,1382.5883333333334,-0.0013020833333333333,-0.0625,359.8294055433168,180.1705944566832,"left,right"
Recorder 5 - 0304 to 1004,04-06-2026,07:09:03,1.92338W,50.94177N,100%,0C,92%,5_20260406_070903.wav,AGC,48kHz,stereo,Part2,5_20260406_070903.wav,1533.0,1536.0,1534.3628333333334,1534.1128333333334,1534.6128333333334,-0.020833333333333332,-1.0,357.26945925055134,182.73054074944866,"left,right"
Recorder 5 - 0304 to 1004,04-06-2026,07:09:03,1.92338W,50.94177N,100%,0C,92%,5_20260406_070903.wav,AGC,48kHz,stereo,Part2,5_20260406_070903.wav,1647.0,1650.0,1648.0711458333333,1647.8211458333333,1648.3211458333333,0.0,0.0,0.0,180.0,"left,right"
Recorder 5 - 0304 to 1004,04-06-2026,18:42:02,1.92338W,50.94177N,100%,15C,47%,5_20260406_184202.wav,AGC,48kHz,stereo,Part1,5_20260406_184202.wav,858.0,861.0,859.2680416666667,859.0180416666667,859.5180416666667,-0.020833333333333332,-1.0,357.26945925055134,182.73054074944866,"left,right"
Recorder 5 - 0304 to 1004,04-06-2026,18:42:02,1.92338W,50.94177N,100%,15C,47%,5_20260406_184202.wav,AGC,48kHz,stereo,Part1,5_20260406_184202.wav,1659.0,1662.0,1659.7366458333333,1659.4866458333333,1659.9866458333333,0.0,0.0,0.0,180.0,"left,right"
Recorder 5 - 0304 to 1004,04-06-2026,19:12:03,1.92338W,50.94177N,100%,15C,47%,5_20260406_191203.wav,AGC,48kHz,stereo,Part2,5_20260406_191203.wav,54.0,57.0,55.29141666666666,55.04141666666666,55.54141666666666,-0.0013020833333333333,-0.0625,359.8294055433168,180.1705944566832,"left,right"
Recorder 5 - 0304 to 1004,04-06-2026,19:12:03,1.92338W,50.94177N,100%,15C,47%,5_20260406_191203.wav,AGC,48kHz,stereo,Part2,5_20260406_191203.wav,285.0,288.0,286.5848541666667,286.3348541666667,286.8348541666667,0.0013020833333333333,0.0625,0.1705944566832045,179.8294055433168,"left,right"
Recorder 5 - 0304 to 1004,04-06-2026,19:12:03,1.92338W,50.94177N,100%,15C,47%,5_20260406_191203.wav,AGC,48kHz,stereo,Part2,5_20260406_191203.wav,987.0,990.0,989.2903333333334,989.0403333333334,989.5403333333334,0.01953125,0.9375,2.559764521436577,177.4402354785634,"left,right"
Recorder 5 - 0304 to 1004,04-07-2026,06:39:02,1.92338W,50.94177N,100%,7C,75%,5_20260407_063902.wav,AGC,48kHz,stereo,Part1,5_20260407_063902.wav,81.0,84.0,82.89329166666667,82.64329166666667,83.14329166666667,0.0013020833333333333,0.0625,0.1705944566832045,179.8294055433168,"left,right"
Recorder 5 - 0304 to 1004,04-07-2026,06:39:02,1.92338W,50.94177N,100%,7C,75%,5_20260407_063902.wav,AGC,48kHz,stereo,Part1,5_20260407_063902.wav,321.0,324.0,322.2105625,321.9605625,322.4605625,-0.0013020833333333333,-0.0625,359.8294055433168,180.1705944566832,"left,right"
Recorder 5 - 0304 to 1004,04-07-2026,06:39:02,1.92338W,50.94177N,100%,7C,75%,5_20260407_063902.wav,AGC,48kHz,stereo,Part1,5_20260407_063902.wav,612.0,615.0,612.5297916666667,612.2797916666667,612.7797916666667,0.0,0.0,0.0,180.0,"left,right"
Recorder 5 - 0304 to 1004,04-07-2026,06:39:02,1.92338W,50.94177N,100%,7C,75%,5_20260407_063902.wav,AGC,48kHz,stereo,Part1,5_20260407_063902.wav,690.0,693.0,692.7547083333334,692.5047083333334,693.0,-0.018229166666666668,-0.8750000000000001,357.6109889533793,182.38901104662065,"left,right"
Recorder 5 - 0304 to 1004,04-07-2026,06:39:02,1.92338W,50.94177N,100%,7C,75%,5_20260407_063902.wav,AGC,48kHz,stereo,Part1,5_20260407_063902.wav,699.0,702.0,699.8275625,699.5775625,700.0775625,-0.0013020833333333333,-0.0625,359.8294055433168,180.1705944566832,"left,right"
Recorder 5 - 0304 to 1004,04-07-2026,06:39:02,1.92338W,50.94177N,100%,7C,75%,5_20260407_063902.wav,AGC,48kHz,stereo,Part1,5_20260407_063902.wav,795.0,798.0,796.58725,796.33725,796.83725,0.43619791666666663,20.9375,85.89876061475425,94.10123938524575,"left,right"
Recorder 5 - 0304 to 1004,04-07-2026,06:39:02,1.92338W,50.94177N,100%,7C,75%,5_20260407_063902.wav,AGC,48kHz,stereo,Part1,5_20260407_063902.wav,966.0,969.0,966.4882291666667,966.2382291666667,966.7382291666667,0.08333333333333333,4.0,10.985207553179933,169.01479244682008,"left,right"
Recorder 5 - 0304 to 1004,04-07-2026,06:39:02,1.92338W,50.94177N,100%,7C,75%,5_20260407_063902.wav,AGC,48kHz,stereo,Part1,5_20260407_063902.wav,1038.0,1041.0,1038.2808333333332,1038.0308333333332,1038.5308333333332,-0.0013020833333333333,-0.0625,359.8294055433168,180.1705944566832,"left,right"
Recorder 5 - 0304 to 1004,04-07-2026,06:39:02,1.92338W,50.94177N,100%,7C,75%,5_20260407_063902.wav,AGC,48kHz,stereo,Part1,5_20260407_063902.wav,1785.0,1788.0,1787.4915208333334,1787.2415208333334,1787.7415208333334,0.0,0.0,0.0,180.0,"left,right"
Recorder 5 - 0304 to 1004,04-07-2026,07:09:03,1.92338W,50.94177N,100%,7C,75%,5_20260407_070903.wav,AGC,48kHz,stereo,Part2,5_20260407_070903.wav,1521.0,1524.0,1521.0823125,1521.0,1521.3323125,0.0013020833333333333,0.0625,0.1705944566832045,179.8294055433168,"left,right"
Recorder 5 - 0304 to 1004,04-07-2026,07:09:03,1.92338W,50.94177N,100%,7C,75%,5_20260407_070903.wav,AGC,48kHz,stereo,Part2,5_20260407_070903.wav,1644.0,1647.0,1645.0400416666666,1644.7900416666666,1645.2900416666666,0.0,0.0,0.0,180.0,"left,right"
Recorder 5 - 0304 to 1004,04-07-2026,18:42:02,1.92338W,50.94177N,100%,17C,49%,5_20260407_184202.wav,AGC,48kHz,stereo,Part1,5_20260407_184202.wav,597.0,600.0,598.3578125,598.1078125,598.6078125,-0.0013020833333333333,-0.0625,359.8294055433168,180.1705944566832,"left,right"
Recorder 5 - 0304 to 1004,04-07-2026,18:42:02,1.92338W,50.94177N,100%,17C,49%,5_20260407_184202.wav,AGC,48kHz,stereo,Part1,5_20260407_184202.wav,729.0,732.0,731.7314791666666,731.4814791666666,731.9814791666666,-0.0013020833333333333,-0.0625,359.8294055433168,180.1705944566832,"left,right"
Recorder 5 - 0304 to 1004,04-07-2026,18:42:02,1.92338W,50.94177N,100%,17C,49%,5_20260407_184202.wav,AGC,48kHz,stereo,Part1,5_20260407_184202.wav,873.0,876.0,874.0356875,873.7856875,874.2856875,0.0013020833333333333,0.0625,0.1705944566832045,179.8294055433168,"left,right"
Recorder 5 - 0304 to 1004,04-07-2026,18:42:02,1.92338W,50.94177N,100%,17C,49%,5_20260407_184202.wav,AGC,48kHz,stereo,Part1,5_20260407_184202.wav,1044.0,1047.0,1045.7598541666666,1045.5098541666666,1046.0098541666666,0.0,0.0,0.0,180.0,"left,right"
Recorder 5 - 0304 to 1004,04-07-2026,18:42:02,1.92338W,50.94177N,100%,17C,49%,5_20260407_184202.wav,AGC,48kHz,stereo,Part1,5_20260407_184202.wav,1215.0,1218.0,1217.128125,1216.878125,1217.378125,-0.020833333333333332,-1.0,357.26945925055134,182.73054074944866,"left,right"
Recorder 5 - 0304 to 1004,04-07-2026,18:42:02,1.92338W,50.94177N,100%,17C,49%,5_20260407_184202.wav,AGC,48kHz,stereo,Part1,5_20260407_184202.wav,1305.0,1308.0,1307.5616458333334,1307.3116458333334,1307.8116458333334,0.0,0.0,0.0,180.0,"left,right"
Recorder 5 - 0304 to 1004,04-07-2026,18:42:02,1.92338W,50.94177N,100%,17C,49%,5_20260407_184202.wav,AGC,48kHz,stereo,Part1,5_20260407_184202.wav,1431.0,1434.0,1433.9426458333332,1433.6926458333332,1434.0,0.0,0.0,0.0,180.0,"left,right"
Recorder 5 - 0304 to 1004,04-07-2026,18:42:02,1.92338W,50.94177N,100%,17C,49%,5_20260407_184202.wav,AGC,48kHz,stereo,Part1,5_20260407_184202.wav,1560.0,1563.0,1561.6170833333333,1561.3670833333333,1561.8670833333333,0.0,0.0,0.0,180.0,"left,right"
Recorder 5 - 0304 to 1004,04-07-2026,18:42:02,1.92338W,50.94177N,100%,17C,49%,5_20260407_184202.wav,AGC,48kHz,stereo,Part1,5_20260407_184202.wav,1680.0,1683.0,1682.129625,1681.879625,1682.379625,-0.0013020833333333333,-0.0625,359.8294055433168,180.1705944566832,"left,right"
Recorder 5 - 0304 to 1004,04-07-2026,19:12:03,1.92338W,50.94177N,100%,17C,49%,5_20260407_191203.wav,AGC,48kHz,stereo,Part2,5_20260407_191203.wav,93.0,96.0,95.75620833333333,95.50620833333333,96.0,0.0,0.0,0.0,180.0,"left,right"
Recorder 5 - 0304 to 1004,04-07-2026,19:12:03,1.92338W,50.94177N,100%,17C,49%,5_20260407_191203.wav,AGC,48kHz,stereo,Part2,5_20260407_191203.wav,192.0,195.0,192.2884375,192.0384375,192.5384375,0.0,0.0,0.0,180.0,"left,right"
Recorder 5 - 0304 to 1004,04-07-2026,19:12:03,1.92338W,50.94177N,100%,17C,49%,5_20260407_191203.wav,AGC,48kHz,stereo,Part2,5_20260407_191203.wav,570.0,573.0,570.4290208333333,570.1790208333333,570.6790208333333,0.0,0.0,0.0,180.0,"left,right"
Recorder 5 - 0304 to 1004,04-07-2026,19:12:03,1.92338W,50.94177N,100%,17C,49%,5_20260407_191203.wav,AGC,48kHz,stereo,Part2,5_20260407_191203.wav,741.0,744.0,743.4982916666667,743.2482916666667,743.7482916666667,0.0,0.0,0.0,180.0,"left,right"
Recorder 5 - 0304 to 1004,04-07-2026,19:12:03,1.92338W,50.94177N,100%,17C,49%,5_20260407_191203.wav,AGC,48kHz,stereo,Part2,5_20260407_191203.wav,1014.0,1017.0,1016.805625,1016.555625,1017.0,0.0,0.0,0.0,180.0,"left,right"
Recorder 5 - 0304 to 1004,04-07-2026,19:12:03,1.92338W,50.94177N,100%,17C,49%,5_20260407_191203.wav,AGC,48kHz,stereo,Part2,5_20260407_191203.wav,1095.0,1098.0,1097.7391458333334,1097.4891458333334,1097.9891458333334,-0.020833333333333332,-1.0,357.26945925055134,182.73054074944866,"left,right"
Recorder 5 - 0304 to 1004,04-07-2026,19:12:03,1.92338W,50.94177N,100%,17C,49%,5_20260407_191203.wav,AGC,48kHz,stereo,Part2,5_20260407_191203.wav,1212.0,1215.0,1213.8202291666666,1213.5702291666666,1214.0702291666666,-0.01953125,-0.9375,357.4402354785634,182.5597645214366,"left,right"
Recorder 5 - 0304 to 1004,04-08-2026,06:39:02,1.92338W,50.94177N,100%,9C,81%,5_20260408_063902.wav,AGC,48kHz,stereo,Part1,5_20260408_063902.wav,1407.0,1410.0,1409.0796875,1408.8296875,1409.3296875,-0.01953125,-0.9375,357.4402354785634,182.5597645214366,"left,right"
Recorder 5 - 0304 to 1004,04-08-2026,06:39:02,1.92338W,50.94177N,100%,9C,81%,5_20260408_063902.wav,AGC,48kHz,stereo,Part1,5_20260408_063902.wav,1605.0,1608.0,1605.2121875,1605.0,1605.4621875,-0.0013020833333333333,-0.0625,359.8294055433168,180.1705944566832,"left,right"
Recorder 5 - 0304 to 1004,04-08-2026,07:09:03,1.92338W,50.94177N,100%,9C,81%,5_20260408_070903.wav,AGC,48kHz,stereo,Part2,5_20260408_070903.wav,114.0,117.0,115.2644375,115.0144375,115.5144375,-0.020833333333333332,-1.0,357.26945925055134,182.73054074944866,"left,right"
Recorder 5 - 0304 to 1004,04-08-2026,07:09:03,1.92338W,50.94177N,100%,9C,81%,5_20260408_070903.wav,AGC,48kHz,stereo,Part2,5_20260408_070903.wav,198.0,201.0,199.42960416666668,199.17960416666668,199.67960416666668,-0.020833333333333332,-1.0,357.26945925055134,182.73054074944866,"left,right"
Recorder 5 - 0304 to 1004,04-08-2026,18:42:02,1.92338W,50.94177N,100%,24C,56%,5_20260408_184202.wav,AGC,48kHz,stereo,Part1,5_20260408_184202.wav,54.0,57.0,55.191875,54.941875,55.441875,0.0013020833333333333,0.0625,0.1705944566832045,179.8294055433168,"left,right"
Recorder 5 - 0304 to 1004,04-08-2026,18:42:02,1.92338W,50.94177N,100%,24C,56%,5_20260408_184202.wav,AGC,48kHz,stereo,Part1,5_20260408_184202.wav,87.0,90.0,89.31595833333333,89.06595833333333,89.56595833333333,0.0,0.0,0.0,180.0,"left,right"
Recorder 5 - 0304 to 1004,04-08-2026,18:42:02,1.92338W,50.94177N,100%,24C,56%,5_20260408_184202.wav,AGC,48kHz,stereo,Part1,5_20260408_184202.wav,177.0,180.0,178.33370833333333,178.08370833333333,178.58370833333333,-0.01953125,-0.9375,357.4402354785634,182.5597645214366,"left,right"
Recorder 5 - 0304 to 1004,04-08-2026,18:42:02,1.92338W,50.94177N,100%,24C,56%,5_20260408_184202.wav,AGC,48kHz,stereo,Part1,5_20260408_184202.wav,213.0,216.0,214.48679166666668,214.23679166666668,214.73679166666668,-0.0013020833333333333,-0.0625,359.8294055433168,180.1705944566832,"left,right"
Recorder 5 - 0304 to 1004,04-08-2026,18:42:02,1.92338W,50.94177N,100%,24C,56%,5_20260408_184202.wav,AGC,48kHz,stereo,Part1,5_20260408_184202.wav,318.0,321.0,320.0625,319.8125,320.3125,0.0,0.0,0.0,180.0,"left,right"
Recorder 5 - 0304 to 1004,04-08-2026,18:42:02,1.92338W,50.94177N,100%,24C,56%,5_20260408_184202.wav,AGC,48kHz,stereo,Part1,5_20260408_184202.wav,348.0,351.0,349.612625,349.362625,349.862625,0.01953125,0.9375,2.559764521436577,177.4402354785634,"left,right"
Recorder 5 - 0304 to 1004,04-08-2026,18:42:02,1.92338W,50.94177N,100%,24C,56%,5_20260408_184202.wav,AGC,48kHz,stereo,Part1,5_20260408_184202.wav,384.0,387.0,386.5035208333333,386.2535208333333,386.7535208333333,0.022135416666666668,1.0625,2.9013412575649227,177.09865874243508,"left,right"
Recorder 5 - 0304 to 1004,04-08-2026,18:42:02,1.92338W,50.94177N,100%,24C,56%,5_20260408_184202.wav,AGC,48kHz,stereo,Part1,5_20260408_184202.wav,453.0,456.0,454.6954166666667,454.4454166666667,454.9454166666667,-0.020833333333333332,-1.0,357.26945925055134,182.73054074944866,"left,right"
Recorder 5 - 0304 to 1004,04-08-2026,18:42:02,1.92338W,50.94177N,100%,24C,56%,5_20260408_184202.wav,AGC,48kHz,stereo,Part1,5_20260408_184202.wav,540.0,543.0,542.6927083333334,542.4427083333334,542.9427083333334,-0.0013020833333333333,-0.0625,359.8294055433168,180.1705944566832,"left,right"
Recorder 5 - 0304 to 1004,04-08-2026,18:42:02,1.92338W,50.94177N,100%,24C,56%,5_20260408_184202.wav,AGC,48kHz,stereo,Part1,5_20260408_184202.wav,543.0,546.0,543.0182708333333,543.0,543.2682708333333,-0.022135416666666668,-1.0625,357.0986587424351,182.90134125756492,"left,right"
Recorder 5 - 0304 to 1004,04-08-2026,18:42:02,1.92338W,50.94177N,100%,24C,56%,5_20260408_184202.wav,AGC,48kHz,stereo,Part1,5_20260408_184202.wav,648.0,651.0,650.7932291666667,650.5432291666667,651.0,0.0,0.0,0.0,180.0,"left,right"
Recorder 5 - 0304 to 1004,04-08-2026,18:42:02,1.92338W,50.94177N,100%,24C,56%,5_20260408_184202.wav,AGC,48kHz,stereo,Part1,5_20260408_184202.wav,768.0,771.0,770.76325,770.51325,771.0,-0.3528645833333333,-16.9375,306.2074335173411,233.7925664826589,"left,right"
Recorder 5 - 0304 to 1004,04-08-2026,18:42:02,1.92338W,50.94177N,100%,24C,56%,5_20260408_184202.wav,AGC,48kHz,stereo,Part1,5_20260408_184202.wav,870.0,873.0,872.6689375,872.4189375,872.9189375,0.0,0.0,0.0,180.0,"left,right"
Recorder 5 - 0304 to 1004,04-08-2026,18:42:02,1.92338W,50.94177N,100%,24C,56%,5_20260408_184202.wav,AGC,48kHz,stereo,Part1,5_20260408_184202.wav,975.0,978.0,977.2339166666667,976.9839166666667,977.4839166666667,0.0,0.0,0.0,180.0,"left,right"
Recorder 5 - 0304 to 1004,04-08-2026,18:42:02,1.92338W,50.94177N,100%,24C,56%,5_20260408_184202.wav,AGC,48kHz,stereo,Part1,5_20260408_184202.wav,1080.0,1083.0,1081.2453541666666,1080.9953541666666,1081.4953541666666,0.01953125,0.9375,2.559764521436577,177.4402354785634,"left,right"
Recorder 5 - 0304 to 1004,04-08-2026,18:42:02,1.92338W,50.94177N,100%,24C,56%,5_20260408_184202.wav,AGC,48kHz,stereo,Part1,5_20260408_184202.wav,1149.0,1152.0,1150.4363125,1150.1863125,1150.6863125,-0.0026041666666666665,-0.125,359.65880957427,180.34119042573002,"left,right"
Recorder 5 - 0304 to 1004,04-08-2026,18:42:02,1.92338W,50.94177N,100%,24C,56%,5_20260408_184202.wav,AGC,48kHz,stereo,Part1,5_20260408_184202.wav,1200.0,1203.0,1200.5893958333334,1200.3393958333334,1200.8393958333334,-0.0013020833333333333,-0.0625,359.8294055433168,180.1705944566832,"left,right"
Recorder 5 - 0304 to 1004,04-08-2026,18:42:02,1.92338W,50.94177N,100%,24C,56%,5_20260408_184202.wav,AGC,48kHz,stereo,Part1,5_20260408_184202.wav,1320.0,1323.0,1320.2428125,1320.0,1320.4928125,0.020833333333333332,1.0,2.730540749448636,177.26945925055136,"left,right"
Recorder 5 - 0304 to 1004,04-08-2026,18:42:02,1.92338W,50.94177N,100%,24C,56%,5_20260408_184202.wav,AGC,48kHz,stereo,Part1,5_20260408_184202.wav,1650.0,1653.0,1651.8408333333334,1651.5908333333334,1652.0908333333334,0.022135416666666668,1.0625,2.9013412575649227,177.09865874243508,"left,right"
Recorder 5 - 0304 to 1004,04-08-2026,19:12:03,1.92338W,50.94177N,100%,24C,56%,5_20260408_191203.wav,AGC,48kHz,stereo,Part2,5_20260408_191203.wav,294.0,297.0,296.4629791666667,296.2129791666667,296.7129791666667,-0.0013020833333333333,-0.0625,359.8294055433168,180.1705944566832,"left,right"
Recorder 5 - 0304 to 1004,04-08-2026,19:12:03,1.92338W,50.94177N,100%,24C,56%,5_20260408_191203.wav,AGC,48kHz,stereo,Part2,5_20260408_191203.wav,348.0,351.0,348.3990625,348.1490625,348.6490625,-0.01953125,-0.9375,357.4402354785634,182.5597645214366,"left,right"
Recorder 5 - 0304 to 1004,04-08-2026,19:12:03,1.92338W,50.94177N,100%,24C,56%,5_20260408_191203.wav,AGC,48kHz,stereo,Part2,5_20260408_191203.wav,405.0,408.0,406.9700833333333,406.7200833333333,407.2200833333333,-0.1875,-9.0,334.6117418711848,205.38825812881524,"left,right"
Recorder 5 - 0304 to 1004,04-08-2026,19:12:03,1.92338W,50.94177N,100%,24C,56%,5_20260408_191203.wav,AGC,48kHz,stereo,Part2,5_20260408_191203.wav,468.0,471.0,468.568125,468.318125,468.818125,0.020833333333333332,1.0,2.730540749448636,177.26945925055136,"left,right"
Recorder 5 - 0304 to 1004,04-08-2026,19:12:03,1.92338W,50.94177N,100%,24C,56%,5_20260408_191203.wav,AGC,48kHz,stereo,Part2,5_20260408_191203.wav,510.0,513.0,512.0906458333334,511.8406458333333,512.3406458333334,-0.0013020833333333333,-0.0625,359.8294055433168,180.1705944566832,"left,right"
Recorder 5 - 0304 to 1004,04-08-2026,19:12:03,1.92338W,50.94177N,100%,24C,56%,5_20260408_191203.wav,AGC,48kHz,stereo,Part2,5_20260408_191203.wav,585.0,588.0,587.1506875,586.9006875,587.4006875,0.0013020833333333333,0.0625,0.1705944566832045,179.8294055433168,"left,right"
Recorder 5 - 0304 to 1004,04-08-2026,19:12:03,1.92338W,50.94177N,100%,24C,56%,5_20260408_191203.wav,AGC,48kHz,stereo,Part2,5_20260408_191203.wav,618.0,621.0,618.7107708333333,618.4607708333333,618.9607708333333,-0.018229166666666668,-0.8750000000000001,357.6109889533793,182.38901104662065,"left,right"
Recorder 5 - 0304 to 1004,04-08-2026,19:12:03,1.92338W,50.94177N,100%,24C,56%,5_20260408_191203.wav,AGC,48kHz,stereo,Part2,5_20260408_191203.wav,705.0,708.0,705.0435,705.0,705.2935,0.0,0.0,0.0,180.0,"left,right"
Recorder 5 - 0304 to 1004,04-08-2026,19:12:03,1.92338W,50.94177N,100%,24C,56%,5_20260408_191203.wav,AGC,48kHz,stereo,Part2,5_20260408_191203.wav,840.0,843.0,841.2749166666666,841.0249166666666,841.5249166666666,0.0013020833333333333,0.0625,0.1705944566832045,179.8294055433168,"left,right"
Recorder 5 - 0304 to 1004,04-08-2026,19:12:03,1.92338W,50.94177N,100%,24C,56%,5_20260408_191203.wav,AGC,48kHz,stereo,Part2,5_20260408_191203.wav,948.0,951.0,949.6248541666666,949.3748541666666,949.8748541666666,0.0,0.0,0.0,180.0,"left,right"
Recorder 5 - 0304 to 1004,04-08-2026,19:12:03,1.92338W,50.94177N,100%,24C,56%,5_20260408_191203.wav,AGC,48kHz,stereo,Part2,5_20260408_191203.wav,1053.0,1056.0,1054.7917708333334,1054.5417708333334,1055.0417708333334,0.018229166666666668,0.8750000000000001,2.389011046620638,177.61098895337938,"left,right"
Recorder 5 - 0304 to 1004,04-08-2026,19:12:03,1.92338W,50.94177N,100%,24C,56%,5_20260408_191203.wav,AGC,48kHz,stereo,Part2,5_20260408_191203.wav,1086.0,1089.0,1086.1835208333334,1086.0,1086.4335208333334,0.0,0.0,0.0,180.0,"left,right"
Recorder 5 - 0304 to 1004,04-08-2026,19:12:03,1.92338W,50.94177N,100%,24C,56%,5_20260408_191203.wav,AGC,48kHz,stereo,Part2,5_20260408_191203.wav,1302.0,1305.0,1304.5231875,1304.2731875,1304.7731875,-0.01953125,-0.9375,357.4402354785634,182.5597645214366,"left,right"
Recorder 5 - 0304 to 1004,04-08-2026,19:12:03,1.92338W,50.94177N,100%,24C,56%,5_20260408_191203.wav,AGC,48kHz,stereo,Part2,5_20260408_191203.wav,1395.0,1398.0,1395.3427916666667,1395.0927916666667,1395.5927916666667,-0.020833333333333332,-1.0,357.26945925055134,182.73054074944866,"left,right"
Recorder 5 - 0304 to 1004,04-08-2026,19:12:03,1.92338W,50.94177N,100%,24C,56%,5_20260408_191203.wav,AGC,48kHz,stereo,Part2,5_20260408_191203.wav,1398.0,1401.0,1400.0681666666667,1399.8181666666667,1400.3181666666667,-0.0013020833333333333,-0.0625,359.8294055433168,180.1705944566832,"left,right"
Recorder 5 - 0304 to 1004,04-08-2026,19:12:03,1.92338W,50.94177N,100%,24C,56%,5_20260408_191203.wav,AGC,48kHz,stereo,Part2,5_20260408_191203.wav,1404.0,1407.0,1404.7126458333332,1404.4626458333332,1404.9626458333332,0.04296875,2.0625,5.638706452994867,174.36129354700512,"left,right"
Recorder 5 - 0304 to 1004,04-08-2026,19:12:03,1.92338W,50.94177N,100%,24C,56%,5_20260408_191203.wav,AGC,48kHz,stereo,Part2,5_20260408_191203.wav,1443.0,1446.0,1443.8689583333332,1443.6189583333332,1444.1189583333332,0.0,0.0,0.0,180.0,"left,right"
Recorder 5 - 0304 to 1004,04-08-2026,19:12:03,1.92338W,50.94177N,100%,24C,56%,5_20260408_191203.wav,AGC,48kHz,stereo,Part2,5_20260408_191203.wav,1527.0,1530.0,1529.9798541666667,1529.7298541666667,1530.0,0.0013020833333333333,0.0625,0.1705944566832045,179.8294055433168,"left,right"
Recorder 5 - 0304 to 1004,04-08-2026,19:12:03,1.92338W,50.94177N,100%,24C,56%,5_20260408_191203.wav,AGC,48kHz,stereo,Part2,5_20260408_191203.wav,1530.0,1533.0,1530.0124375,1530.0,1530.2624375,-0.022135416666666668,-1.0625,357.0986587424351,182.90134125756492,"left,right"
Recorder 5 - 0304 to 1004,04-08-2026,19:12:03,1.92338W,50.94177N,100%,24C,56%,5_20260408_191203.wav,AGC,48kHz,stereo,Part2,5_20260408_191203.wav,1599.0,1602.0,1600.3991458333333,1600.1491458333333,1600.6491458333333,0.0,0.0,0.0,180.0,"left,right"
Recorder 5 - 0304 to 1004,04-08-2026,19:12:03,1.92338W,50.94177N,100%,24C,56%,5_20260408_191203.wav,AGC,48kHz,stereo,Part2,5_20260408_191203.wav,1647.0,1650.0,1647.3573125,1647.1073125,1647.6073125,0.0013020833333333333,0.0625,0.1705944566832045,179.8294055433168,"left,right"
Recorder 5 - 0304 to 1004,04-08-2026,19:12:03,1.92338W,50.94177N,100%,24C,56%,5_20260408_191203.wav,AGC,48kHz,stereo,Part2,5_20260408_191203.wav,1725.0,1728.0,1727.1536041666666,1726.9036041666666,1727.4036041666666,0.01953125,0.9375,2.559764521436577,177.4402354785634,"left,right"
Recorder 5 - 0304 to 1004,04-09-2026,06:39:02,1.92338W,50.94177N,100%,8C,97%,5_20260409_063902.wav,AGC,48kHz,stereo,Part1,5_20260409_063902.wav,387.0,390.0,389.26054166666665,389.01054166666665,389.51054166666665,0.0013020833333333333,0.0625,0.1705944566832045,179.8294055433168,"left,right"
Recorder 5 - 0304 to 1004,04-09-2026,06:39:02,1.92338W,50.94177N,100%,8C,97%,5_20260409_063902.wav,AGC,48kHz,stereo,Part1,5_20260409_063902.wav,615.0,618.0,617.6258333333334,617.3758333333334,617.8758333333334,0.0013020833333333333,0.0625,0.1705944566832045,179.8294055433168,"left,right"
Recorder 5 - 0304 to 1004,04-09-2026,06:39:02,1.92338W,50.94177N,100%,8C,97%,5_20260409_063902.wav,AGC,48kHz,stereo,Part1,5_20260409_063902.wav,1488.0,1491.0,1488.7808125,1488.5308125,1489.0308125,-0.022135416666666668,-1.0625,357.0986587424351,182.90134125756492,"left,right"
Recorder 5 - 0304 to 1004,04-09-2026,07:09:03,1.92338W,50.94177N,100%,8C,97%,5_20260409_070903.wav,AGC,48kHz,stereo,Part2,5_20260409_070903.wav,492.0,495.0,493.6555625,493.4055625,493.9055625,0.041666666666666664,2.0,5.4673078282873036,174.5326921717127,"left,right"
Recorder 5 - 0304 to 1004,04-09-2026,07:09:03,1.92338W,50.94177N,100%,8C,97%,5_20260409_070903.wav,AGC,48kHz,stereo,Part2,5_20260409_070903.wav,882.0,885.0,884.425875,884.175875,884.675875,0.24739583333333334,11.875000000000002,34.45173496790398,145.54826503209603,"left,right"
Recorder 5 - 0304 to 1004,04-09-2026,07:09:03,1.92338W,50.94177N,100%,8C,97%,5_20260409_070903.wav,AGC,48kHz,stereo,Part2,5_20260409_070903.wav,888.0,891.0,888.9392708333334,888.6892708333334,889.1892708333334,-0.0013020833333333333,-0.0625,359.8294055433168,180.1705944566832,"left,right"
Recorder 5 - 0304 to 1004,04-09-2026,07:09:03,1.92338W,50.94177N,100%,8C,97%,5_20260409_070903.wav,AGC,48kHz,stereo,Part2,5_20260409_070903.wav,987.0,990.0,989.5548541666667,989.3048541666667,989.8048541666667,0.020833333333333332,1.0,2.730540749448636,177.26945925055136,"left,right"
Recorder 5 - 0304 to 1004,04-09-2026,07:09:03,1.92338W,50.94177N,100%,8C,97%,5_20260409_070903.wav,AGC,48kHz,stereo,Part2,5_20260409_070903.wav,1077.0,1080.0,1079.6320416666667,1079.3820416666667,1079.8820416666667,0.0,0.0,0.0,180.0,"left,right"
Recorder 5 - 0304 to 1004,04-09-2026,07:09:03,1.92338W,50.94177N,100%,8C,97%,5_20260409_070903.wav,AGC,48kHz,stereo,Part2,5_20260409_070903.wav,1464.0,1467.0,1466.2718541666666,1466.0218541666666,1466.5218541666666,0.020833333333333332,1.0,2.730540749448636,177.26945925055136,"left,right"
Recorder 5 - 0304 to 1004,04-09-2026,07:09:03,1.92338W,50.94177N,100%,8C,97%,5_20260409_070903.wav,AGC,48kHz,stereo,Part2,5_20260409_070903.wav,1557.0,1560.0,1557.1065,1557.0,1557.3565,0.0,0.0,0.0,180.0,"left,right"
Recorder 5 - 0304 to 1004,04-09-2026,07:09:03,1.92338W,50.94177N,100%,8C,97%,5_20260409_070903.wav,AGC,48kHz,stereo,Part2,5_20260409_070903.wav,1710.0,1713.0,1712.4742291666666,1712.2242291666666,1712.7242291666666,0.0,0.0,0.0,180.0,"left,right"
Recorder 5 - 0304 to 1004,04-09-2026,07:09:03,1.92338W,50.94177N,100%,8C,97%,5_20260409_070903.wav,AGC,48kHz,stereo,Part2,5_20260409_070903.wav,1749.0,1752.0,1751.3700833333332,1751.1200833333332,1751.6200833333332,0.0013020833333333333,0.0625,0.1705944566832045,179.8294055433168,"left,right"
Recorder 5 - 0304 to 1004,04-09-2026,19:12:03,1.92338W,50.94177N,100%,12C,55%,5_20260409_191203.wav,AGC,48kHz,stereo,Part2,5_20260409_191203.wav,846.0,849.0,848.4515208333333,848.2015208333333,848.7015208333333,-0.01953125,-0.9375,357.4402354785634,182.5597645214366,"left,right"
Recorder 5 - 0304 to 1004,04-09-2026,19:12:03,1.92338W,50.94177N,100%,12C,55%,5_20260409_191203.wav,AGC,48kHz,stereo,Part2,5_20260409_191203.wav,939.0,942.0,939.968625,939.718625,940.218625,0.0390625,1.875,5.124656190170086,174.87534380982993,"left,right"
Recorder 5 - 0304 to 1004,04-10-2026,06:39:02,1.92338W,50.94177N,100%,3C,81%,5_20260410_063902.wav,AGC,48kHz,stereo,Part1,5_20260410_063902.wav,141.0,144.0,143.455,143.205,143.705,0.0,0.0,0.0,180.0,"left,right"
Recorder 5 - 0304 to 1004,04-10-2026,06:39:02,1.92338W,50.94177N,100%,3C,81%,5_20260410_063902.wav,AGC,48kHz,stereo,Part1,5_20260410_063902.wav,312.0,315.0,312.84535416666665,312.59535416666665,313.09535416666665,0.01953125,0.9375,2.559764521436577,177.4402354785634,"left,right"
Recorder 5 - 0304 to 1004,04-10-2026,06:39:02,1.92338W,50.94177N,100%,3C,81%,5_20260410_063902.wav,AGC,48kHz,stereo,Part1,5_20260410_063902.wav,480.0,483.0,480.01814583333334,480.0,480.26814583333334,0.020833333333333332,1.0,2.730540749448636,177.26945925055136,"left,right"
Recorder 5 - 0304 to 1004,04-10-2026,06:39:02,1.92338W,50.94177N,100%,3C,81%,5_20260410_063902.wav,AGC,48kHz,stereo,Part1,5_20260410_063902.wav,1353.0,1356.0,1353.3902708333333,1353.1402708333333,1353.6402708333333,0.0,0.0,0.0,180.0,"left,right"
Recorder 5 - 0304 to 1004,04-10-2026,06:39:02,1.92338W,50.94177N,100%,3C,81%,5_20260410_063902.wav,AGC,48kHz,stereo,Part1,5_20260410_063902.wav,1686.0,1689.0,1688.7649583333334,1688.5149583333334,1689.0,0.018229166666666668,0.8750000000000001,2.389011046620638,177.61098895337938,"left,right"
Recorder 5 - 0304 to 1004,04-10-2026,06:39:02,1.92338W,50.94177N,100%,3C,81%,5_20260410_063902.wav,AGC,48kHz,stereo,Part1,5_20260410_063902.wav,1689.0,1692.0,1689.2620833333333,1689.0120833333333,1689.5120833333333,0.01953125,0.9375,2.559764521436577,177.4402354785634,"left,right"
Recorder 5 - 0304 to 1004,04-10-2026,07:09:03,1.92338W,50.94177N,100%,3C,81%,5_20260410_070903.wav,AGC,48kHz,stereo,Part2,5_20260410_070903.wav,369.0,372.0,370.8519791666667,370.6019791666667,371.1019791666667,0.0,0.0,0.0,180.0,"left,right"
Recorder 5 - 0304 to 1004,04-10-2026,07:09:03,1.92338W,50.94177N,100%,3C,81%,5_20260410_070903.wav,AGC,48kHz,stereo,Part2,5_20260410_070903.wav,516.0,519.0,516.4670625,516.2170625,516.7170625,0.0,0.0,0.0,180.0,"left,right"
Recorder 5 - 0304 to 1004,04-10-2026,07:09:03,1.92338W,50.94177N,100%,3C,81%,5_20260410_070903.wav,AGC,48kHz,stereo,Part2,5_20260410_070903.wav,714.0,717.0,714.7863333333333,714.5363333333333,715.0363333333333,-0.01953125,-0.9375,357.4402354785634,182.5597645214366,"left,right"
Recorder 5 - 0304 to 1004,04-10-2026,07:09:03,1.92338W,50.94177N,100%,3C,81%,5_20260410_070903.wav,AGC,48kHz,stereo,Part2,5_20260410_070903.wav,1374.0,1377.0,1374.7278541666667,1374.4778541666667,1374.9778541666667,0.12630208333333331,6.0625,16.78677158463084,163.21322841536914,"left,right"
Recorder 5 - 0304 to 1004,04-10-2026,07:09:03,1.92338W,50.94177N,100%,3C,81%,5_20260410_070903.wav,AGC,48kHz,stereo,Part2,5_20260410_070903.wav,1452.0,1455.0,1452.7267291666667,1452.4767291666667,1452.9767291666667,0.0,0.0,0.0,180.0,"left,right"
Recorder 6 - 0304 to 1004,04-03-2026,18:42:02,1.92448W,50.93973N,100%,12C,90%,6_20260403_184202.wav,AGC,48kHz,stereo,Part1,6_20260403_184202.wav,135.0,138.0,137.0583125,136.8083125,137.3083125,-0.01953125,-0.9375,357.4402354785634,182.5597645214366,"left,right"
Recorder 6 - 0304 to 1004,04-03-2026,18:42:02,1.92448W,50.93973N,100%,12C,90%,6_20260403_184202.wav,AGC,48kHz,stereo,Part1,6_20260403_184202.wav,438.0,441.0,438.12325,438.0,438.37325,0.0,0.0,0.0,180.0,"left,right"
Recorder 6 - 0304 to 1004,04-03-2026,18:42:02,1.92448W,50.93973N,100%,12C,90%,6_20260403_184202.wav,AGC,48kHz,stereo,Part1,6_20260403_184202.wav,495.0,498.0,496.4742083333333,496.2242083333333,496.7242083333333,0.0,0.0,0.0,180.0,"left,right"
Recorder 6 - 0304 to 1004,04-03-2026,18:42:02,1.92448W,50.93973N,100%,12C,90%,6_20260403_184202.wav,AGC,48kHz,stereo,Part1,6_20260403_184202.wav,723.0,726.0,725.2799375,725.0299375,725.5299375,-0.01953125,-0.9375,357.4402354785634,182.5597645214366,"left,right"
Recorder 6 - 0304 to 1004,04-03-2026,18:42:02,1.92448W,50.93973N,100%,12C,90%,6_20260403_184202.wav,AGC,48kHz,stereo,Part1,6_20260403_184202.wav,873.0,876.0,874.5689166666667,874.3189166666667,874.8189166666667,0.0013020833333333333,0.0625,0.1705944566832045,179.8294055433168,"left,right"
Recorder 6 - 0304 to 1004,04-03-2026,18:42:02,1.92448W,50.93973N,100%,12C,90%,6_20260403_184202.wav,AGC,48kHz,stereo,Part1,6_20260403_184202.wav,1029.0,1032.0,1031.871625,1031.621625,1032.0,-0.0013020833333333333,-0.0625,359.8294055433168,180.1705944566832,"left,right"
Recorder 6 - 0304 to 1004,04-03-2026,18:42:02,1.92448W,50.93973N,100%,12C,90%,6_20260403_184202.wav,AGC,48kHz,stereo,Part1,6_20260403_184202.wav,1032.0,1035.0,1032.0100416666667,1032.0,1032.2600416666667,-0.0013020833333333333,-0.0625,359.8294055433168,180.1705944566832,"left,right"
Recorder 6 - 0304 to 1004,04-03-2026,18:42:02,1.92448W,50.93973N,100%,12C,90%,6_20260403_184202.wav,AGC,48kHz,stereo,Part1,6_20260403_184202.wav,1146.0,1149.0,1147.06775,1146.81775,1147.31775,0.0,0.0,0.0,180.0,"left,right"
Recorder 6 - 0304 to 1004,04-03-2026,18:42:02,1.92448W,50.93973N,100%,12C,90%,6_20260403_184202.wav,AGC,48kHz,stereo,Part1,6_20260403_184202.wav,1272.0,1275.0,1273.7711875,1273.5211875,1274.0211875,-0.01953125,-0.9375,357.4402354785634,182.5597645214366,"left,right"
Recorder 6 - 0304 to 1004,04-03-2026,18:42:02,1.92448W,50.93973N,100%,12C,90%,6_20260403_184202.wav,AGC,48kHz,stereo,Part1,6_20260403_184202.wav,1374.0,1377.0,1376.99,1376.74,1377.0,0.0,0.0,0.0,180.0,"left,right"
Recorder 6 - 0304 to 1004,04-03-2026,18:42:02,1.92448W,50.93973N,100%,12C,90%,6_20260403_184202.wav,AGC,48kHz,stereo,Part1,6_20260403_184202.wav,1377.0,1380.0,1377.01,1377.0,1377.26,0.0,0.0,0.0,180.0,"left,right"
Recorder 6 - 0304 to 1004,04-03-2026,18:42:02,1.92448W,50.93973N,100%,12C,90%,6_20260403_184202.wav,AGC,48kHz,stereo,Part1,6_20260403_184202.wav,1506.0,1509.0,1508.5954583333332,1508.3454583333332,1508.8454583333332,0.018229166666666668,0.8750000000000001,2.389011046620638,177.61098895337938,"left,right"
Recorder 6 - 0304 to 1004,04-03-2026,18:42:02,1.92448W,50.93973N,100%,12C,90%,6_20260403_184202.wav,AGC,48kHz,stereo,Part1,6_20260403_184202.wav,1509.0,1512.0,1509.025625,1509.0,1509.275625,0.0,0.0,0.0,180.0,"left,right"
Recorder 6 - 0304 to 1004,04-03-2026,18:42:02,1.92448W,50.93973N,100%,12C,90%,6_20260403_184202.wav,AGC,48kHz,stereo,Part1,6_20260403_184202.wav,1617.0,1620.0,1619.445375,1619.195375,1619.695375,0.0,0.0,0.0,180.0,"left,right"
Recorder 6 - 0304 to 1004,04-03-2026,18:42:02,1.92448W,50.93973N,100%,12C,90%,6_20260403_184202.wav,AGC,48kHz,stereo,Part1,6_20260403_184202.wav,1758.0,1761.0,1759.0191666666667,1758.7691666666667,1759.2691666666667,0.0,0.0,0.0,180.0,"left,right"
Recorder 6 - 0304 to 1004,04-03-2026,19:12:03,1.92448W,50.93973N,100%,12C,90%,6_20260403_191203.wav,AGC,48kHz,stereo,Part2,6_20260403_191203.wav,81.0,84.0,81.85147916666666,81.60147916666666,82.10147916666666,0.0,0.0,0.0,180.0,"left,right"
Recorder 6 - 0304 to 1004,04-03-2026,19:12:03,1.92448W,50.93973N,100%,12C,90%,6_20260403_191203.wav,AGC,48kHz,stereo,Part2,6_20260403_191203.wav,189.0,192.0,190.1128125,189.8628125,190.3628125,0.10416666666666667,5.0,13.779999481122474,166.22000051887753,"left,right"
Recorder 6 - 0304 to 1004,04-03-2026,19:12:03,1.92448W,50.93973N,100%,12C,90%,6_20260403_191203.wav,AGC,48kHz,stereo,Part2,6_20260403_191203.wav,192.0,195.0,192.91904166666666,192.66904166666666,193.16904166666666,0.0,0.0,0.0,180.0,"left,right"
Recorder 6 - 0304 to 1004,04-03-2026,19:12:03,1.92448W,50.93973N,100%,12C,90%,6_20260403_191203.wav,AGC,48kHz,stereo,Part2,6_20260403_191203.wav,330.0,333.0,332.7691041666667,332.5191041666667,333.0,0.0013020833333333333,0.0625,0.1705944566832045,179.8294055433168,"left,right"
Recorder 6 - 0304 to 1004,04-03-2026,19:12:03,1.92448W,50.93973N,100%,12C,90%,6_20260403_191203.wav,AGC,48kHz,stereo,Part2,6_20260403_191203.wav,333.0,336.0,333.1441041666667,333.0,333.3941041666667,-0.0013020833333333333,-0.0625,359.8294055433168,180.1705944566832,"left,right"
Recorder 6 - 0304 to 1004,04-03-2026,19:12:03,1.92448W,50.93973N,100%,12C,90%,6_20260403_191203.wav,AGC,48kHz,stereo,Part2,6_20260403_191203.wav,465.0,468.0,466.4191875,466.1691875,466.6691875,0.020833333333333332,1.0,2.730540749448636,177.26945925055136,"left,right"
Recorder 6 - 0304 to 1004,04-03-2026,19:12:03,1.92448W,50.93973N,100%,12C,90%,6_20260403_191203.wav,AGC,48kHz,stereo,Part2,6_20260403_191203.wav,570.0,573.0,570.1316041666666,570.0,570.3816041666666,0.0,0.0,0.0,180.0,"left,right"
Recorder 6 - 0304 to 1004,04-03-2026,19:12:03,1.92448W,50.93973N,100%,12C,90%,6_20260403_191203.wav,AGC,48kHz,stereo,Part2,6_20260403_191203.wav,657.0,660.0,657.2761875,657.0261875,657.5261875,-0.022135416666666668,-1.0625,357.0986587424351,182.90134125756492,"left,right"
Recorder 6 - 0304 to 1004,04-03-2026,19:12:03,1.92448W,50.93973N,100%,12C,90%,6_20260403_191203.wav,AGC,48kHz,stereo,Part2,6_20260403_191203.wav,978.0,981.0,978.7735416666667,978.5235416666667,979.0235416666667,0.0013020833333333333,0.0625,0.1705944566832045,179.8294055433168,"left,right"
Recorder 6 - 0304 to 1004,04-03-2026,19:12:03,1.92448W,50.93973N,100%,12C,90%,6_20260403_191203.wav,AGC,48kHz,stereo,Part2,6_20260403_191203.wav,1101.0,1104.0,1103.1304583333333,1102.8804583333333,1103.3804583333333,-0.31119791666666663,-14.9375,314.6342733473279,225.3657266526721,"left,right"
Recorder 6 - 0304 to 1004,04-03-2026,19:12:03,1.92448W,50.93973N,100%,12C,90%,6_20260403_191203.wav,AGC,48kHz,stereo,Part2,6_20260403_191203.wav,1191.0,1194.0,1193.4952291666666,1193.2452291666666,1193.7452291666666,-0.0013020833333333333,-0.0625,359.8294055433168,180.1705944566832,"left,right"
Recorder 6 - 0304 to 1004,04-03-2026,19:12:03,1.92448W,50.93973N,100%,12C,90%,6_20260403_191203.wav,AGC,48kHz,stereo,Part2,6_20260403_191203.wav,1305.0,1308.0,1307.152875,1306.902875,1307.402875,0.0,0.0,0.0,180.0,"left,right"
Recorder 6 - 0304 to 1004,04-03-2026,19:12:03,1.92448W,50.93973N,100%,12C,90%,6_20260403_191203.wav,AGC,48kHz,stereo,Part2,6_20260403_191203.wav,1356.0,1359.0,1357.3003125,1357.0503125,1357.5503125,-0.0013020833333333333,-0.0625,359.8294055433168,180.1705944566832,"left,right"
Recorder 6 - 0304 to 1004,04-03-2026,19:12:03,1.92448W,50.93973N,100%,12C,90%,6_20260403_191203.wav,AGC,48kHz,stereo,Part2,6_20260403_191203.wav,1404.0,1407.0,1406.5585416666668,1406.3085416666668,1406.8085416666668,0.0,0.0,0.0,180.0,"left,right"
Recorder 6 - 0304 to 1004,04-03-2026,19:12:03,1.92448W,50.93973N,100%,12C,90%,6_20260403_191203.wav,AGC,48kHz,stereo,Part2,6_20260403_191203.wav,1593.0,1596.0,1595.9150625,1595.6650625,1596.0,0.0,0.0,0.0,180.0,"left,right"
Recorder 6 - 0304 to 1004,04-03-2026,19:12:03,1.92448W,50.93973N,100%,12C,90%,6_20260403_191203.wav,AGC,48kHz,stereo,Part2,6_20260403_191203.wav,1677.0,1680.0,1678.1862708333333,1677.9362708333333,1678.4362708333333,-0.0013020833333333333,-0.0625,359.8294055433168,180.1705944566832,"left,right"
Recorder 6 - 0304 to 1004,04-04-2026,06:39:02,1.92448W,50.93973N,100%,7C,97%,6_20260404_063902.wav,AGC,48kHz,stereo,Part1,6_20260404_063902.wav,27.0,30.0,29.0644375,28.8144375,29.3144375,-0.0013020833333333333,-0.0625,359.8294055433168,180.1705944566832,"left,right"
Recorder 6 - 0304 to 1004,04-04-2026,06:39:02,1.92448W,50.93973N,100%,7C,97%,6_20260404_063902.wav,AGC,48kHz,stereo,Part1,6_20260404_063902.wav,75.0,78.0,76.26835416666667,76.01835416666667,76.51835416666667,0.0,0.0,0.0,180.0,"left,right"
Recorder 6 - 0304 to 1004,04-04-2026,06:39:02,1.92448W,50.93973N,100%,7C,97%,6_20260404_063902.wav,AGC,48kHz,stereo,Part1,6_20260404_063902.wav,264.0,267.0,265.06808333333333,264.81808333333333,265.31808333333333,-0.0026041666666666665,-0.125,359.65880957427,180.34119042573002,"left,right"
Recorder 6 - 0304 to 1004,04-04-2026,06:39:02,1.92448W,50.93973N,100%,7C,97%,6_20260404_063902.wav,AGC,48kHz,stereo,Part1,6_20260404_063902.wav,450.0,453.0,451.080375,450.830375,451.330375,0.0234375,1.125,3.0721675746425348,176.92783242535745,"left,right"
Recorder 6 - 0304 to 1004,04-04-2026,06:39:02,1.92448W,50.93973N,100%,7C,97%,6_20260404_063902.wav,AGC,48kHz,stereo,Part1,6_20260404_063902.wav,1212.0,1215.0,1212.9244583333334,1212.6744583333334,1213.1744583333334,0.0,0.0,0.0,180.0,"left,right"
Recorder 6 - 0304 to 1004,04-04-2026,07:09:03,1.92448W,50.93973N,100%,7C,97%,6_20260404_070903.wav,AGC,48kHz,stereo,Part2,6_20260404_070903.wav,132.0,135.0,132.02304166666667,132.0,132.27304166666667,0.022135416666666668,1.0625,2.9013412575649227,177.09865874243508,"left,right"
Recorder 6 - 0304 to 1004,04-04-2026,07:09:03,1.92448W,50.93973N,100%,7C,97%,6_20260404_070903.wav,AGC,48kHz,stereo,Part2,6_20260404_070903.wav,342.0,345.0,342.2101666666667,342.0,342.4601666666667,0.0,0.0,0.0,180.0,"left,right"
Recorder 6 - 0304 to 1004,04-04-2026,07:09:03,1.92448W,50.93973N,100%,7C,97%,6_20260404_070903.wav,AGC,48kHz,stereo,Part2,6_20260404_070903.wav,462.0,465.0,463.457875,463.207875,463.707875,0.0013020833333333333,0.0625,0.1705944566832045,179.8294055433168,"left,right"
Recorder 6 - 0304 to 1004,04-04-2026,07:09:03,1.92448W,50.93973N,100%,7C,97%,6_20260404_070903.wav,AGC,48kHz,stereo,Part2,6_20260404_070903.wav,588.0,591.0,590.99,590.74,591.0,0.0,0.0,0.0,180.0,"left,right"
Recorder 6 - 0304 to 1004,04-04-2026,07:09:03,1.92448W,50.93973N,100%,7C,97%,6_20260404_070903.wav,AGC,48kHz,stereo,Part2,6_20260404_070903.wav,591.0,594.0,591.0722291666667,591.0,591.3222291666667,0.0,0.0,0.0,180.0,"left,right"
Recorder 6 - 0304 to 1004,04-04-2026,07:09:03,1.92448W,50.93973N,100%,7C,97%,6_20260404_070903.wav,AGC,48kHz,stereo,Part2,6_20260404_070903.wav,642.0,645.0,643.9372916666666,643.6872916666666,644.1872916666666,0.0,0.0,0.0,180.0,"left,right"
Recorder 6 - 0304 to 1004,04-04-2026,07:09:03,1.92448W,50.93973N,100%,7C,97%,6_20260404_070903.wav,AGC,48kHz,stereo,Part2,6_20260404_070903.wav,735.0,738.0,735.0974166666666,735.0,735.3474166666666,-0.041666666666666664,-2.0,354.5326921717127,185.4673078282873,"left,right"
Recorder 6 - 0304 to 1004,04-04-2026,07:09:03,1.92448W,50.93973N,100%,7C,97%,6_20260404_070903.wav,AGC,48kHz,stereo,Part2,6_20260404_070903.wav,987.0,990.0,989.0330625,988.7830625,989.2830625,0.01953125,0.9375,2.559764521436577,177.4402354785634,"left,right"
Recorder 6 - 0304 to 1004,04-04-2026,07:09:03,1.92448W,50.93973N,100%,7C,97%,6_20260404_070903.wav,AGC,48kHz,stereo,Part2,6_20260404_070903.wav,1374.0,1377.0,1375.6446666666666,1375.3946666666666,1375.8946666666666,-0.020833333333333332,-1.0,357.26945925055134,182.73054074944866,"left,right"
Recorder 6 - 0304 to 1004,04-04-2026,07:09:03,1.92448W,50.93973N,100%,7C,97%,6_20260404_070903.wav,AGC,48kHz,stereo,Part2,6_20260404_070903.wav,1482.0,1485.0,1484.4963541666666,1484.2463541666666,1484.7463541666666,0.0,0.0,0.0,180.0,"left,right"
Recorder 6 - 0304 to 1004,04-04-2026,07:09:03,1.92448W,50.93973N,100%,7C,97%,6_20260404_070903.wav,AGC,48kHz,stereo,Part2,6_20260404_070903.wav,1593.0,1596.0,1594.6228958333334,1594.3728958333334,1594.8728958333334,-0.0013020833333333333,-0.0625,359.8294055433168,180.1705944566832,"left,right"
Recorder 6 - 0304 to 1004,04-04-2026,07:09:03,1.92448W,50.93973N,100%,7C,97%,6_20260404_070903.wav,AGC,48kHz,stereo,Part2,6_20260404_070903.wav,1683.0,1686.0,1683.9405416666666,1683.6905416666666,1684.1905416666666,0.0,0.0,0.0,180.0,"left,right"
Recorder 6 - 0304 to 1004,04-04-2026,07:09:03,1.92448W,50.93973N,100%,7C,97%,6_20260404_070903.wav,AGC,48kHz,stereo,Part2,6_20260404_070903.wav,1728.0,1731.0,1728.246875,1728.0,1728.496875,0.0,0.0,0.0,180.0,"left,right"
Recorder 6 - 0304 to 1004,04-04-2026,18:42:02,1.92448W,50.93973N,100%,12C,73%,6_20260404_184202.wav,AGC,48kHz,stereo,Part1,6_20260404_184202.wav,492.0,495.0,494.74777083333333,494.49777083333333,494.99777083333333,0.0,0.0,0.0,180.0,"left,right"
Recorder 6 - 0304 to 1004,04-04-2026,18:42:02,1.92448W,50.93973N,100%,12C,73%,6_20260404_184202.wav,AGC,48kHz,stereo,Part1,6_20260404_184202.wav,807.0,810.0,809.0376458333334,808.7876458333334,809.2876458333334,0.0013020833333333333,0.0625,0.1705944566832045,179.8294055433168,"left,right"
Recorder 6 - 0304 to 1004,04-04-2026,18:42:02,1.92448W,50.93973N,100%,12C,73%,6_20260404_184202.wav,AGC,48kHz,stereo,Part1,6_20260404_184202.wav,1050.0,1053.0,1051.6878958333334,1051.4378958333334,1051.9378958333334,-0.0013020833333333333,-0.0625,359.8294055433168,180.1705944566832,"left,right"
Recorder 6 - 0304 to 1004,04-04-2026,18:42:02,1.92448W,50.93973N,100%,12C,73%,6_20260404_184202.wav,AGC,48kHz,stereo,Part1,6_20260404_184202.wav,1170.0,1173.0,1170.4157083333334,1170.1657083333334,1170.6657083333334,-0.020833333333333332,-1.0,357.26945925055134,182.73054074944866,"left,right"
Recorder 6 - 0304 to 1004,04-04-2026,18:42:02,1.92448W,50.93973N,100%,12C,73%,6_20260404_184202.wav,AGC,48kHz,stereo,Part1,6_20260404_184202.wav,1359.0,1362.0,1360.241875,1359.991875,1360.491875,0.0,0.0,0.0,180.0,"left,right"
Recorder 6 - 0304 to 1004,04-04-2026,18:42:02,1.92448W,50.93973N,100%,12C,73%,6_20260404_184202.wav,AGC,48kHz,stereo,Part1,6_20260404_184202.wav,1557.0,1560.0,1558.927625,1558.677625,1559.177625,0.0,0.0,0.0,180.0,"left,right"
Recorder 6 - 0304 to 1004,04-04-2026,19:12:03,1.92448W,50.93973N,100%,12C,73%,6_20260404_191203.wav,AGC,48kHz,stereo,Part2,6_20260404_191203.wav,297.0,300.0,297.593125,297.343125,297.843125,-0.022135416666666668,-1.0625,357.0986587424351,182.90134125756492,"left,right"
Recorder 6 - 0304 to 1004,04-04-2026,19:12:03,1.92448W,50.93973N,100%,12C,73%,6_20260404_191203.wav,AGC,48kHz,stereo,Part2,6_20260404_191203.wav,474.0,477.0,474.4730833333333,474.2230833333333,474.7230833333333,-0.020833333333333332,-1.0,357.26945925055134,182.73054074944866,"left,right"
Recorder 6 - 0304 to 1004,04-04-2026,19:12:03,1.92448W,50.93973N,100%,12C,73%,6_20260404_191203.wav,AGC,48kHz,stereo,Part2,6_20260404_191203.wav,579.0,582.0,581.9260208333334,581.6760208333334,582.0,0.04296875,2.0625,5.638706452994867,174.36129354700512,"left,right"
Recorder 6 - 0304 to 1004,04-04-2026,19:12:03,1.92448W,50.93973N,100%,12C,73%,6_20260404_191203.wav,AGC,48kHz,stereo,Part2,6_20260404_191203.wav,582.0,585.0,582.3908333333334,582.1408333333334,582.6408333333334,0.0013020833333333333,0.0625,0.1705944566832045,179.8294055433168,"left,right"
Recorder 6 - 0304 to 1004,04-04-2026,19:12:03,1.92448W,50.93973N,100%,12C,73%,6_20260404_191203.wav,AGC,48kHz,stereo,Part2,6_20260404_191203.wav,1254.0,1257.0,1254.3242708333332,1254.0742708333332,1254.5742708333332,0.0,0.0,0.0,180.0,"left,right"
Recorder 6 - 0304 to 1004,04-05-2026,06:39:02,1.92448W,50.93973N,100%,6C,82%,6_20260405_063902.wav,AGC,48kHz,stereo,Part1,6_20260405_063902.wav,60.0,63.0,61.837020833333334,61.587020833333334,62.087020833333334,-0.18880208333333334,-9.0625,334.42276272971446,205.57723727028554,"left,right"
Recorder 6 - 0304 to 1004,04-05-2026,06:39:02,1.92448W,50.93973N,100%,6C,82%,6_20260405_063902.wav,AGC,48kHz,stereo,Part1,6_20260405_063902.wav,162.0,165.0,164.66227083333334,164.41227083333334,164.91227083333334,-0.0013020833333333333,-0.0625,359.8294055433168,180.1705944566832,"left,right"
Recorder 6 - 0304 to 1004,04-05-2026,06:39:02,1.92448W,50.93973N,100%,6C,82%,6_20260405_063902.wav,AGC,48kHz,stereo,Part1,6_20260405_063902.wav,165.0,168.0,165.01002083333333,165.0,165.26002083333333,0.0,0.0,0.0,180.0,"left,right"
Recorder 6 - 0304 to 1004,04-05-2026,06:39:02,1.92448W,50.93973N,100%,6C,82%,6_20260405_063902.wav,AGC,48kHz,stereo,Part1,6_20260405_063902.wav,246.0,249.0,246.9858125,246.7358125,247.2358125,0.0,0.0,0.0,180.0,"left,right"
Recorder 6 - 0304 to 1004,04-05-2026,06:39:02,1.92448W,50.93973N,100%,6C,82%,6_20260405_063902.wav,AGC,48kHz,stereo,Part1,6_20260405_063902.wav,450.0,453.0,450.98702083333336,450.73702083333336,451.23702083333336,0.0013020833333333333,0.0625,0.1705944566832045,179.8294055433168,"left,right"
Recorder 6 - 0304 to 1004,04-05-2026,06:39:02,1.92448W,50.93973N,100%,6C,82%,6_20260405_063902.wav,AGC,48kHz,stereo,Part1,6_20260405_063902.wav,519.0,522.0,519.1099583333333,519.0,519.3599583333333,-0.0013020833333333333,-0.0625,359.8294055433168,180.1705944566832,"left,right"
Recorder 6 - 0304 to 1004,04-05-2026,07:09:03,1.92448W,50.93973N,100%,6C,82%,6_20260405_070903.wav,AGC,48kHz,stereo,Part2,6_20260405_070903.wav,849.0,852.0,849.46925,849.21925,849.71925,0.018229166666666668,0.8750000000000001,2.389011046620638,177.61098895337938,"left,right"
Recorder 6 - 0304 to 1004,04-05-2026,18:42:02,1.92448W,50.93973N,100%,10C,54%,6_20260405_184202.wav,AGC,48kHz,stereo,Part1,6_20260405_184202.wav,90.0,93.0,90.24441666666667,90.0,90.49441666666667,-0.022135416666666668,-1.0625,357.0986587424351,182.90134125756492,"left,right"
Recorder 6 - 0304 to 1004,04-05-2026,18:42:02,1.92448W,50.93973N,100%,10C,54%,6_20260405_184202.wav,AGC,48kHz,stereo,Part1,6_20260405_184202.wav,204.0,207.0,204.75172916666668,204.50172916666668,205.00172916666668,-0.020833333333333332,-1.0,357.26945925055134,182.73054074944866,"left,right"
Recorder 6 - 0304 to 1004,04-05-2026,18:42:02,1.92448W,50.93973N,100%,10C,54%,6_20260405_184202.wav,AGC,48kHz,stereo,Part1,6_20260405_184202.wav,495.0,498.0,495.40095833333334,495.15095833333334,495.65095833333334,0.0,0.0,0.0,180.0,"left,right"
Recorder 6 - 0304 to 1004,04-05-2026,18:42:02,1.92448W,50.93973N,100%,10C,54%,6_20260405_184202.wav,AGC,48kHz,stereo,Part1,6_20260405_184202.wav,702.0,705.0,703.2513333333334,703.0013333333334,703.5013333333334,0.0013020833333333333,0.0625,0.1705944566832045,179.8294055433168,"left,right"
Recorder 6 - 0304 to 1004,04-05-2026,18:42:02,1.92448W,50.93973N,100%,10C,54%,6_20260405_184202.wav,AGC,48kHz,stereo,Part1,6_20260405_184202.wav,990.0,993.0,990.1562291666667,990.0,990.4062291666667,0.0,0.0,0.0,180.0,"left,right"
Recorder 6 - 0304 to 1004,04-05-2026,18:42:02,1.92448W,50.93973N,100%,10C,54%,6_20260405_184202.wav,AGC,48kHz,stereo,Part1,6_20260405_184202.wav,1116.0,1119.0,1118.99,1118.74,1119.0,-0.0013020833333333333,-0.0625,359.8294055433168,180.1705944566832,"left,right"
Recorder 6 - 0304 to 1004,04-05-2026,18:42:02,1.92448W,50.93973N,100%,10C,54%,6_20260405_184202.wav,AGC,48kHz,stereo,Part1,6_20260405_184202.wav,1119.0,1122.0,1119.0100208333333,1119.0,1119.2600208333333,0.0013020833333333333,0.0625,0.1705944566832045,179.8294055433168,"left,right"
Recorder 6 - 0304 to 1004,04-05-2026,18:42:02,1.92448W,50.93973N,100%,10C,54%,6_20260405_184202.wav,AGC,48kHz,stereo,Part1,6_20260405_184202.wav,1257.0,1260.0,1257.413,1257.163,1257.663,-0.25,-12.0,325.1334705496143,214.8665294503857,"left,right"
Recorder 6 - 0304 to 1004,04-05-2026,18:42:02,1.92448W,50.93973N,100%,10C,54%,6_20260405_184202.wav,AGC,48kHz,stereo,Part1,6_20260405_184202.wav,1464.0,1467.0,1466.9230625,1466.6730625,1467.0,-0.0013020833333333333,-0.0625,359.8294055433168,180.1705944566832,"left,right"
Recorder 6 - 0304 to 1004,04-05-2026,18:42:02,1.92448W,50.93973N,100%,10C,54%,6_20260405_184202.wav,AGC,48kHz,stereo,Part1,6_20260405_184202.wav,1590.0,1593.0,1591.6945208333334,1591.4445208333334,1591.9445208333334,-0.0013020833333333333,-0.0625,359.8294055433168,180.1705944566832,"left,right"
Recorder 6 - 0304 to 1004,04-05-2026,18:42:02,1.92448W,50.93973N,100%,10C,54%,6_20260405_184202.wav,AGC,48kHz,stereo,Part1,6_20260405_184202.wav,1749.0,1752.0,1751.9096041666667,1751.6596041666667,1752.0,0.0,0.0,0.0,180.0,"left,right"
Recorder 6 - 0304 to 1004,04-05-2026,19:12:03,1.92448W,50.93973N,100%,10C,54%,6_20260405_191203.wav,AGC,48kHz,stereo,Part2,6_20260405_191203.wav,84.0,87.0,84.26379166666666,84.01379166666666,84.51379166666666,-0.018229166666666668,-0.8750000000000001,357.6109889533793,182.38901104662065,"left,right"
Recorder 6 - 0304 to 1004,04-05-2026,19:12:03,1.92448W,50.93973N,100%,10C,54%,6_20260405_191203.wav,AGC,48kHz,stereo,Part2,6_20260405_191203.wav,189.0,192.0,191.643875,191.393875,191.893875,0.020833333333333332,1.0,2.730540749448636,177.26945925055136,"left,right"
Recorder 6 - 0304 to 1004,04-05-2026,19:12:03,1.92448W,50.93973N,100%,10C,54%,6_20260405_191203.wav,AGC,48kHz,stereo,Part2,6_20260405_191203.wav,192.0,195.0,192.0400625,192.0,192.2900625,0.0,0.0,0.0,180.0,"left,right"
Recorder 6 - 0304 to 1004,04-05-2026,19:12:03,1.92448W,50.93973N,100%,10C,54%,6_20260405_191203.wav,AGC,48kHz,stereo,Part2,6_20260405_191203.wav,330.0,333.0,331.51222916666666,331.26222916666666,331.76222916666666,0.0013020833333333333,0.0625,0.1705944566832045,179.8294055433168,"left,right"
Recorder 6 - 0304 to 1004,04-05-2026,19:12:03,1.92448W,50.93973N,100%,10C,54%,6_20260405_191203.wav,AGC,48kHz,stereo,Part2,6_20260405_191203.wav,333.0,336.0,333.2678125,333.0178125,333.5178125,0.01953125,0.9375,2.559764521436577,177.4402354785634,"left,right"
Recorder 6 - 0304 to 1004,04-05-2026,19:12:03,1.92448W,50.93973N,100%,10C,54%,6_20260405_191203.wav,AGC,48kHz,stereo,Part2,6_20260405_191203.wav,516.0,519.0,518.0135208333334,517.7635208333334,518.2635208333334,0.020833333333333332,1.0,2.730540749448636,177.26945925055136,"left,right"
Recorder 6 - 0304 to 1004,04-05-2026,19:12:03,1.92448W,50.93973N,100%,10C,54%,6_20260405_191203.wav,AGC,48kHz,stereo,Part2,6_20260405_191203.wav,573.0,576.0,575.9336458333333,575.6836458333333,576.0,0.0,0.0,0.0,180.0,"left,right"
Recorder 6 - 0304 to 1004,04-05-2026,19:12:03,1.92448W,50.93973N,100%,10C,54%,6_20260405_191203.wav,AGC,48kHz,stereo,Part2,6_20260405_191203.wav,576.0,579.0,576.0551458333333,576.0,576.3051458333333,-0.01953125,-0.9375,357.4402354785634,182.5597645214366,"left,right"
Recorder 6 - 0304 to 1004,04-05-2026,19:12:03,1.92448W,50.93973N,100%,10C,54%,6_20260405_191203.wav,AGC,48kHz,stereo,Part2,6_20260405_191203.wav,609.0,612.0,610.6093125,610.3593125,610.8593125,0.0,0.0,0.0,180.0,"left,right"
Recorder 6 - 0304 to 1004,04-05-2026,19:12:03,1.92448W,50.93973N,100%,10C,54%,6_20260405_191203.wav,AGC,48kHz,stereo,Part2,6_20260405_191203.wav,633.0,636.0,635.4846875,635.2346875,635.7346875,-0.0013020833333333333,-0.0625,359.8294055433168,180.1705944566832,"left,right"
Recorder 6 - 0304 to 1004,04-05-2026,19:12:03,1.92448W,50.93973N,100%,10C,54%,6_20260405_191203.wav,AGC,48kHz,stereo,Part2,6_20260405_191203.wav,636.0,639.0,636.01,636.0,636.26,0.0,0.0,0.0,180.0,"left,right"
Recorder 6 - 0304 to 1004,04-05-2026,19:12:03,1.92448W,50.93973N,100%,10C,54%,6_20260405_191203.wav,AGC,48kHz,stereo,Part2,6_20260405_191203.wav,654.0,657.0,656.780625,656.530625,657.0,0.0026041666666666665,0.125,0.34119042573000513,179.65880957426998,"left,right"
Recorder 6 - 0304 to 1004,04-05-2026,19:12:03,1.92448W,50.93973N,100%,10C,54%,6_20260405_191203.wav,AGC,48kHz,stereo,Part2,6_20260405_191203.wav,657.0,660.0,657.2034166666666,657.0,657.4534166666666,-0.01953125,-0.9375,357.4402354785634,182.5597645214366,"left,right"
Recorder 6 - 0304 to 1004,04-05-2026,19:12:03,1.92448W,50.93973N,100%,10C,54%,6_20260405_191203.wav,AGC,48kHz,stereo,Part2,6_20260405_191203.wav,738.0,741.0,739.5732083333334,739.3232083333334,739.8232083333334,0.0,0.0,0.0,180.0,"left,right"
Recorder 6 - 0304 to 1004,04-05-2026,19:12:03,1.92448W,50.93973N,100%,10C,54%,6_20260405_191203.wav,AGC,48kHz,stereo,Part2,6_20260405_191203.wav,849.0,852.0,850.8776666666666,850.6276666666666,851.1276666666666,-0.08333333333333333,-4.0,349.0147924468201,190.98520755317992,"left,right"
Recorder 6 - 0304 to 1004,04-05-2026,19:12:03,1.92448W,50.93973N,100%,10C,54%,6_20260405_191203.wav,AGC,48kHz,stereo,Part2,6_20260405_191203.wav,1065.0,1068.0,1065.0548125,1065.0,1065.3048125,0.0013020833333333333,0.0625,0.1705944566832045,179.8294055433168,"left,right"
Recorder 6 - 0304 to 1004,04-05-2026,19:12:03,1.92448W,50.93973N,100%,10C,54%,6_20260405_191203.wav,AGC,48kHz,stereo,Part2,6_20260405_191203.wav,1152.0,1155.0,1152.3462708333334,1152.0962708333334,1152.5962708333334,0.0,0.0,0.0,180.0,"left,right"
Recorder 6 - 0304 to 1004,04-05-2026,19:12:03,1.92448W,50.93973N,100%,10C,54%,6_20260405_191203.wav,AGC,48kHz,stereo,Part2,6_20260405_191203.wav,1302.0,1305.0,1302.4296875,1302.1796875,1302.6796875,0.0013020833333333333,0.0625,0.1705944566832045,179.8294055433168,"left,right"
Recorder 6 - 0304 to 1004,04-05-2026,19:12:03,1.92448W,50.93973N,100%,10C,54%,6_20260405_191203.wav,AGC,48kHz,stereo,Part2,6_20260405_191203.wav,1380.0,1383.0,1380.123125,1380.0,1380.373125,-0.0013020833333333333,-0.0625,359.8294055433168,180.1705944566832,"left,right"
Recorder 6 - 0304 to 1004,04-05-2026,19:12:03,1.92448W,50.93973N,100%,10C,54%,6_20260405_191203.wav,AGC,48kHz,stereo,Part2,6_20260405_191203.wav,1530.0,1533.0,1532.436625,1532.186625,1532.686625,-0.020833333333333332,-1.0,357.26945925055134,182.73054074944866,"left,right"
Recorder 6 - 0304 to 1004,04-05-2026,19:12:03,1.92448W,50.93973N,100%,10C,54%,6_20260405_191203.wav,AGC,48kHz,stereo,Part2,6_20260405_191203.wav,1668.0,1671.0,1670.1588958333334,1669.9088958333334,1670.4088958333334,0.0,0.0,0.0,180.0,"left,right"
Recorder 6 - 0304 to 1004,04-05-2026,19:12:03,1.92448W,50.93973N,100%,10C,54%,6_20260405_191203.wav,AGC,48kHz,stereo,Part2,6_20260405_191203.wav,1773.0,1776.0,1773.0954583333332,1773.0,1773.3454583333332,0.0,0.0,0.0,180.0,"left,right"
Recorder 6 - 0304 to 1004,04-06-2026,06:39:02,1.92448W,50.93973N,100%,-1C,96%,6_20260406_063902.wav,AGC,48kHz,stereo,Part1,6_20260406_063902.wav,27.0,30.0,28.425270833333332,28.175270833333332,28.675270833333332,0.3958333333333333,19.0,64.84199555654006,115.15800444345994,"left,right"
Recorder 6 - 0304 to 1004,04-06-2026,06:39:02,1.92448W,50.93973N,100%,-1C,96%,6_20260406_063902.wav,AGC,48kHz,stereo,Part1,6_20260406_063902.wav,141.0,144.0,143.3995,143.1495,143.6495,0.0,0.0,0.0,180.0,"left,right"
Recorder 6 - 0304 to 1004,04-06-2026,06:39:02,1.92448W,50.93973N,100%,-1C,96%,6_20260406_063902.wav,AGC,48kHz,stereo,Part1,6_20260406_063902.wav,243.0,246.0,243.36060416666666,243.11060416666666,243.61060416666666,0.43619791666666663,20.9375,85.89876061475425,94.10123938524575,"left,right"
Recorder 6 - 0304 to 1004,04-06-2026,06:39:02,1.92448W,50.93973N,100%,-1C,96%,6_20260406_063902.wav,AGC,48kHz,stereo,Part1,6_20260406_063902.wav,372.0,375.0,372.8773125,372.6273125,373.1273125,0.0,0.0,0.0,180.0,"left,right"
Recorder 6 - 0304 to 1004,04-06-2026,06:39:02,1.92448W,50.93973N,100%,-1C,96%,6_20260406_063902.wav,AGC,48kHz,stereo,Part1,6_20260406_063902.wav,498.0,501.0,499.66014583333333,499.41014583333333,499.91014583333333,0.0,0.0,0.0,180.0,"left,right"
Recorder 6 - 0304 to 1004,04-06-2026,06:39:02,1.92448W,50.93973N,100%,-1C,96%,6_20260406_063902.wav,AGC,48kHz,stereo,Part1,6_20260406_063902.wav,513.0,516.0,513.9847083333333,513.7347083333333,514.2347083333333,-0.01953125,-0.9375,357.4402354785634,182.5597645214366,"left,right"
Recorder 6 - 0304 to 1004,04-06-2026,06:39:02,1.92448W,50.93973N,100%,-1C,96%,6_20260406_063902.wav,AGC,48kHz,stereo,Part1,6_20260406_063902.wav,597.0,600.0,598.4899583333333,598.2399583333333,598.7399583333333,0.0,0.0,0.0,180.0,"left,right"
Recorder 6 - 0304 to 1004,04-06-2026,06:39:02,1.92448W,50.93973N,100%,-1C,96%,6_20260406_063902.wav,AGC,48kHz,stereo,Part1,6_20260406_063902.wav,612.0,615.0,614.8208958333333,614.5708958333333,615.0,-0.0013020833333333333,-0.0625,359.8294055433168,180.1705944566832,"left,right"
Recorder 6 - 0304 to 1004,04-06-2026,06:39:02,1.92448W,50.93973N,100%,-1C,96%,6_20260406_063902.wav,AGC,48kHz,stereo,Part1,6_20260406_063902.wav,615.0,618.0,615.2239375,615.0,615.4739375,0.0,0.0,0.0,180.0,"left,right"
Recorder 6 - 0304 to 1004,04-06-2026,06:39:02,1.92448W,50.93973N,100%,-1C,96%,6_20260406_063902.wav,AGC,48kHz,stereo,Part1,6_20260406_063902.wav,699.0,702.0,701.7416666666667,701.4916666666667,701.9916666666667,0.0013020833333333333,0.0625,0.1705944566832045,179.8294055433168,"left,right"
Recorder 6 - 0304 to 1004,04-06-2026,06:39:02,1.92448W,50.93973N,100%,-1C,96%,6_20260406_063902.wav,AGC,48kHz,stereo,Part1,6_20260406_063902.wav,702.0,705.0,702.0395833333333,702.0,702.2895833333333,-0.0013020833333333333,-0.0625,359.8294055433168,180.1705944566832,"left,right"
Recorder 6 - 0304 to 1004,04-06-2026,06:39:02,1.92448W,50.93973N,100%,-1C,96%,6_20260406_063902.wav,AGC,48kHz,stereo,Part1,6_20260406_063902.wav,732.0,735.0,734.5576666666667,734.3076666666667,734.8076666666667,0.0,0.0,0.0,180.0,"left,right"
Recorder 6 - 0304 to 1004,04-06-2026,06:39:02,1.92448W,50.93973N,100%,-1C,96%,6_20260406_063902.wav,AGC,48kHz,stereo,Part1,6_20260406_063902.wav,780.0,783.0,782.670625,782.420625,782.920625,0.0,0.0,0.0,180.0,"left,right"
Recorder 6 - 0304 to 1004,04-06-2026,06:39:02,1.92448W,50.93973N,100%,-1C,96%,6_20260406_063902.wav,AGC,48kHz,stereo,Part1,6_20260406_063902.wav,783.0,786.0,783.0907083333333,783.0,783.3407083333333,0.0,0.0,0.0,180.0,"left,right"
Recorder 6 - 0304 to 1004,04-06-2026,06:39:02,1.92448W,50.93973N,100%,-1C,96%,6_20260406_063902.wav,AGC,48kHz,stereo,Part1,6_20260406_063902.wav,834.0,837.0,834.615625,834.365625,834.865625,0.14322916666666666,6.875,19.11815850349892,160.88184149650107,"left,right"
Recorder 6 - 0304 to 1004,04-06-2026,06:39:02,1.92448W,50.93973N,100%,-1C,96%,6_20260406_063902.wav,AGC,48kHz,stereo,Part1,6_20260406_063902.wav,879.0,882.0,881.3586875,881.1086875,881.6086875,0.0,0.0,0.0,180.0,"left,right"
Recorder 6 - 0304 to 1004,04-06-2026,06:39:02,1.92448W,50.93973N,100%,-1C,96%,6_20260406_063902.wav,AGC,48kHz,stereo,Part1,6_20260406_063902.wav,1026.0,1029.0,1026.0604166666667,1026.0,1026.3104166666667,0.0,0.0,0.0,180.0,"left,right"
Recorder 6 - 0304 to 1004,04-06-2026,06:39:02,1.92448W,50.93973N,100%,-1C,96%,6_20260406_063902.wav,AGC,48kHz,stereo,Part1,6_20260406_063902.wav,1119.0,1122.0,1119.4266458333334,1119.1766458333334,1119.6766458333334,-0.01953125,-0.9375,357.4402354785634,182.5597645214366,"left,right"
Recorder 6 - 0304 to 1004,04-06-2026,06:39:02,1.92448W,50.93973N,100%,-1C,96%,6_20260406_063902.wav,AGC,48kHz,stereo,Part1,6_20260406_063902.wav,1245.0,1248.0,1245.429875,1245.179875,1245.679875,0.020833333333333332,1.0,2.730540749448636,177.26945925055136,"left,right"
Recorder 6 - 0304 to 1004,04-06-2026,06:39:02,1.92448W,50.93973N,100%,-1C,96%,6_20260406_063902.wav,AGC,48kHz,stereo,Part1,6_20260406_063902.wav,1356.0,1359.0,1358.1567083333334,1357.9067083333334,1358.4067083333334,0.0013020833333333333,0.0625,0.1705944566832045,179.8294055433168,"left,right"
Recorder 6 - 0304 to 1004,04-06-2026,06:39:02,1.92448W,50.93973N,100%,-1C,96%,6_20260406_063902.wav,AGC,48kHz,stereo,Part1,6_20260406_063902.wav,1398.0,1401.0,1398.5144166666666,1398.2644166666666,1398.7644166666666,0.0,0.0,0.0,180.0,"left,right"
Recorder 6 - 0304 to 1004,04-06-2026,06:39:02,1.92448W,50.93973N,100%,-1C,96%,6_20260406_063902.wav,AGC,48kHz,stereo,Part1,6_20260406_063902.wav,1581.0,1584.0,1582.3955,1582.1455,1582.6455,0.0,0.0,0.0,180.0,"left,right"
Recorder 6 - 0304 to 1004,04-06-2026,06:39:02,1.92448W,50.93973N,100%,-1C,96%,6_20260406_063902.wav,AGC,48kHz,stereo,Part1,6_20260406_063902.wav,1608.0,1611.0,1609.8821041666667,1609.6321041666667,1610.1321041666667,-0.0234375,-1.125,356.92783242535745,183.07216757464255,"left,right"
Recorder 6 - 0304 to 1004,04-06-2026,06:39:02,1.92448W,50.93973N,100%,-1C,96%,6_20260406_063902.wav,AGC,48kHz,stereo,Part1,6_20260406_063902.wav,1701.0,1704.0,1703.0935625,1702.8435625,1703.3435625,0.08203125,3.9375000000000004,10.81147996339456,169.18852003660544,"left,right"
Recorder 6 - 0304 to 1004,04-06-2026,07:09:02,1.92448W,50.93973N,100%,-1C,96%,6_20260406_070902.wav,AGC,48kHz,stereo,Part2,6_20260406_070902.wav,168.0,171.0,170.97202083333335,170.72202083333335,171.0,-0.01953125,-0.9375,357.4402354785634,182.5597645214366,"left,right"
Recorder 6 - 0304 to 1004,04-06-2026,07:09:02,1.92448W,50.93973N,100%,-1C,96%,6_20260406_070902.wav,AGC,48kHz,stereo,Part2,6_20260406_070902.wav,171.0,174.0,171.05302083333333,171.0,171.30302083333333,0.020833333333333332,1.0,2.730540749448636,177.26945925055136,"left,right"
Recorder 6 - 0304 to 1004,04-06-2026,07:09:02,1.92448W,50.93973N,100%,-1C,96%,6_20260406_070902.wav,AGC,48kHz,stereo,Part2,6_20260406_070902.wav,615.0,618.0,617.9675208333333,617.7175208333333,618.0,-0.0013020833333333333,-0.0625,359.8294055433168,180.1705944566832,"left,right"
Recorder 6 - 0304 to 1004,04-06-2026,07:09:02,1.92448W,50.93973N,100%,-1C,96%,6_20260406_070902.wav,AGC,48kHz,stereo,Part2,6_20260406_070902.wav,618.0,621.0,618.392125,618.142125,618.642125,-0.020833333333333332,-1.0,357.26945925055134,182.73054074944866,"left,right"
Recorder 6 - 0304 to 1004,04-06-2026,07:09:02,1.92448W,50.93973N,100%,-1C,96%,6_20260406_070902.wav,AGC,48kHz,stereo,Part2,6_20260406_070902.wav,741.0,744.0,742.2827916666666,742.0327916666666,742.5327916666666,-0.01953125,-0.9375,357.4402354785634,182.5597645214366,"left,right"
Recorder 6 - 0304 to 1004,04-06-2026,07:09:02,1.92448W,50.93973N,100%,-1C,96%,6_20260406_070902.wav,AGC,48kHz,stereo,Part2,6_20260406_070902.wav,858.0,861.0,860.26825,860.01825,860.51825,0.0,0.0,0.0,180.0,"left,right"
Recorder 6 - 0304 to 1004,04-06-2026,07:09:02,1.92448W,50.93973N,100%,-1C,96%,6_20260406_070902.wav,AGC,48kHz,stereo,Part2,6_20260406_070902.wav,963.0,966.0,964.4377083333334,964.1877083333334,964.6877083333334,0.01953125,0.9375,2.559764521436577,177.4402354785634,"left,right"
Recorder 6 - 0304 to 1004,04-06-2026,07:09:02,1.92448W,50.93973N,100%,-1C,96%,6_20260406_070902.wav,AGC,48kHz,stereo,Part2,6_20260406_070902.wav,1065.0,1068.0,1065.4915,1065.2415,1065.7415,0.020833333333333332,1.0,2.730540749448636,177.26945925055136,"left,right"
Recorder 6 - 0304 to 1004,04-06-2026,07:09:02,1.92448W,50.93973N,100%,-1C,96%,6_20260406_070902.wav,AGC,48kHz,stereo,Part2,6_20260406_070902.wav,1149.0,1152.0,1150.2016875,1149.9516875,1150.4516875,0.018229166666666668,0.8750000000000001,2.389011046620638,177.61098895337938,"left,right"
Recorder 6 - 0304 to 1004,04-06-2026,07:09:02,1.92448W,50.93973N,100%,-1C,96%,6_20260406_070902.wav,AGC,48kHz,stereo,Part2,6_20260406_070902.wav,1227.0,1230.0,1227.9702083333334,1227.7202083333334,1228.2202083333334,-0.020833333333333332,-1.0,357.26945925055134,182.73054074944866,"left,right"
Recorder 6 - 0304 to 1004,04-06-2026,07:09:02,1.92448W,50.93973N,100%,-1C,96%,6_20260406_070902.wav,AGC,48kHz,stereo,Part2,6_20260406_070902.wav,1380.0,1383.0,1381.9075,1381.6575,1382.1575,-0.020833333333333332,-1.0,357.26945925055134,182.73054074944866,"left,right"
Recorder 6 - 0304 to 1004,04-06-2026,07:09:02,1.92448W,50.93973N,100%,-1C,96%,6_20260406_070902.wav,AGC,48kHz,stereo,Part2,6_20260406_070902.wav,1533.0,1536.0,1534.0251875,1533.7751875,1534.2751875,-0.3333333333333333,-16.0,310.3395023124293,229.66049768757068,"left,right"
Recorder 6 - 0304 to 1004,04-06-2026,07:09:02,1.92448W,50.93973N,100%,-1C,96%,6_20260406_070902.wav,AGC,48kHz,stereo,Part2,6_20260406_070902.wav,1647.0,1650.0,1648.1449166666666,1647.8949166666666,1648.3949166666666,0.0,0.0,0.0,180.0,"left,right"
Recorder 6 - 0304 to 1004,04-06-2026,18:42:02,1.92448W,50.93973N,100%,12C,58%,6_20260406_184202.wav,AGC,48kHz,stereo,Part1,6_20260406_184202.wav,120.0,123.0,121.7038125,121.4538125,121.9538125,0.0,0.0,0.0,180.0,"left,right"
Recorder 6 - 0304 to 1004,04-06-2026,18:42:02,1.92448W,50.93973N,100%,12C,58%,6_20260406_184202.wav,AGC,48kHz,stereo,Part1,6_20260406_184202.wav,660.0,663.0,660.7504166666666,660.5004166666666,661.0004166666666,-0.0013020833333333333,-0.0625,359.8294055433168,180.1705944566832,"left,right"
Recorder 6 - 0304 to 1004,04-06-2026,18:42:02,1.92448W,50.93973N,100%,12C,58%,6_20260406_184202.wav,AGC,48kHz,stereo,Part1,6_20260406_184202.wav,906.0,909.0,908.791125,908.541125,909.0,-0.0013020833333333333,-0.0625,359.8294055433168,180.1705944566832,"left,right"
Recorder 6 - 0304 to 1004,04-06-2026,18:42:02,1.92448W,50.93973N,100%,12C,58%,6_20260406_184202.wav,AGC,48kHz,stereo,Part1,6_20260406_184202.wav,909.0,912.0,909.0206875,909.0,909.2706875,0.14583333333333334,7.000000000000001,19.479661319800442,160.52033868019956,"left,right"
Recorder 6 - 0304 to 1004,04-06-2026,18:42:02,1.92448W,50.93973N,100%,12C,58%,6_20260406_184202.wav,AGC,48kHz,stereo,Part1,6_20260406_184202.wav,1182.0,1185.0,1182.0108958333333,1182.0,1182.2608958333333,0.022135416666666668,1.0625,2.9013412575649227,177.09865874243508,"left,right"
Recorder 6 - 0304 to 1004,04-06-2026,18:42:02,1.92448W,50.93973N,100%,12C,58%,6_20260406_184202.wav,AGC,48kHz,stereo,Part1,6_20260406_184202.wav,1290.0,1293.0,1292.3618541666667,1292.1118541666667,1292.6118541666667,0.0,0.0,0.0,180.0,"left,right"
Recorder 6 - 0304 to 1004,04-06-2026,18:42:02,1.92448W,50.93973N,100%,12C,58%,6_20260406_184202.wav,AGC,48kHz,stereo,Part1,6_20260406_184202.wav,1335.0,1338.0,1337.286875,1337.036875,1337.536875,0.022135416666666668,1.0625,2.9013412575649227,177.09865874243508,"left,right"
Recorder 6 - 0304 to 1004,04-06-2026,18:42:02,1.92448W,50.93973N,100%,12C,58%,6_20260406_184202.wav,AGC,48kHz,stereo,Part1,6_20260406_184202.wav,1407.0,1410.0,1408.930125,1408.680125,1409.180125,-0.018229166666666668,-0.8750000000000001,357.6109889533793,182.38901104662065,"left,right"
Recorder 6 - 0304 to 1004,04-06-2026,18:42:02,1.92448W,50.93973N,100%,12C,58%,6_20260406_184202.wav,AGC,48kHz,stereo,Part1,6_20260406_184202.wav,1455.0,1458.0,1455.6809791666667,1455.4309791666667,1455.9309791666667,0.0,0.0,0.0,180.0,"left,right"
Recorder 6 - 0304 to 1004,04-06-2026,18:42:02,1.92448W,50.93973N,100%,12C,58%,6_20260406_184202.wav,AGC,48kHz,stereo,Part1,6_20260406_184202.wav,1530.0,1533.0,1532.0537083333334,1531.8037083333334,1532.3037083333334,0.0013020833333333333,0.0625,0.1705944566832045,179.8294055433168,"left,right"
Recorder 6 - 0304 to 1004,04-06-2026,18:42:02,1.92448W,50.93973N,100%,12C,58%,6_20260406_184202.wav,AGC,48kHz,stereo,Part1,6_20260406_184202.wav,1560.0,1563.0,1561.9667083333334,1561.7167083333334,1562.2167083333334,0.0,0.0,0.0,180.0,"left,right"
Recorder 6 - 0304 to 1004,04-06-2026,19:12:03,1.92448W,50.93973N,100%,12C,58%,6_20260406_191203.wav,AGC,48kHz,stereo,Part2,6_20260406_191203.wav,300.0,303.0,300.4334166666667,300.1834166666667,300.6834166666667,0.375,18.0,59.03703129067228,120.96296870932773,"left,right"
Recorder 6 - 0304 to 1004,04-06-2026,19:12:03,1.92448W,50.93973N,100%,12C,58%,6_20260406_191203.wav,AGC,48kHz,stereo,Part2,6_20260406_191203.wav,510.0,513.0,510.4246875,510.1746875,510.6746875,0.0,0.0,0.0,180.0,"left,right"
Recorder 6 - 0304 to 1004,04-06-2026,19:12:03,1.92448W,50.93973N,100%,12C,58%,6_20260406_191203.wav,AGC,48kHz,stereo,Part2,6_20260406_191203.wav,648.0,651.0,648.6033541666667,648.3533541666667,648.8533541666667,-0.020833333333333332,-1.0,357.26945925055134,182.73054074944866,"left,right"
Recorder 6 - 0304 to 1004,04-06-2026,19:12:03,1.92448W,50.93973N,100%,12C,58%,6_20260406_191203.wav,AGC,48kHz,stereo,Part2,6_20260406_191203.wav,651.0,654.0,652.7247083333333,652.4747083333333,652.9747083333333,0.0,0.0,0.0,180.0,"left,right"
Recorder 6 - 0304 to 1004,04-06-2026,19:12:03,1.92448W,50.93973N,100%,12C,58%,6_20260406_191203.wav,AGC,48kHz,stereo,Part2,6_20260406_191203.wav,666.0,669.0,667.8374583333333,667.5874583333333,668.0874583333333,0.0,0.0,0.0,180.0,"left,right"
Recorder 6 - 0304 to 1004,04-06-2026,19:12:03,1.92448W,50.93973N,100%,12C,58%,6_20260406_191203.wav,AGC,48kHz,stereo,Part2,6_20260406_191203.wav,735.0,738.0,735.1653958333334,735.0,735.4153958333334,-0.0013020833333333333,-0.0625,359.8294055433168,180.1705944566832,"left,right"
Recorder 6 - 0304 to 1004,04-06-2026,19:12:03,1.92448W,50.93973N,100%,12C,58%,6_20260406_191203.wav,AGC,48kHz,stereo,Part2,6_20260406_191203.wav,831.0,834.0,831.0823125,831.0,831.3323125,0.0,0.0,0.0,180.0,"left,right"
Recorder 6 - 0304 to 1004,04-06-2026,19:12:03,1.92448W,50.93973N,100%,12C,58%,6_20260406_191203.wav,AGC,48kHz,stereo,Part2,6_20260406_191203.wav,954.0,957.0,955.9375208333333,955.6875208333333,956.1875208333333,0.0,0.0,0.0,180.0,"left,right"
Recorder 6 - 0304 to 1004,04-06-2026,19:12:03,1.92448W,50.93973N,100%,12C,58%,6_20260406_191203.wav,AGC,48kHz,stereo,Part2,6_20260406_191203.wav,987.0,990.0,987.9549166666667,987.7049166666667,988.2049166666667,0.0,0.0,0.0,180.0,"left,right"
Recorder 6 - 0304 to 1004,04-06-2026,19:12:03,1.92448W,50.93973N,100%,12C,58%,6_20260406_191203.wav,AGC,48kHz,stereo,Part2,6_20260406_191203.wav,1665.0,1668.0,1667.4766666666667,1667.2266666666667,1667.7266666666667,0.0,0.0,0.0,180.0,"left,right"
Recorder 6 - 0304 to 1004,04-07-2026,06:39:02,1.92448W,50.93973N,100%,6C,82%,6_20260407_063902.wav,AGC,48kHz,stereo,Part1,6_20260407_063902.wav,225.0,228.0,226.38189583333335,226.13189583333335,226.63189583333335,-0.01953125,-0.9375,357.4402354785634,182.5597645214366,"left,right"
Recorder 6 - 0304 to 1004,04-07-2026,06:39:02,1.92448W,50.93973N,100%,6C,82%,6_20260407_063902.wav,AGC,48kHz,stereo,Part1,6_20260407_063902.wav,303.0,306.0,303.919125,303.669125,304.169125,0.0,0.0,0.0,180.0,"left,right"
Recorder 6 - 0304 to 1004,04-07-2026,06:39:02,1.92448W,50.93973N,100%,6C,82%,6_20260407_063902.wav,AGC,48kHz,stereo,Part1,6_20260407_063902.wav,447.0,450.0,447.1075833333333,447.0,447.3575833333333,0.0,0.0,0.0,180.0,"left,right"
Recorder 6 - 0304 to 1004,04-07-2026,06:39:02,1.92448W,50.93973N,100%,6C,82%,6_20260407_063902.wav,AGC,48kHz,stereo,Part1,6_20260407_063902.wav,534.0,537.0,534.9993541666666,534.7493541666666,535.2493541666666,-0.020833333333333332,-1.0,357.26945925055134,182.73054074944866,"left,right"
Recorder 6 - 0304 to 1004,04-07-2026,06:39:02,1.92448W,50.93973N,100%,6C,82%,6_20260407_063902.wav,AGC,48kHz,stereo,Part1,6_20260407_063902.wav,558.0,561.0,559.2535833333334,559.0035833333334,559.5035833333334,0.01953125,0.9375,2.559764521436577,177.4402354785634,"left,right"
Recorder 6 - 0304 to 1004,04-07-2026,06:39:02,1.92448W,50.93973N,100%,6C,82%,6_20260407_063902.wav,AGC,48kHz,stereo,Part1,6_20260407_063902.wav,612.0,615.0,613.6013125,613.3513125,613.8513125,0.022135416666666668,1.0625,2.9013412575649227,177.09865874243508,"left,right"
Recorder 6 - 0304 to 1004,04-07-2026,06:39:02,1.92448W,50.93973N,100%,6C,82%,6_20260407_063902.wav,AGC,48kHz,stereo,Part1,6_20260407_063902.wav,690.0,693.0,691.180875,690.930875,691.430875,0.01953125,0.9375,2.559764521436577,177.4402354785634,"left,right"
Recorder 6 - 0304 to 1004,04-07-2026,06:39:02,1.92448W,50.93973N,100%,6C,82%,6_20260407_063902.wav,AGC,48kHz,stereo,Part1,6_20260407_063902.wav,918.0,921.0,919.8792916666666,919.6292916666666,920.1292916666666,-0.0013020833333333333,-0.0625,359.8294055433168,180.1705944566832,"left,right"
Recorder 6 - 0304 to 1004,04-07-2026,06:39:02,1.92448W,50.93973N,100%,6C,82%,6_20260407_063902.wav,AGC,48kHz,stereo,Part1,6_20260407_063902.wav,1212.0,1215.0,1213.6920625,1213.4420625,1213.9420625,0.022135416666666668,1.0625,2.9013412575649227,177.09865874243508,"left,right"
Recorder 6 - 0304 to 1004,04-07-2026,06:39:02,1.92448W,50.93973N,100%,6C,82%,6_20260407_063902.wav,AGC,48kHz,stereo,Part1,6_20260407_063902.wav,1326.0,1329.0,1326.581375,1326.331375,1326.831375,0.0,0.0,0.0,180.0,"left,right"
Recorder 6 - 0304 to 1004,04-07-2026,06:39:02,1.92448W,50.93973N,100%,6C,82%,6_20260407_063902.wav,AGC,48kHz,stereo,Part1,6_20260407_063902.wav,1368.0,1371.0,1368.1346666666666,1368.0,1368.3846666666666,-0.0013020833333333333,-0.0625,359.8294055433168,180.1705944566832,"left,right"
Recorder 6 - 0304 to 1004,04-07-2026,06:39:02,1.92448W,50.93973N,100%,6C,82%,6_20260407_063902.wav,AGC,48kHz,stereo,Part1,6_20260407_063902.wav,1446.0,1449.0,1446.6919166666667,1446.4419166666667,1446.9419166666667,0.0,0.0,0.0,180.0,"left,right"
Recorder 6 - 0304 to 1004,04-07-2026,06:39:02,1.92448W,50.93973N,100%,6C,82%,6_20260407_063902.wav,AGC,48kHz,stereo,Part1,6_20260407_063902.wav,1527.0,1530.0,1529.6202291666666,1529.3702291666666,1529.8702291666666,-0.020833333333333332,-1.0,357.26945925055134,182.73054074944866,"left,right"
Recorder 6 - 0304 to 1004,04-07-2026,06:39:02,1.92448W,50.93973N,100%,6C,82%,6_20260407_063902.wav,AGC,48kHz,stereo,Part1,6_20260407_063902.wav,1623.0,1626.0,1624.934125,1624.684125,1625.184125,-0.01953125,-0.9375,357.4402354785634,182.5597645214366,"left,right"
Recorder 6 - 0304 to 1004,04-07-2026,06:39:02,1.92448W,50.93973N,100%,6C,82%,6_20260407_063902.wav,AGC,48kHz,stereo,Part1,6_20260407_063902.wav,1785.0,1788.0,1787.5789583333333,1787.3289583333333,1787.8289583333333,0.01953125,0.9375,2.559764521436577,177.4402354785634,"left,right"
Recorder 6 - 0304 to 1004,04-07-2026,07:09:03,1.92448W,50.93973N,100%,6C,82%,6_20260407_070903.wav,AGC,48kHz,stereo,Part2,6_20260407_070903.wav,123.0,126.0,123.1778125,123.0,123.4278125,0.0,0.0,0.0,180.0,"left,right"
Recorder 6 - 0304 to 1004,04-07-2026,07:09:03,1.92448W,50.93973N,100%,6C,82%,6_20260407_070903.wav,AGC,48kHz,stereo,Part2,6_20260407_070903.wav,207.0,210.0,209.5508125,209.3008125,209.8008125,0.0013020833333333333,0.0625,0.1705944566832045,179.8294055433168,"left,right"
Recorder 6 - 0304 to 1004,04-07-2026,07:09:03,1.92448W,50.93973N,100%,6C,82%,6_20260407_070903.wav,AGC,48kHz,stereo,Part2,6_20260407_070903.wav,285.0,288.0,286.4585416666667,286.2085416666667,286.7085416666667,0.0,0.0,0.0,180.0,"left,right"
Recorder 6 - 0304 to 1004,04-07-2026,07:09:03,1.92448W,50.93973N,100%,6C,82%,6_20260407_070903.wav,AGC,48kHz,stereo,Part2,6_20260407_070903.wav,375.0,378.0,376.761125,376.511125,377.011125,0.0,0.0,0.0,180.0,"left,right"
Recorder 6 - 0304 to 1004,04-07-2026,07:09:03,1.92448W,50.93973N,100%,6C,82%,6_20260407_070903.wav,AGC,48kHz,stereo,Part2,6_20260407_070903.wav,471.0,474.0,472.57227083333333,472.32227083333333,472.82227083333333,0.0,0.0,0.0,180.0,"left,right"
Recorder 6 - 0304 to 1004,04-07-2026,07:09:03,1.92448W,50.93973N,100%,6C,82%,6_20260407_070903.wav,AGC,48kHz,stereo,Part2,6_20260407_070903.wav,537.0,540.0,539.0966041666667,538.8466041666667,539.3466041666667,0.0,0.0,0.0,180.0,"left,right"
Recorder 6 - 0304 to 1004,04-07-2026,07:09:03,1.92448W,50.93973N,100%,6C,82%,6_20260407_070903.wav,AGC,48kHz,stereo,Part2,6_20260407_070903.wav,669.0,672.0,670.6332916666667,670.3832916666667,670.8832916666667,0.125,6.0,16.60866735628548,163.39133264371452,"left,right"
Recorder 6 - 0304 to 1004,04-07-2026,07:09:03,1.92448W,50.93973N,100%,6C,82%,6_20260407_070903.wav,AGC,48kHz,stereo,Part2,6_20260407_070903.wav,759.0,762.0,761.0593541666667,760.8093541666667,761.3093541666667,0.0013020833333333333,0.0625,0.1705944566832045,179.8294055433168,"left,right"
Recorder 6 - 0304 to 1004,04-07-2026,07:09:03,1.92448W,50.93973N,100%,6C,82%,6_20260407_070903.wav,AGC,48kHz,stereo,Part2,6_20260407_070903.wav,807.0,810.0,807.325875,807.075875,807.575875,0.018229166666666668,0.8750000000000001,2.389011046620638,177.61098895337938,"left,right"
Recorder 6 - 0304 to 1004,04-07-2026,07:09:03,1.92448W,50.93973N,100%,6C,82%,6_20260407_070903.wav,AGC,48kHz,stereo,Part2,6_20260407_070903.wav,1770.0,1773.0,1771.6861458333333,1771.4361458333333,1771.9361458333333,-0.0013020833333333333,-0.0625,359.8294055433168,180.1705944566832,"left,right"
Recorder 6 - 0304 to 1004,04-07-2026,18:42:02,1.92448W,50.93973N,100%,17C,51%,6_20260407_184202.wav,AGC,48kHz,stereo,Part1,6_20260407_184202.wav,915.0,918.0,915.7873958333333,915.5373958333333,916.0373958333333,0.018229166666666668,0.8750000000000001,2.389011046620638,177.61098895337938,"left,right"
Recorder 6 - 0304 to 1004,04-07-2026,18:42:02,1.92448W,50.93973N,100%,17C,51%,6_20260407_184202.wav,AGC,48kHz,stereo,Part1,6_20260407_184202.wav,1044.0,1047.0,1045.7625416666667,1045.5125416666667,1046.0125416666667,0.0,0.0,0.0,180.0,"left,right"
Recorder 6 - 0304 to 1004,04-07-2026,18:42:02,1.92448W,50.93973N,100%,17C,51%,6_20260407_184202.wav,AGC,48kHz,stereo,Part1,6_20260407_184202.wav,1176.0,1179.0,1177.7445625,1177.4945625,1177.9945625,0.0013020833333333333,0.0625,0.1705944566832045,179.8294055433168,"left,right"
Recorder 6 - 0304 to 1004,04-07-2026,18:42:02,1.92448W,50.93973N,100%,17C,51%,6_20260407_184202.wav,AGC,48kHz,stereo,Part1,6_20260407_184202.wav,1215.0,1218.0,1216.8545416666666,1216.6045416666666,1217.1045416666666,0.0,0.0,0.0,180.0,"left,right"
Recorder 6 - 0304 to 1004,04-07-2026,18:42:02,1.92448W,50.93973N,100%,17C,51%,6_20260407_184202.wav,AGC,48kHz,stereo,Part1,6_20260407_184202.wav,1389.0,1392.0,1391.5814583333333,1391.3314583333333,1391.8314583333333,-0.10416666666666667,-5.0,346.22000051887755,193.77999948112247,"left,right"
Recorder 6 - 0304 to 1004,04-07-2026,18:42:02,1.92448W,50.93973N,100%,17C,51%,6_20260407_184202.wav,AGC,48kHz,stereo,Part1,6_20260407_184202.wav,1392.0,1395.0,1392.028,1392.0,1392.278,-0.0013020833333333333,-0.0625,359.8294055433168,180.1705944566832,"left,right"
Recorder 6 - 0304 to 1004,04-07-2026,18:42:02,1.92448W,50.93973N,100%,17C,51%,6_20260407_184202.wav,AGC,48kHz,stereo,Part1,6_20260407_184202.wav,1470.0,1473.0,1470.8153958333332,1470.5653958333332,1471.0653958333332,0.018229166666666668,0.8750000000000001,2.389011046620638,177.61098895337938,"left,right"
Recorder 6 - 0304 to 1004,04-07-2026,18:42:02,1.92448W,50.93973N,100%,17C,51%,6_20260407_184202.wav,AGC,48kHz,stereo,Part1,6_20260407_184202.wav,1560.0,1563.0,1561.931375,1561.681375,1562.181375,0.0013020833333333333,0.0625,0.1705944566832045,179.8294055433168,"left,right"
Recorder 6 - 0304 to 1004,04-07-2026,18:42:02,1.92448W,50.93973N,100%,17C,51%,6_20260407_184202.wav,AGC,48kHz,stereo,Part1,6_20260407_184202.wav,1617.0,1620.0,1618.9719583333333,1618.7219583333333,1619.2219583333333,0.0,0.0,0.0,180.0,"left,right"
Recorder 6 - 0304 to 1004,04-07-2026,18:42:02,1.92448W,50.93973N,100%,17C,51%,6_20260407_184202.wav,AGC,48kHz,stereo,Part1,6_20260407_184202.wav,1647.0,1650.0,1649.2379791666667,1648.9879791666667,1649.4879791666667,0.0013020833333333333,0.0625,0.1705944566832045,179.8294055433168,"left,right"
Recorder 6 - 0304 to 1004,04-07-2026,18:42:02,1.92448W,50.93973N,100%,17C,51%,6_20260407_184202.wav,AGC,48kHz,stereo,Part1,6_20260407_184202.wav,1713.0,1716.0,1713.4944791666667,1713.2444791666667,1713.7444791666667,-0.0013020833333333333,-0.0625,359.8294055433168,180.1705944566832,"left,right"
Recorder 6 - 0304 to 1004,04-07-2026,18:42:02,1.92448W,50.93973N,100%,17C,51%,6_20260407_184202.wav,AGC,48kHz,stereo,Part1,6_20260407_184202.wav,1737.0,1740.0,1737.2596666666666,1737.0096666666666,1737.5096666666666,-0.018229166666666668,-0.8750000000000001,357.6109889533793,182.38901104662065,"left,right"
Recorder 6 - 0304 to 1004,04-07-2026,18:42:02,1.92448W,50.93973N,100%,17C,51%,6_20260407_184202.wav,AGC,48kHz,stereo,Part1,6_20260407_184202.wav,1758.0,1761.0,1759.9415208333332,1759.6915208333332,1760.1915208333332,0.01953125,0.9375,2.559764521436577,177.4402354785634,"left,right"
Recorder 6 - 0304 to 1004,04-07-2026,19:12:03,1.92448W,50.93973N,100%,17C,51%,6_20260407_191203.wav,AGC,48kHz,stereo,Part2,6_20260407_191203.wav,42.0,45.0,44.910875,44.660875,45.0,0.0,0.0,0.0,180.0,"left,right"
Recorder 6 - 0304 to 1004,04-07-2026,19:12:03,1.92448W,50.93973N,100%,17C,51%,6_20260407_191203.wav,AGC,48kHz,stereo,Part2,6_20260407_191203.wav,45.0,48.0,45.010041666666666,45.0,45.260041666666666,0.0,0.0,0.0,180.0,"left,right"
Recorder 6 - 0304 to 1004,04-07-2026,19:12:03,1.92448W,50.93973N,100%,17C,51%,6_20260407_191203.wav,AGC,48kHz,stereo,Part2,6_20260407_191203.wav,129.0,132.0,130.59722916666666,130.34722916666666,130.84722916666666,-0.022135416666666668,-1.0625,357.0986587424351,182.90134125756492,"left,right"
Recorder 6 - 0304 to 1004,04-07-2026,19:12:03,1.92448W,50.93973N,100%,17C,51%,6_20260407_191203.wav,AGC,48kHz,stereo,Part2,6_20260407_191203.wav,192.0,195.0,192.46204166666666,192.21204166666666,192.71204166666666,0.0,0.0,0.0,180.0,"left,right"
Recorder 6 - 0304 to 1004,04-07-2026,19:12:03,1.92448W,50.93973N,100%,17C,51%,6_20260407_191203.wav,AGC,48kHz,stereo,Part2,6_20260407_191203.wav,219.0,222.0,219.4090625,219.1590625,219.6590625,0.020833333333333332,1.0,2.730540749448636,177.26945925055136,"left,right"
Recorder 6 - 0304 to 1004,04-07-2026,19:12:03,1.92448W,50.93973N,100%,17C,51%,6_20260407_191203.wav,AGC,48kHz,stereo,Part2,6_20260407_191203.wav,297.0,300.0,297.9622083333333,297.7122083333333,298.2122083333333,0.0,0.0,0.0,180.0,"left,right"
Recorder 6 - 0304 to 1004,04-07-2026,19:12:03,1.92448W,50.93973N,100%,17C,51%,6_20260407_191203.wav,AGC,48kHz,stereo,Part2,6_20260407_191203.wav,393.0,396.0,393.6610416666667,393.4110416666667,393.9110416666667,0.0,0.0,0.0,180.0,"left,right"
Recorder 6 - 0304 to 1004,04-07-2026,19:12:03,1.92448W,50.93973N,100%,17C,51%,6_20260407_191203.wav,AGC,48kHz,stereo,Part2,6_20260407_191203.wav,510.0,513.0,511.41327083333334,511.16327083333334,511.66327083333334,0.0,0.0,0.0,180.0,"left,right"
Recorder 6 - 0304 to 1004,04-07-2026,19:12:03,1.92448W,50.93973N,100%,17C,51%,6_20260407_191203.wav,AGC,48kHz,stereo,Part2,6_20260407_191203.wav,609.0,612.0,609.2355833333334,609.0,609.4855833333334,0.01953125,0.9375,2.559764521436577,177.4402354785634,"left,right"
Recorder 6 - 0304 to 1004,04-07-2026,19:12:03,1.92448W,50.93973N,100%,17C,51%,6_20260407_191203.wav,AGC,48kHz,stereo,Part2,6_20260407_191203.wav,705.0,708.0,706.1447916666667,705.8947916666667,706.3947916666667,-0.14583333333333334,-7.000000000000001,340.52033868019953,199.47966131980044,"left,right"
Recorder 6 - 0304 to 1004,04-07-2026,19:12:03,1.92448W,50.93973N,100%,17C,51%,6_20260407_191203.wav,AGC,48kHz,stereo,Part2,6_20260407_191203.wav,771.0,774.0,772.58575,772.33575,772.83575,0.01953125,0.9375,2.559764521436577,177.4402354785634,"left,right"
Recorder 6 - 0304 to 1004,04-07-2026,19:12:03,1.92448W,50.93973N,100%,17C,51%,6_20260407_191203.wav,AGC,48kHz,stereo,Part2,6_20260407_191203.wav,873.0,876.0,873.4657708333333,873.2157708333333,873.7157708333333,0.0,0.0,0.0,180.0,"left,right"
Recorder 6 - 0304 to 1004,04-07-2026,19:12:03,1.92448W,50.93973N,100%,17C,51%,6_20260407_191203.wav,AGC,48kHz,stereo,Part2,6_20260407_191203.wav,942.0,945.0,943.9200416666666,943.6700416666666,944.1700416666666,0.0,0.0,0.0,180.0,"left,right"
Recorder 6 - 0304 to 1004,04-07-2026,19:12:03,1.92448W,50.93973N,100%,17C,51%,6_20260407_191203.wav,AGC,48kHz,stereo,Part2,6_20260407_191203.wav,1014.0,1017.0,1015.6479791666667,1015.3979791666667,1015.8979791666667,0.0,0.0,0.0,180.0,"left,right"
Recorder 6 - 0304 to 1004,04-07-2026,19:12:03,1.92448W,50.93973N,100%,17C,51%,6_20260407_191203.wav,AGC,48kHz,stereo,Part2,6_20260407_191203.wav,1095.0,1098.0,1096.4036875,1096.1536875,1096.6536875,-0.0013020833333333333,-0.0625,359.8294055433168,180.1705944566832,"left,right"
Recorder 6 - 0304 to 1004,04-07-2026,19:12:03,1.92448W,50.93973N,100%,17C,51%,6_20260407_191203.wav,AGC,48kHz,stereo,Part2,6_20260407_191203.wav,1161.0,1164.0,1163.9894791666666,1163.7394791666666,1164.0,-0.0013020833333333333,-0.0625,359.8294055433168,180.1705944566832,"left,right"
Recorder 6 - 0304 to 1004,04-07-2026,19:12:03,1.92448W,50.93973N,100%,17C,51%,6_20260407_191203.wav,AGC,48kHz,stereo,Part2,6_20260407_191203.wav,1164.0,1167.0,1164.0535416666667,1164.0,1164.3035416666667,-0.0013020833333333333,-0.0625,359.8294055433168,180.1705944566832,"left,right"
Recorder 6 - 0304 to 1004,04-07-2026,19:12:03,1.92448W,50.93973N,100%,17C,51%,6_20260407_191203.wav,AGC,48kHz,stereo,Part2,6_20260407_191203.wav,1269.0,1272.0,1271.11225,1270.86225,1271.36225,-0.020833333333333332,-1.0,357.26945925055134,182.73054074944866,"left,right"
Recorder 6 - 0304 to 1004,04-07-2026,19:12:03,1.92448W,50.93973N,100%,17C,51%,6_20260407_191203.wav,AGC,48kHz,stereo,Part2,6_20260407_191203.wav,1374.0,1377.0,1374.310125,1374.060125,1374.560125,-0.020833333333333332,-1.0,357.26945925055134,182.73054074944866,"left,right"
Recorder 6 - 0304 to 1004,04-07-2026,19:12:03,1.92448W,50.93973N,100%,17C,51%,6_20260407_191203.wav,AGC,48kHz,stereo,Part2,6_20260407_191203.wav,1467.0,1470.0,1469.0991458333333,1468.8491458333333,1469.3491458333333,0.01953125,0.9375,2.559764521436577,177.4402354785634,"left,right"
Recorder 6 - 0304 to 1004,04-07-2026,19:12:03,1.92448W,50.93973N,100%,17C,51%,6_20260407_191203.wav,AGC,48kHz,stereo,Part2,6_20260407_191203.wav,1731.0,1734.0,1732.0615625,1731.8115625,1732.3115625,0.0013020833333333333,0.0625,0.1705944566832045,179.8294055433168,"left,right"
Recorder 6 - 0304 to 1004,04-07-2026,19:12:03,1.92448W,50.93973N,100%,17C,51%,6_20260407_191203.wav,AGC,48kHz,stereo,Part2,6_20260407_191203.wav,1752.0,1755.0,1752.5268333333333,1752.2768333333333,1752.7768333333333,0.0,0.0,0.0,180.0,"left,right"
Recorder 6 - 0304 to 1004,04-08-2026,06:39:02,1.92448W,50.93973N,100%,8C,90%,6_20260408_063902.wav,AGC,48kHz,stereo,Part1,6_20260408_063902.wav,72.0,75.0,72.16766666666666,72.0,72.41766666666666,0.0,0.0,0.0,180.0,"left,right"
Recorder 6 - 0304 to 1004,04-08-2026,06:39:02,1.92448W,50.93973N,100%,8C,90%,6_20260408_063902.wav,AGC,48kHz,stereo,Part1,6_20260408_063902.wav,177.0,180.0,178.14185416666666,177.89185416666666,178.39185416666666,-0.020833333333333332,-1.0,357.26945925055134,182.73054074944866,"left,right"
Recorder 6 - 0304 to 1004,04-08-2026,06:39:02,1.92448W,50.93973N,100%,8C,90%,6_20260408_063902.wav,AGC,48kHz,stereo,Part1,6_20260408_063902.wav,294.0,297.0,295.24720833333333,294.99720833333333,295.49720833333333,0.0,0.0,0.0,180.0,"left,right"
Recorder 6 - 0304 to 1004,04-08-2026,06:39:02,1.92448W,50.93973N,100%,8C,90%,6_20260408_063902.wav,AGC,48kHz,stereo,Part1,6_20260408_063902.wav,297.0,300.0,298.7772708333333,298.5272708333333,299.0272708333333,0.4153645833333333,19.9375,71.76852826661482,108.23147173338518,"left,right"
Recorder 6 - 0304 to 1004,04-08-2026,06:39:02,1.92448W,50.93973N,100%,8C,90%,6_20260408_063902.wav,AGC,48kHz,stereo,Part1,6_20260408_063902.wav,384.0,387.0,386.9063125,386.6563125,387.0,0.020833333333333332,1.0,2.730540749448636,177.26945925055136,"left,right"
Recorder 6 - 0304 to 1004,04-08-2026,06:39:02,1.92448W,50.93973N,100%,8C,90%,6_20260408_063902.wav,AGC,48kHz,stereo,Part1,6_20260408_063902.wav,387.0,390.0,387.27883333333335,387.02883333333335,387.52883333333335,0.0,0.0,0.0,180.0,"left,right"
Recorder 6 - 0304 to 1004,04-08-2026,06:39:02,1.92448W,50.93973N,100%,8C,90%,6_20260408_063902.wav,AGC,48kHz,stereo,Part1,6_20260408_063902.wav,483.0,486.0,485.3566666666667,485.1066666666667,485.6066666666667,-0.0013020833333333333,-0.0625,359.8294055433168,180.1705944566832,"left,right"
Recorder 6 - 0304 to 1004,04-08-2026,06:39:02,1.92448W,50.93973N,100%,8C,90%,6_20260408_063902.wav,AGC,48kHz,stereo,Part1,6_20260408_063902.wav,561.0,564.0,562.1598541666667,561.9098541666667,562.4098541666667,-0.0013020833333333333,-0.0625,359.8294055433168,180.1705944566832,"left,right"
Recorder 6 - 0304 to 1004,04-08-2026,06:39:02,1.92448W,50.93973N,100%,8C,90%,6_20260408_063902.wav,AGC,48kHz,stereo,Part1,6_20260408_063902.wav,621.0,624.0,622.9266666666666,622.6766666666666,623.1766666666666,0.01953125,0.9375,2.559764521436577,177.4402354785634,"left,right"
Recorder 6 - 0304 to 1004,04-08-2026,06:39:02,1.92448W,50.93973N,100%,8C,90%,6_20260408_063902.wav,AGC,48kHz,stereo,Part1,6_20260408_063902.wav,675.0,678.0,677.7943958333333,677.5443958333333,678.0,0.0,0.0,0.0,180.0,"left,right"
Recorder 6 - 0304 to 1004,04-08-2026,06:39:02,1.92448W,50.93973N,100%,8C,90%,6_20260408_063902.wav,AGC,48kHz,stereo,Part1,6_20260408_063902.wav,678.0,681.0,678.2047916666667,678.0,678.4547916666667,-0.0013020833333333333,-0.0625,359.8294055433168,180.1705944566832,"left,right"
Recorder 6 - 0304 to 1004,04-08-2026,06:39:02,1.92448W,50.93973N,100%,8C,90%,6_20260408_063902.wav,AGC,48kHz,stereo,Part1,6_20260408_063902.wav,777.0,780.0,778.42875,778.17875,778.67875,0.4166666666666667,20.0,72.32192951701641,107.67807048298359,"left,right"
Recorder 6 - 0304 to 1004,04-08-2026,06:39:02,1.92448W,50.93973N,100%,8C,90%,6_20260408_063902.wav,AGC,48kHz,stereo,Part1,6_20260408_063902.wav,906.0,909.0,908.9632083333333,908.7132083333333,909.0,0.0,0.0,0.0,180.0,"left,right"
Recorder 6 - 0304 to 1004,04-08-2026,06:39:02,1.92448W,50.93973N,100%,8C,90%,6_20260408_063902.wav,AGC,48kHz,stereo,Part1,6_20260408_063902.wav,909.0,912.0,909.3294791666667,909.0794791666667,909.5794791666667,0.0,0.0,0.0,180.0,"left,right"
Recorder 6 - 0304 to 1004,04-08-2026,06:39:02,1.92448W,50.93973N,100%,8C,90%,6_20260408_063902.wav,AGC,48kHz,stereo,Part1,6_20260408_063902.wav,1026.0,1029.0,1026.5728541666667,1026.3228541666667,1026.8228541666667,0.0,0.0,0.0,180.0,"left,right"
Recorder 6 - 0304 to 1004,04-08-2026,06:39:02,1.92448W,50.93973N,100%,8C,90%,6_20260408_063902.wav,AGC,48kHz,stereo,Part1,6_20260408_063902.wav,1101.0,1104.0,1101.9700833333334,1101.7200833333334,1102.2200833333334,0.4153645833333333,19.9375,71.76852826661482,108.23147173338518,"left,right"
Recorder 6 - 0304 to 1004,04-08-2026,06:39:02,1.92448W,50.93973N,100%,8C,90%,6_20260408_063902.wav,AGC,48kHz,stereo,Part1,6_20260408_063902.wav,1200.0,1203.0,1202.9899791666667,1202.7399791666667,1203.0,-0.022135416666666668,-1.0625,357.0986587424351,182.90134125756492,"left,right"
Recorder 6 - 0304 to 1004,04-08-2026,06:39:02,1.92448W,50.93973N,100%,8C,90%,6_20260408_063902.wav,AGC,48kHz,stereo,Part1,6_20260408_063902.wav,1203.0,1206.0,1203.512875,1203.262875,1203.762875,0.0,0.0,0.0,180.0,"left,right"
Recorder 6 - 0304 to 1004,04-08-2026,06:39:02,1.92448W,50.93973N,100%,8C,90%,6_20260408_063902.wav,AGC,48kHz,stereo,Part1,6_20260408_063902.wav,1308.0,1311.0,1309.5737291666667,1309.3237291666667,1309.8237291666667,0.0,0.0,0.0,180.0,"left,right"
Recorder 6 - 0304 to 1004,04-08-2026,06:39:02,1.92448W,50.93973N,100%,8C,90%,6_20260408_063902.wav,AGC,48kHz,stereo,Part1,6_20260408_063902.wav,1374.0,1377.0,1376.3408333333334,1376.0908333333334,1376.5908333333334,0.0,0.0,0.0,180.0,"left,right"
Recorder 6 - 0304 to 1004,04-08-2026,06:39:02,1.92448W,50.93973N,100%,8C,90%,6_20260408_063902.wav,AGC,48kHz,stereo,Part1,6_20260408_063902.wav,1473.0,1476.0,1473.5588541666666,1473.3088541666666,1473.8088541666666,0.43619791666666663,20.9375,85.89876061475425,94.10123938524575,"left,right"
Recorder 6 - 0304 to 1004,04-08-2026,06:39:02,1.92448W,50.93973N,100%,8C,90%,6_20260408_063902.wav,AGC,48kHz,stereo,Part1,6_20260408_063902.wav,1611.0,1614.0,1611.5646041666666,1611.3146041666666,1611.8146041666666,0.0,0.0,0.0,180.0,"left,right"
Recorder 6 - 0304 to 1004,04-08-2026,06:39:02,1.92448W,50.93973N,100%,8C,90%,6_20260408_063902.wav,AGC,48kHz,stereo,Part1,6_20260408_063902.wav,1728.0,1731.0,1729.7751875,1729.5251875,1730.0251875,-0.0013020833333333333,-0.0625,359.8294055433168,180.1705944566832,"left,right"
Recorder 6 - 0304 to 1004,04-08-2026,06:39:02,1.92448W,50.93973N,100%,8C,90%,6_20260408_063902.wav,AGC,48kHz,stereo,Part1,6_20260408_063902.wav,1755.0,1758.0,1756.8595625,1756.6095625,1757.1095625,0.0,0.0,0.0,180.0,"left,right"
Recorder 6 - 0304 to 1004,04-08-2026,07:09:03,1.92448W,50.93973N,100%,8C,90%,6_20260408_070903.wav,AGC,48kHz,stereo,Part2,6_20260408_070903.wav,0.0,3.0,1.310125,1.060125,1.560125,0.43619791666666663,20.9375,85.89876061475425,94.10123938524575,"left,right"
Recorder 6 - 0304 to 1004,04-08-2026,07:09:03,1.92448W,50.93973N,100%,8C,90%,6_20260408_070903.wav,AGC,48kHz,stereo,Part2,6_20260408_070903.wav,81.0,84.0,83.41066666666667,83.16066666666667,83.66066666666667,0.0,0.0,0.0,180.0,"left,right"
Recorder 6 - 0304 to 1004,04-08-2026,07:09:03,1.92448W,50.93973N,100%,8C,90%,6_20260408_070903.wav,AGC,48kHz,stereo,Part2,6_20260408_070903.wav,204.0,207.0,206.46458333333334,206.21458333333334,206.71458333333334,0.020833333333333332,1.0,2.730540749448636,177.26945925055136,"left,right"
Recorder 6 - 0304 to 1004,04-08-2026,07:09:03,1.92448W,50.93973N,100%,8C,90%,6_20260408_070903.wav,AGC,48kHz,stereo,Part2,6_20260408_070903.wav,276.0,279.0,278.913875,278.663875,279.0,0.0013020833333333333,0.0625,0.1705944566832045,179.8294055433168,"left,right"
Recorder 6 - 0304 to 1004,04-08-2026,07:09:03,1.92448W,50.93973N,100%,8C,90%,6_20260408_070903.wav,AGC,48kHz,stereo,Part2,6_20260408_070903.wav,279.0,282.0,279.3634166666667,279.1134166666667,279.6134166666667,0.0,0.0,0.0,180.0,"left,right"
Recorder 6 - 0304 to 1004,04-08-2026,07:09:03,1.92448W,50.93973N,100%,8C,90%,6_20260408_070903.wav,AGC,48kHz,stereo,Part2,6_20260408_070903.wav,363.0,366.0,365.090125,364.840125,365.340125,0.0,0.0,0.0,180.0,"left,right"
Recorder 6 - 0304 to 1004,04-08-2026,07:09:03,1.92448W,50.93973N,100%,8C,90%,6_20260408_070903.wav,AGC,48kHz,stereo,Part2,6_20260408_070903.wav,477.0,480.0,479.712875,479.462875,479.962875,0.0,0.0,0.0,180.0,"left,right"
Recorder 6 - 0304 to 1004,04-08-2026,07:09:03,1.92448W,50.93973N,100%,8C,90%,6_20260408_070903.wav,AGC,48kHz,stereo,Part2,6_20260408_070903.wav,480.0,483.0,480.099375,480.0,480.349375,0.0,0.0,0.0,180.0,"left,right"
Recorder 6 - 0304 to 1004,04-08-2026,07:09:03,1.92448W,50.93973N,100%,8C,90%,6_20260408_070903.wav,AGC,48kHz,stereo,Part2,6_20260408_070903.wav,552.0,555.0,553.934875,553.684875,554.184875,0.020833333333333332,1.0,2.730540749448636,177.26945925055136,"left,right"
Recorder 6 - 0304 to 1004,04-08-2026,07:09:03,1.92448W,50.93973N,100%,8C,90%,6_20260408_070903.wav,AGC,48kHz,stereo,Part2,6_20260408_070903.wav,651.0,654.0,653.8490833333333,653.5990833333333,654.0,0.0,0.0,0.0,180.0,"left,right"
Recorder 6 - 0304 to 1004,04-08-2026,07:09:03,1.92448W,50.93973N,100%,8C,90%,6_20260408_070903.wav,AGC,48kHz,stereo,Part2,6_20260408_070903.wav,654.0,657.0,654.0832916666667,654.0,654.3332916666667,0.0,0.0,0.0,180.0,"left,right"
Recorder 6 - 0304 to 1004,04-08-2026,07:09:03,1.92448W,50.93973N,100%,8C,90%,6_20260408_070903.wav,AGC,48kHz,stereo,Part2,6_20260408_070903.wav,735.0,738.0,736.3531875,736.1031875,736.6031875,-0.01953125,-0.9375,357.4402354785634,182.5597645214366,"left,right"
Recorder 6 - 0304 to 1004,04-08-2026,07:09:03,1.92448W,50.93973N,100%,8C,90%,6_20260408_070903.wav,AGC,48kHz,stereo,Part2,6_20260408_070903.wav,840.0,843.0,840.1622291666666,840.0,840.4122291666666,0.0,0.0,0.0,180.0,"left,right"
Recorder 6 - 0304 to 1004,04-08-2026,07:09:03,1.92448W,50.93973N,100%,8C,90%,6_20260408_070903.wav,AGC,48kHz,stereo,Part2,6_20260408_070903.wav,873.0,876.0,875.417,875.167,875.667,0.0,0.0,0.0,180.0,"left,right"
Recorder 6 - 0304 to 1004,04-08-2026,07:09:03,1.92448W,50.93973N,100%,8C,90%,6_20260408_070903.wav,AGC,48kHz,stereo,Part2,6_20260408_070903.wav,1017.0,1020.0,1019.0481875,1018.7981875,1019.2981875,0.020833333333333332,1.0,2.730540749448636,177.26945925055136,"left,right"
Recorder 6 - 0304 to 1004,04-08-2026,07:09:03,1.92448W,50.93973N,100%,8C,90%,6_20260408_070903.wav,AGC,48kHz,stereo,Part2,6_20260408_070903.wav,1074.0,1077.0,1076.1746666666666,1075.9246666666666,1076.4246666666666,0.0,0.0,0.0,180.0,"left,right"
Recorder 6 - 0304 to 1004,04-08-2026,07:09:03,1.92448W,50.93973N,100%,8C,90%,6_20260408_070903.wav,AGC,48kHz,stereo,Part2,6_20260408_070903.wav,1278.0,1281.0,1280.4651458333333,1280.2151458333333,1280.7151458333333,0.022135416666666668,1.0625,2.9013412575649227,177.09865874243508,"left,right"
Recorder 6 - 0304 to 1004,04-08-2026,18:42:02,1.92448W,50.93973N,100%,22C,63%,6_20260408_184202.wav,AGC,48kHz,stereo,Part1,6_20260408_184202.wav,54.0,57.0,54.478208333333335,54.228208333333335,54.728208333333335,-0.0013020833333333333,-0.0625,359.8294055433168,180.1705944566832,"left,right"
Recorder 6 - 0304 to 1004,04-08-2026,18:42:02,1.92448W,50.93973N,100%,22C,63%,6_20260408_184202.wav,AGC,48kHz,stereo,Part1,6_20260408_184202.wav,87.0,90.0,89.41627083333333,89.16627083333333,89.66627083333333,-0.01953125,-0.9375,357.4402354785634,182.5597645214366,"left,right"
Recorder 6 - 0304 to 1004,04-08-2026,18:42:02,1.92448W,50.93973N,100%,22C,63%,6_20260408_184202.wav,AGC,48kHz,stereo,Part1,6_20260408_184202.wav,177.0,180.0,177.7028125,177.4528125,177.9528125,0.0,0.0,0.0,180.0,"left,right"
Recorder 6 - 0304 to 1004,04-08-2026,18:42:02,1.92448W,50.93973N,100%,22C,63%,6_20260408_184202.wav,AGC,48kHz,stereo,Part1,6_20260408_184202.wav,318.0,321.0,319.54545833333333,319.29545833333333,319.79545833333333,0.020833333333333332,1.0,2.730540749448636,177.26945925055136,"left,right"
Recorder 6 - 0304 to 1004,04-08-2026,18:42:02,1.92448W,50.93973N,100%,22C,63%,6_20260408_184202.wav,AGC,48kHz,stereo,Part1,6_20260408_184202.wav,348.0,351.0,349.588125,349.338125,349.838125,0.0,0.0,0.0,180.0,"left,right"
Recorder 6 - 0304 to 1004,04-08-2026,18:42:02,1.92448W,50.93973N,100%,22C,63%,6_20260408_184202.wav,AGC,48kHz,stereo,Part1,6_20260408_184202.wav,384.0,387.0,386.4894791666667,386.2394791666667,386.7394791666667,-0.0013020833333333333,-0.0625,359.8294055433168,180.1705944566832,"left,right"
Recorder 6 - 0304 to 1004,04-08-2026,18:42:02,1.92448W,50.93973N,100%,22C,63%,6_20260408_184202.wav,AGC,48kHz,stereo,Part1,6_20260408_184202.wav,453.0,456.0,453.78220833333336,453.53220833333336,454.03220833333336,-0.020833333333333332,-1.0,357.26945925055134,182.73054074944866,"left,right"
Recorder 6 - 0304 to 1004,04-08-2026,18:42:02,1.92448W,50.93973N,100%,22C,63%,6_20260408_184202.wav,AGC,48kHz,stereo,Part1,6_20260408_184202.wav,648.0,651.0,650.784,650.534,651.0,-0.0013020833333333333,-0.0625,359.8294055433168,180.1705944566832,"left,right"
Recorder 6 - 0304 to 1004,04-08-2026,18:42:02,1.92448W,50.93973N,100%,22C,63%,6_20260408_184202.wav,AGC,48kHz,stereo,Part1,6_20260408_184202.wav,771.0,774.0,771.0283958333333,771.0,771.2783958333333,-0.018229166666666668,-0.8750000000000001,357.6109889533793,182.38901104662065,"left,right"
Recorder 6 - 0304 to 1004,04-08-2026,18:42:02,1.92448W,50.93973N,100%,22C,63%,6_20260408_184202.wav,AGC,48kHz,stereo,Part1,6_20260408_184202.wav,975.0,978.0,977.0925833333333,976.8425833333333,977.3425833333333,0.018229166666666668,0.8750000000000001,2.389011046620638,177.61098895337938,"left,right"
Recorder 6 - 0304 to 1004,04-08-2026,18:42:02,1.92448W,50.93973N,100%,22C,63%,6_20260408_184202.wav,AGC,48kHz,stereo,Part1,6_20260408_184202.wav,1149.0,1152.0,1150.4055,1150.1555,1150.6555,0.0,0.0,0.0,180.0,"left,right"
Recorder 6 - 0304 to 1004,04-08-2026,18:42:02,1.92448W,50.93973N,100%,22C,63%,6_20260408_184202.wav,AGC,48kHz,stereo,Part1,6_20260408_184202.wav,1200.0,1203.0,1200.6551666666667,1200.4051666666667,1200.9051666666667,-0.3346354166666667,-16.0625,310.07524271999404,229.92475728000596,"left,right"
Recorder 6 - 0304 to 1004,04-08-2026,18:42:02,1.92448W,50.93973N,100%,22C,63%,6_20260408_184202.wav,AGC,48kHz,stereo,Part1,6_20260408_184202.wav,1320.0,1323.0,1320.1917708333333,1320.0,1320.4417708333333,0.0,0.0,0.0,180.0,"left,right"
Recorder 6 - 0304 to 1004,04-08-2026,18:42:02,1.92448W,50.93973N,100%,22C,63%,6_20260408_184202.wav,AGC,48kHz,stereo,Part1,6_20260408_184202.wav,1371.0,1374.0,1372.7979166666667,1372.5479166666667,1373.0479166666667,0.0013020833333333333,0.0625,0.1705944566832045,179.8294055433168,"left,right"
Recorder 6 - 0304 to 1004,04-08-2026,18:42:02,1.92448W,50.93973N,100%,22C,63%,6_20260408_184202.wav,AGC,48kHz,stereo,Part1,6_20260408_184202.wav,1569.0,1572.0,1569.977,1569.727,1570.227,0.0013020833333333333,0.0625,0.1705944566832045,179.8294055433168,"left,right"
Recorder 6 - 0304 to 1004,04-08-2026,18:42:02,1.92448W,50.93973N,100%,22C,63%,6_20260408_184202.wav,AGC,48kHz,stereo,Part1,6_20260408_184202.wav,1671.0,1674.0,1672.7351875,1672.4851875,1672.9851875,0.0,0.0,0.0,180.0,"left,right"
Recorder 6 - 0304 to 1004,04-08-2026,19:12:03,1.92448W,50.93973N,100%,22C,63%,6_20260408_191203.wav,AGC,48kHz,stereo,Part2,6_20260408_191203.wav,3.0,6.0,4.7079375,4.4579375,4.9579375,0.0,0.0,0.0,180.0,"left,right"
Recorder 6 - 0304 to 1004,04-08-2026,19:12:03,1.92448W,50.93973N,100%,22C,63%,6_20260408_191203.wav,AGC,48kHz,stereo,Part2,6_20260408_191203.wav,120.0,123.0,120.28552083333334,120.03552083333334,120.53552083333334,-0.0013020833333333333,-0.0625,359.8294055433168,180.1705944566832,"left,right"
Recorder 6 - 0304 to 1004,04-08-2026,19:12:03,1.92448W,50.93973N,100%,22C,63%,6_20260408_191203.wav,AGC,48kHz,stereo,Part2,6_20260408_191203.wav,243.0,246.0,244.300125,244.050125,244.550125,-0.01953125,-0.9375,357.4402354785634,182.5597645214366,"left,right"
Recorder 6 - 0304 to 1004,04-08-2026,19:12:03,1.92448W,50.93973N,100%,22C,63%,6_20260408_191203.wav,AGC,48kHz,stereo,Part2,6_20260408_191203.wav,294.0,297.0,296.4389791666667,296.1889791666667,296.6889791666667,0.01953125,0.9375,2.559764521436577,177.4402354785634,"left,right"
Recorder 6 - 0304 to 1004,04-08-2026,19:12:03,1.92448W,50.93973N,100%,22C,63%,6_20260408_191203.wav,AGC,48kHz,stereo,Part2,6_20260408_191203.wav,345.0,348.0,346.75958333333335,346.50958333333335,347.00958333333335,0.10416666666666667,5.0,13.779999481122474,166.22000051887753,"left,right"
Recorder 6 - 0304 to 1004,04-08-2026,19:12:03,1.92448W,50.93973N,100%,22C,63%,6_20260408_191203.wav,AGC,48kHz,stereo,Part2,6_20260408_191203.wav,405.0,408.0,407.35372916666665,407.10372916666665,407.60372916666665,0.01953125,0.9375,2.559764521436577,177.4402354785634,"left,right"
Recorder 6 - 0304 to 1004,04-08-2026,19:12:03,1.92448W,50.93973N,100%,22C,63%,6_20260408_191203.wav,AGC,48kHz,stereo,Part2,6_20260408_191203.wav,465.0,468.0,467.3757708333333,467.1257708333333,467.6257708333333,0.0026041666666666665,0.125,0.34119042573000513,179.65880957426998,"left,right"
Recorder 6 - 0304 to 1004,04-08-2026,19:12:03,1.92448W,50.93973N,100%,22C,63%,6_20260408_191203.wav,AGC,48kHz,stereo,Part2,6_20260408_191203.wav,510.0,513.0,512.2090625,511.9590625,512.4590625,-0.01953125,-0.9375,357.4402354785634,182.5597645214366,"left,right"
Recorder 6 - 0304 to 1004,04-08-2026,19:12:03,1.92448W,50.93973N,100%,22C,63%,6_20260408_191203.wav,AGC,48kHz,stereo,Part2,6_20260408_191203.wav,555.0,558.0,557.3001666666667,557.0501666666667,557.5501666666667,0.0013020833333333333,0.0625,0.1705944566832045,179.8294055433168,"left,right"
Recorder 6 - 0304 to 1004,04-08-2026,19:12:03,1.92448W,50.93973N,100%,22C,63%,6_20260408_191203.wav,AGC,48kHz,stereo,Part2,6_20260408_191203.wav,585.0,588.0,585.4768333333334,585.2268333333334,585.7268333333334,0.0,0.0,0.0,180.0,"left,right"
Recorder 6 - 0304 to 1004,04-08-2026,19:12:03,1.92448W,50.93973N,100%,22C,63%,6_20260408_191203.wav,AGC,48kHz,stereo,Part2,6_20260408_191203.wav,702.0,705.0,703.8376666666667,703.5876666666667,704.0876666666667,0.0013020833333333333,0.0625,0.1705944566832045,179.8294055433168,"left,right"
Recorder 6 - 0304 to 1004,04-08-2026,19:12:03,1.92448W,50.93973N,100%,22C,63%,6_20260408_191203.wav,AGC,48kHz,stereo,Part2,6_20260408_191203.wav,705.0,708.0,705.1673958333333,705.0,705.4173958333333,0.0,0.0,0.0,180.0,"left,right"
Recorder 6 - 0304 to 1004,04-08-2026,19:12:03,1.92448W,50.93973N,100%,22C,63%,6_20260408_191203.wav,AGC,48kHz,stereo,Part2,6_20260408_191203.wav,840.0,843.0,840.4087291666667,840.1587291666667,840.6587291666667,0.0,0.0,0.0,180.0,"left,right"
Recorder 6 - 0304 to 1004,04-08-2026,19:12:03,1.92448W,50.93973N,100%,22C,63%,6_20260408_191203.wav,AGC,48kHz,stereo,Part2,6_20260408_191203.wav,948.0,951.0,948.731125,948.481125,948.981125,0.0,0.0,0.0,180.0,"left,right"
Recorder 6 - 0304 to 1004,04-08-2026,19:12:03,1.92448W,50.93973N,100%,22C,63%,6_20260408_191203.wav,AGC,48kHz,stereo,Part2,6_20260408_191203.wav,996.0,999.0,997.3125625,997.0625625,997.5625625,-0.0013020833333333333,-0.0625,359.8294055433168,180.1705944566832,"left,right"
Recorder 6 - 0304 to 1004,04-08-2026,19:12:03,1.92448W,50.93973N,100%,22C,63%,6_20260408_191203.wav,AGC,48kHz,stereo,Part2,6_20260408_191203.wav,1053.0,1056.0,1053.6052083333334,1053.3552083333334,1053.8552083333334,-0.0013020833333333333,-0.0625,359.8294055433168,180.1705944566832,"left,right"
Recorder 6 - 0304 to 1004,04-08-2026,19:12:03,1.92448W,50.93973N,100%,22C,63%,6_20260408_191203.wav,AGC,48kHz,stereo,Part2,6_20260408_191203.wav,1173.0,1176.0,1173.9819791666666,1173.7319791666666,1174.2319791666666,-0.0013020833333333333,-0.0625,359.8294055433168,180.1705944566832,"left,right"
Recorder 6 - 0304 to 1004,04-08-2026,19:12:03,1.92448W,50.93973N,100%,22C,63%,6_20260408_191203.wav,AGC,48kHz,stereo,Part2,6_20260408_191203.wav,1341.0,1344.0,1341.4029166666667,1341.1529166666667,1341.6529166666667,-0.01953125,-0.9375,357.4402354785634,182.5597645214366,"left,right"
Recorder 6 - 0304 to 1004,04-08-2026,19:12:03,1.92448W,50.93973N,100%,22C,63%,6_20260408_191203.wav,AGC,48kHz,stereo,Part2,6_20260408_191203.wav,1395.0,1398.0,1395.4919375,1395.2419375,1395.7419375,-0.01953125,-0.9375,357.4402354785634,182.5597645214366,"left,right"
Recorder 6 - 0304 to 1004,04-08-2026,19:12:03,1.92448W,50.93973N,100%,22C,63%,6_20260408_191203.wav,AGC,48kHz,stereo,Part2,6_20260408_191203.wav,1398.0,1401.0,1398.8555833333332,1398.6055833333332,1399.1055833333332,-0.0026041666666666665,-0.125,359.65880957427,180.34119042573002,"left,right"
Recorder 6 - 0304 to 1004,04-08-2026,19:12:03,1.92448W,50.93973N,100%,22C,63%,6_20260408_191203.wav,AGC,48kHz,stereo,Part2,6_20260408_191203.wav,1440.0,1443.0,1442.9899791666667,1442.7399791666667,1443.0,0.0013020833333333333,0.0625,0.1705944566832045,179.8294055433168,"left,right"
Recorder 6 - 0304 to 1004,04-08-2026,19:12:03,1.92448W,50.93973N,100%,22C,63%,6_20260408_191203.wav,AGC,48kHz,stereo,Part2,6_20260408_191203.wav,1443.0,1446.0,1443.0100416666667,1443.0,1443.2600416666667,0.0013020833333333333,0.0625,0.1705944566832045,179.8294055433168,"left,right"
Recorder 6 - 0304 to 1004,04-08-2026,19:12:03,1.92448W,50.93973N,100%,22C,63%,6_20260408_191203.wav,AGC,48kHz,stereo,Part2,6_20260408_191203.wav,1488.0,1491.0,1489.1704583333333,1488.9204583333333,1489.4204583333333,0.0,0.0,0.0,180.0,"left,right"
Recorder 6 - 0304 to 1004,04-08-2026,19:12:03,1.92448W,50.93973N,100%,22C,63%,6_20260408_191203.wav,AGC,48kHz,stereo,Part2,6_20260408_191203.wav,1527.0,1530.0,1529.1912708333334,1528.9412708333334,1529.4412708333334,-0.0013020833333333333,-0.0625,359.8294055433168,180.1705944566832,"left,right"
Recorder 6 - 0304 to 1004,04-08-2026,19:12:03,1.92448W,50.93973N,100%,22C,63%,6_20260408_191203.wav,AGC,48kHz,stereo,Part2,6_20260408_191203.wav,1557.0,1560.0,1557.1694791666666,1557.0,1557.4194791666666,0.0013020833333333333,0.0625,0.1705944566832045,179.8294055433168,"left,right"
Recorder 6 - 0304 to 1004,04-08-2026,19:12:03,1.92448W,50.93973N,100%,22C,63%,6_20260408_191203.wav,AGC,48kHz,stereo,Part2,6_20260408_191203.wav,1599.0,1602.0,1600.3816041666666,1600.1316041666666,1600.6316041666666,0.0013020833333333333,0.0625,0.1705944566832045,179.8294055433168,"left,right"
Recorder 6 - 0304 to 1004,04-08-2026,19:12:03,1.92448W,50.93973N,100%,22C,63%,6_20260408_191203.wav,AGC,48kHz,stereo,Part2,6_20260408_191203.wav,1620.0,1623.0,1621.206125,1620.956125,1621.456125,0.0,0.0,0.0,180.0,"left,right"
Recorder 6 - 0304 to 1004,04-08-2026,19:12:03,1.92448W,50.93973N,100%,22C,63%,6_20260408_191203.wav,AGC,48kHz,stereo,Part2,6_20260408_191203.wav,1680.0,1683.0,1682.8931041666667,1682.6431041666667,1683.0,0.0013020833333333333,0.0625,0.1705944566832045,179.8294055433168,"left,right"
Recorder 6 - 0304 to 1004,04-08-2026,19:12:03,1.92448W,50.93973N,100%,22C,63%,6_20260408_191203.wav,AGC,48kHz,stereo,Part2,6_20260408_191203.wav,1683.0,1686.0,1683.4855,1683.2355,1683.7355,0.0,0.0,0.0,180.0,"left,right"
Recorder 6 - 0304 to 1004,04-08-2026,19:12:03,1.92448W,50.93973N,100%,22C,63%,6_20260408_191203.wav,AGC,48kHz,stereo,Part2,6_20260408_191203.wav,1725.0,1728.0,1725.9358958333332,1725.6858958333332,1726.1858958333332,0.16666666666666666,8.0,22.402524429269803,157.59747557073018,"left,right"
Recorder 6 - 0304 to 1004,04-08-2026,19:12:03,1.92448W,50.93973N,100%,22C,63%,6_20260408_191203.wav,AGC,48kHz,stereo,Part2,6_20260408_191203.wav,1758.0,1761.0,1759.3870625,1759.1370625,1759.6370625,0.14583333333333334,7.000000000000001,19.479661319800442,160.52033868019956,"left,right"
Recorder 6 - 0304 to 1004,04-09-2026,06:39:02,1.92448W,50.93973N,100%,7C,99%,6_20260409_063902.wav,AGC,48kHz,stereo,Part1,6_20260409_063902.wav,57.0,60.0,57.5895625,57.3395625,57.8395625,0.0,0.0,0.0,180.0,"left,right"
Recorder 6 - 0304 to 1004,04-09-2026,06:39:02,1.92448W,50.93973N,100%,7C,99%,6_20260409_063902.wav,AGC,48kHz,stereo,Part1,6_20260409_063902.wav,198.0,201.0,198.95258333333334,198.70258333333334,199.20258333333334,-0.0625,-3.0,351.7833434777075,188.21665652229254,"left,right"
Recorder 6 - 0304 to 1004,04-09-2026,06:39:02,1.92448W,50.93973N,100%,7C,99%,6_20260409_063902.wav,AGC,48kHz,stereo,Part1,6_20260409_063902.wav,387.0,390.0,388.52791666666667,388.27791666666667,388.77791666666667,-0.14713541666666666,-7.0625,340.3392852880692,199.66071471193078,"left,right"
Recorder 6 - 0304 to 1004,04-09-2026,06:39:02,1.92448W,50.93973N,100%,7C,99%,6_20260409_063902.wav,AGC,48kHz,stereo,Part1,6_20260409_063902.wav,657.0,660.0,658.637625,658.387625,658.887625,0.0013020833333333333,0.0625,0.1705944566832045,179.8294055433168,"left,right"
Recorder 6 - 0304 to 1004,04-09-2026,07:09:03,1.92448W,50.93973N,100%,7C,99%,6_20260409_070903.wav,AGC,48kHz,stereo,Part2,6_20260409_070903.wav,3.0,6.0,5.399916666666666,5.149916666666666,5.649916666666666,0.375,18.0,59.03703129067228,120.96296870932773,"left,right"
Recorder 6 - 0304 to 1004,04-09-2026,07:09:03,1.92448W,50.93973N,100%,7C,99%,6_20260409_070903.wav,AGC,48kHz,stereo,Part2,6_20260409_070903.wav,1152.0,1155.0,1153.9947708333334,1153.7447708333334,1154.2447708333334,-0.16796875,-8.0625,337.4128325334986,202.5871674665014,"left,right"
Recorder 6 - 0304 to 1004,04-09-2026,07:09:03,1.92448W,50.93973N,100%,7C,99%,6_20260409_070903.wav,AGC,48kHz,stereo,Part2,6_20260409_070903.wav,1296.0,1299.0,1296.6962083333333,1296.4462083333333,1296.9462083333333,-0.01953125,-0.9375,357.4402354785634,182.5597645214366,"left,right"
Recorder 6 - 0304 to 1004,04-09-2026,07:09:03,1.92448W,50.93973N,100%,7C,99%,6_20260409_070903.wav,AGC,48kHz,stereo,Part2,6_20260409_070903.wav,1389.0,1392.0,1389.0612916666666,1389.0,1389.3112916666666,0.01953125,0.9375,2.559764521436577,177.4402354785634,"left,right"
Recorder 6 - 0304 to 1004,04-09-2026,07:09:03,1.92448W,50.93973N,100%,7C,99%,6_20260409_070903.wav,AGC,48kHz,stereo,Part2,6_20260409_070903.wav,1632.0,1635.0,1633.1398125,1632.8898125,1633.3898125,-0.01953125,-0.9375,357.4402354785634,182.5597645214366,"left,right"
Recorder 6 - 0304 to 1004,04-09-2026,07:09:03,1.92448W,50.93973N,100%,7C,99%,6_20260409_070903.wav,AGC,48kHz,stereo,Part2,6_20260409_070903.wav,1752.0,1755.0,1754.209,1753.959,1754.459,0.022135416666666668,1.0625,2.9013412575649227,177.09865874243508,"left,right"
Recorder 6 - 0304 to 1004,04-09-2026,18:42:02,1.92448W,50.93973N,100%,11C,56%,6_20260409_184202.wav,AGC,48kHz,stereo,Part1,6_20260409_184202.wav,156.0,159.0,157.3498125,157.0998125,157.5998125,-0.0013020833333333333,-0.0625,359.8294055433168,180.1705944566832,"left,right"
Recorder 6 - 0304 to 1004,04-09-2026,18:42:02,1.92448W,50.93973N,100%,11C,56%,6_20260409_184202.wav,AGC,48kHz,stereo,Part1,6_20260409_184202.wav,276.0,279.0,277.7089583333333,277.4589583333333,277.9589583333333,0.0013020833333333333,0.0625,0.1705944566832045,179.8294055433168,"left,right"
Recorder 6 - 0304 to 1004,04-09-2026,18:42:02,1.92448W,50.93973N,100%,11C,56%,6_20260409_184202.wav,AGC,48kHz,stereo,Part1,6_20260409_184202.wav,606.0,609.0,607.7270416666667,607.4770416666667,607.9770416666667,0.0013020833333333333,0.0625,0.1705944566832045,179.8294055433168,"left,right"
Recorder 6 - 0304 to 1004,04-09-2026,18:42:02,1.92448W,50.93973N,100%,11C,56%,6_20260409_184202.wav,AGC,48kHz,stereo,Part1,6_20260409_184202.wav,726.0,729.0,726.6430833333334,726.3930833333334,726.8930833333334,-0.0234375,-1.125,356.92783242535745,183.07216757464255,"left,right"
Recorder 6 - 0304 to 1004,04-09-2026,18:42:02,1.92448W,50.93973N,100%,11C,56%,6_20260409_184202.wav,AGC,48kHz,stereo,Part1,6_20260409_184202.wav,864.0,867.0,866.9099166666666,866.6599166666666,867.0,-0.020833333333333332,-1.0,357.26945925055134,182.73054074944866,"left,right"
Recorder 6 - 0304 to 1004,04-09-2026,18:42:02,1.92448W,50.93973N,100%,11C,56%,6_20260409_184202.wav,AGC,48kHz,stereo,Part1,6_20260409_184202.wav,867.0,870.0,867.0256666666667,867.0,867.2756666666667,0.0013020833333333333,0.0625,0.1705944566832045,179.8294055433168,"left,right"
Recorder 6 - 0304 to 1004,04-09-2026,18:42:02,1.92448W,50.93973N,100%,11C,56%,6_20260409_184202.wav,AGC,48kHz,stereo,Part1,6_20260409_184202.wav,1047.0,1050.0,1048.5322083333333,1048.2822083333333,1048.7822083333333,0.0,0.0,0.0,180.0,"left,right"
Recorder 6 - 0304 to 1004,04-09-2026,18:42:02,1.92448W,50.93973N,100%,11C,56%,6_20260409_184202.wav,AGC,48kHz,stereo,Part1,6_20260409_184202.wav,1368.0,1371.0,1368.0116666666668,1368.0,1368.2616666666668,0.022135416666666668,1.0625,2.9013412575649227,177.09865874243508,"left,right"
Recorder 6 - 0304 to 1004,04-09-2026,18:42:02,1.92448W,50.93973N,100%,11C,56%,6_20260409_184202.wav,AGC,48kHz,stereo,Part1,6_20260409_184202.wav,1533.0,1536.0,1535.4599583333334,1535.2099583333334,1535.7099583333334,0.4166666666666667,20.0,72.32192951701641,107.67807048298359,"left,right"
Recorder 6 - 0304 to 1004,04-09-2026,18:42:02,1.92448W,50.93973N,100%,11C,56%,6_20260409_184202.wav,AGC,48kHz,stereo,Part1,6_20260409_184202.wav,1698.0,1701.0,1699.486125,1699.236125,1699.736125,0.0,0.0,0.0,180.0,"left,right"
Recorder 6 - 0304 to 1004,04-09-2026,19:12:03,1.92448W,50.93973N,100%,11C,56%,6_20260409_191203.wav,AGC,48kHz,stereo,Part2,6_20260409_191203.wav,111.0,114.0,111.6553125,111.4053125,111.9053125,-0.01953125,-0.9375,357.4402354785634,182.5597645214366,"left,right"
Recorder 6 - 0304 to 1004,04-09-2026,19:12:03,1.92448W,50.93973N,100%,11C,56%,6_20260409_191203.wav,AGC,48kHz,stereo,Part2,6_20260409_191203.wav,261.0,264.0,263.4859583333333,263.2359583333333,263.7359583333333,0.0,0.0,0.0,180.0,"left,right"
Recorder 6 - 0304 to 1004,04-09-2026,19:12:03,1.92448W,50.93973N,100%,11C,56%,6_20260409_191203.wav,AGC,48kHz,stereo,Part2,6_20260409_191203.wav,438.0,441.0,440.0743541666667,439.8243541666667,440.3243541666667,0.0,0.0,0.0,180.0,"left,right"
Recorder 6 - 0304 to 1004,04-09-2026,19:12:03,1.92448W,50.93973N,100%,11C,56%,6_20260409_191203.wav,AGC,48kHz,stereo,Part2,6_20260409_191203.wav,600.0,603.0,600.8951458333333,600.6451458333333,601.1451458333333,0.0,0.0,0.0,180.0,"left,right"
Recorder 6 - 0304 to 1004,04-09-2026,19:12:03,1.92448W,50.93973N,100%,11C,56%,6_20260409_191203.wav,AGC,48kHz,stereo,Part2,6_20260409_191203.wav,726.0,729.0,726.5772083333334,726.3272083333334,726.8272083333334,0.0,0.0,0.0,180.0,"left,right"
Recorder 6 - 0304 to 1004,04-09-2026,19:12:03,1.92448W,50.93973N,100%,11C,56%,6_20260409_191203.wav,AGC,48kHz,stereo,Part2,6_20260409_191203.wav,846.0,849.0,846.2550833333333,846.0050833333333,846.5050833333333,0.01953125,0.9375,2.559764521436577,177.4402354785634,"left,right"
Recorder 6 - 0304 to 1004,04-09-2026,19:12:03,1.92448W,50.93973N,100%,11C,56%,6_20260409_191203.wav,AGC,48kHz,stereo,Part2,6_20260409_191203.wav,1482.0,1485.0,1483.2107083333333,1482.9607083333333,1483.4607083333333,-0.01953125,-0.9375,357.4402354785634,182.5597645214366,"left,right"
Recorder 6 - 0304 to 1004,04-10-2026,06:39:02,1.92448W,50.93973N,100%,2C,87%,6_20260410_063902.wav,AGC,48kHz,stereo,Part1,6_20260410_063902.wav,60.0,63.0,62.9241875,62.6741875,63.0,0.020833333333333332,1.0,2.730540749448636,177.26945925055136,"left,right"
Recorder 6 - 0304 to 1004,04-10-2026,06:39:02,1.92448W,50.93973N,100%,2C,87%,6_20260410_063902.wav,AGC,48kHz,stereo,Part1,6_20260410_063902.wav,141.0,144.0,142.26270833333334,142.01270833333334,142.51270833333334,0.20833333333333334,10.0,28.449819023970527,151.55018097602948,"left,right"
Recorder 6 - 0304 to 1004,04-10-2026,06:39:02,1.92448W,50.93973N,100%,2C,87%,6_20260410_063902.wav,AGC,48kHz,stereo,Part1,6_20260410_063902.wav,165.0,168.0,167.20847916666668,166.95847916666668,167.45847916666668,-0.0013020833333333333,-0.0625,359.8294055433168,180.1705944566832,"left,right"
Recorder 6 - 0304 to 1004,04-10-2026,06:39:02,1.92448W,50.93973N,100%,2C,87%,6_20260410_063902.wav,AGC,48kHz,stereo,Part1,6_20260410_063902.wav,216.0,219.0,218.55885416666666,218.30885416666666,218.80885416666666,0.01953125,0.9375,2.559764521436577,177.4402354785634,"left,right"
Recorder 6 - 0304 to 1004,04-10-2026,06:39:02,1.92448W,50.93973N,100%,2C,87%,6_20260410_063902.wav,AGC,48kHz,stereo,Part1,6_20260410_063902.wav,219.0,222.0,219.0100625,219.0,219.2600625,0.0,0.0,0.0,180.0,"left,right"
Recorder 6 - 0304 to 1004,04-10-2026,06:39:02,1.92448W,50.93973N,100%,2C,87%,6_20260410_063902.wav,AGC,48kHz,stereo,Part1,6_20260410_063902.wav,303.0,306.0,303.8735208333333,303.6235208333333,304.1235208333333,0.0,0.0,0.0,180.0,"left,right"
Recorder 6 - 0304 to 1004,04-10-2026,06:39:02,1.92448W,50.93973N,100%,2C,87%,6_20260410_063902.wav,AGC,48kHz,stereo,Part1,6_20260410_063902.wav,345.0,348.0,346.1991458333333,345.9491458333333,346.4491458333333,0.16666666666666666,8.0,22.402524429269803,157.59747557073018,"left,right"
Recorder 6 - 0304 to 1004,04-10-2026,06:39:02,1.92448W,50.93973N,100%,2C,87%,6_20260410_063902.wav,AGC,48kHz,stereo,Part1,6_20260410_063902.wav,393.0,396.0,395.3133125,395.0633125,395.5633125,0.018229166666666668,0.8750000000000001,2.389011046620638,177.61098895337938,"left,right"
Recorder 6 - 0304 to 1004,04-10-2026,06:39:02,1.92448W,50.93973N,100%,2C,87%,6_20260410_063902.wav,AGC,48kHz,stereo,Part1,6_20260410_063902.wav,420.0,423.0,422.35133333333334,422.10133333333334,422.60133333333334,0.0,0.0,0.0,180.0,"left,right"
Recorder 6 - 0304 to 1004,04-10-2026,06:39:02,1.92448W,50.93973N,100%,2C,87%,6_20260410_063902.wav,AGC,48kHz,stereo,Part1,6_20260410_063902.wav,477.0,480.0,478.78302083333335,478.53302083333335,479.03302083333335,0.01953125,0.9375,2.559764521436577,177.4402354785634,"left,right"
Recorder 6 - 0304 to 1004,04-10-2026,06:39:02,1.92448W,50.93973N,100%,2C,87%,6_20260410_063902.wav,AGC,48kHz,stereo,Part1,6_20260410_063902.wav,621.0,624.0,622.4719166666666,622.2219166666666,622.7219166666666,0.0,0.0,0.0,180.0,"left,right"
Recorder 6 - 0304 to 1004,04-10-2026,06:39:02,1.92448W,50.93973N,100%,2C,87%,6_20260410_063902.wav,AGC,48kHz,stereo,Part1,6_20260410_063902.wav,681.0,684.0,682.43225,682.18225,682.68225,-0.01953125,-0.9375,357.4402354785634,182.5597645214366,"left,right"
Recorder 6 - 0304 to 1004,04-10-2026,06:39:02,1.92448W,50.93973N,100%,2C,87%,6_20260410_063902.wav,AGC,48kHz,stereo,Part1,6_20260410_063902.wav,768.0,771.0,769.6957291666666,769.4457291666666,769.9457291666666,0.4166666666666667,20.0,72.32192951701641,107.67807048298359,"left,right"
Recorder 6 - 0304 to 1004,04-10-2026,06:39:02,1.92448W,50.93973N,100%,2C,87%,6_20260410_063902.wav,AGC,48kHz,stereo,Part1,6_20260410_063902.wav,807.0,810.0,808.2883125,808.0383125,808.5383125,0.0013020833333333333,0.0625,0.1705944566832045,179.8294055433168,"left,right"
Recorder 6 - 0304 to 1004,04-10-2026,06:39:02,1.92448W,50.93973N,100%,2C,87%,6_20260410_063902.wav,AGC,48kHz,stereo,Part1,6_20260410_063902.wav,873.0,876.0,874.1115208333333,873.8615208333333,874.3615208333333,0.020833333333333332,1.0,2.730540749448636,177.26945925055136,"left,right"
Recorder 6 - 0304 to 1004,04-10-2026,06:39:02,1.92448W,50.93973N,100%,2C,87%,6_20260410_063902.wav,AGC,48kHz,stereo,Part1,6_20260410_063902.wav,1020.0,1023.0,1021.3732083333333,1021.1232083333333,1021.6232083333333,0.0,0.0,0.0,180.0,"left,right"
Recorder 6 - 0304 to 1004,04-10-2026,06:39:02,1.92448W,50.93973N,100%,2C,87%,6_20260410_063902.wav,AGC,48kHz,stereo,Part1,6_20260410_063902.wav,1191.0,1194.0,1193.0258333333334,1192.7758333333334,1193.2758333333334,0.022135416666666668,1.0625,2.9013412575649227,177.09865874243508,"left,right"
Recorder 6 - 0304 to 1004,04-10-2026,06:39:02,1.92448W,50.93973N,100%,2C,87%,6_20260410_063902.wav,AGC,48kHz,stereo,Part1,6_20260410_063902.wav,1200.0,1203.0,1200.5696875,1200.3196875,1200.8196875,0.022135416666666668,1.0625,2.9013412575649227,177.09865874243508,"left,right"
Recorder 6 - 0304 to 1004,04-10-2026,06:39:02,1.92448W,50.93973N,100%,2C,87%,6_20260410_063902.wav,AGC,48kHz,stereo,Part1,6_20260410_063902.wav,1236.0,1239.0,1236.4532916666667,1236.2032916666667,1236.7032916666667,-0.01953125,-0.9375,357.4402354785634,182.5597645214366,"left,right"
Recorder 6 - 0304 to 1004,04-10-2026,06:39:02,1.92448W,50.93973N,100%,2C,87%,6_20260410_063902.wav,AGC,48kHz,stereo,Part1,6_20260410_063902.wav,1278.0,1281.0,1280.2381875,1279.9881875,1280.4881875,0.0,0.0,0.0,180.0,"left,right"
Recorder 6 - 0304 to 1004,04-10-2026,06:39:02,1.92448W,50.93973N,100%,2C,87%,6_20260410_063902.wav,AGC,48kHz,stereo,Part1,6_20260410_063902.wav,1353.0,1356.0,1353.3221458333333,1353.0721458333333,1353.5721458333333,0.0,0.0,0.0,180.0,"left,right"
Recorder 6 - 0304 to 1004,04-10-2026,06:39:02,1.92448W,50.93973N,100%,2C,87%,6_20260410_063902.wav,AGC,48kHz,stereo,Part1,6_20260410_063902.wav,1377.0,1380.0,1379.458125,1379.208125,1379.708125,-0.0013020833333333333,-0.0625,359.8294055433168,180.1705944566832,"left,right"
Recorder 6 - 0304 to 1004,04-10-2026,06:39:02,1.92448W,50.93973N,100%,2C,87%,6_20260410_063902.wav,AGC,48kHz,stereo,Part1,6_20260410_063902.wav,1494.0,1497.0,1495.3550625,1495.1050625,1495.6050625,0.020833333333333332,1.0,2.730540749448636,177.26945925055136,"left,right"
Recorder 6 - 0304 to 1004,04-10-2026,06:39:02,1.92448W,50.93973N,100%,2C,87%,6_20260410_063902.wav,AGC,48kHz,stereo,Part1,6_20260410_063902.wav,1551.0,1554.0,1553.2287916666667,1552.9787916666667,1553.4787916666667,0.0,0.0,0.0,180.0,"left,right"
Recorder 6 - 0304 to 1004,04-10-2026,06:39:02,1.92448W,50.93973N,100%,2C,87%,6_20260410_063902.wav,AGC,48kHz,stereo,Part1,6_20260410_063902.wav,1686.0,1689.0,1687.5845416666666,1687.3345416666666,1687.8345416666666,0.020833333333333332,1.0,2.730540749448636,177.26945925055136,"left,right"
Recorder 6 - 0304 to 1004,04-10-2026,06:39:02,1.92448W,50.93973N,100%,2C,87%,6_20260410_063902.wav,AGC,48kHz,stereo,Part1,6_20260410_063902.wav,1776.0,1779.0,1776.6109375,1776.3609375,1776.8609375,0.01953125,0.9375,2.559764521436577,177.4402354785634,"left,right"
Recorder 6 - 0304 to 1004,04-10-2026,07:09:03,1.92448W,50.93973N,100%,2C,87%,6_20260410_070903.wav,AGC,48kHz,stereo,Part2,6_20260410_070903.wav,36.0,39.0,36.814729166666666,36.564729166666666,37.064729166666666,0.0,0.0,0.0,180.0,"left,right"
Recorder 6 - 0304 to 1004,04-10-2026,07:09:03,1.92448W,50.93973N,100%,2C,87%,6_20260410_070903.wav,AGC,48kHz,stereo,Part2,6_20260410_070903.wav,48.0,51.0,49.990291666666664,49.740291666666664,50.240291666666664,-0.01953125,-0.9375,357.4402354785634,182.5597645214366,"left,right"
Recorder 6 - 0304 to 1004,04-10-2026,07:09:03,1.92448W,50.93973N,100%,2C,87%,6_20260410_070903.wav,AGC,48kHz,stereo,Part2,6_20260410_070903.wav,267.0,270.0,267.74604166666666,267.49604166666666,267.99604166666666,0.01953125,0.9375,2.559764521436577,177.4402354785634,"left,right"
Recorder 6 - 0304 to 1004,04-10-2026,07:09:03,1.92448W,50.93973N,100%,2C,87%,6_20260410_070903.wav,AGC,48kHz,stereo,Part2,6_20260410_070903.wav,330.0,333.0,331.00935416666664,330.75935416666664,331.25935416666664,0.0,0.0,0.0,180.0,"left,right"
Recorder 6 - 0304 to 1004,04-10-2026,07:09:03,1.92448W,50.93973N,100%,2C,87%,6_20260410_070903.wav,AGC,48kHz,stereo,Part2,6_20260410_070903.wav,405.0,408.0,407.09141666666665,406.84141666666665,407.34141666666665,0.20963541666666669,10.0625,28.64402351587954,151.35597648412045,"left,right"
Recorder 6 - 0304 to 1004,04-10-2026,07:09:03,1.92448W,50.93973N,100%,2C,87%,6_20260410_070903.wav,AGC,48kHz,stereo,Part2,6_20260410_070903.wav,513.0,516.0,515.8658958333333,515.6158958333333,516.0,0.020833333333333332,1.0,2.730540749448636,177.26945925055136,"left,right"
Recorder 6 - 0304 to 1004,04-10-2026,07:09:03,1.92448W,50.93973N,100%,2C,87%,6_20260410_070903.wav,AGC,48kHz,stereo,Part2,6_20260410_070903.wav,552.0,555.0,552.34375,552.09375,552.59375,0.0013020833333333333,0.0625,0.1705944566832045,179.8294055433168,"left,right"
Recorder 6 - 0304 to 1004,04-10-2026,07:09:03,1.92448W,50.93973N,100%,2C,87%,6_20260410_070903.wav,AGC,48kHz,stereo,Part2,6_20260410_070903.wav,651.0,654.0,651.5620625,651.3120625,651.8120625,-0.0013020833333333333,-0.0625,359.8294055433168,180.1705944566832,"left,right"
Recorder 6 - 0304 to 1004,04-10-2026,07:09:03,1.92448W,50.93973N,100%,2C,87%,6_20260410_070903.wav,AGC,48kHz,stereo,Part2,6_20260410_070903.wav,654.0,657.0,655.8715625,655.6215625,656.1215625,0.0,0.0,0.0,180.0,"left,right"
Recorder 6 - 0304 to 1004,04-10-2026,07:09:03,1.92448W,50.93973N,100%,2C,87%,6_20260410_070903.wav,AGC,48kHz,stereo,Part2,6_20260410_070903.wav,777.0,780.0,778.0561458333333,777.8061458333333,778.3061458333333,0.01953125,0.9375,2.559764521436577,177.4402354785634,"left,right"
Recorder 6 - 0304 to 1004,04-10-2026,07:09:03,1.92448W,50.93973N,100%,2C,87%,6_20260410_070903.wav,AGC,48kHz,stereo,Part2,6_20260410_070903.wav,819.0,822.0,821.7291875,821.4791875,821.9791875,-0.018229166666666668,-0.8750000000000001,357.6109889533793,182.38901104662065,"left,right"
Recorder 6 - 0304 to 1004,04-10-2026,07:09:03,1.92448W,50.93973N,100%,2C,87%,6_20260410_070903.wav,AGC,48kHz,stereo,Part2,6_20260410_070903.wav,882.0,885.0,884.5267708333333,884.2767708333333,884.7767708333333,0.0,0.0,0.0,180.0,"left,right"
Recorder 6 - 0304 to 1004,04-10-2026,07:09:03,1.92448W,50.93973N,100%,2C,87%,6_20260410_070903.wav,AGC,48kHz,stereo,Part2,6_20260410_070903.wav,885.0,888.0,885.0100833333333,885.0,885.2600833333333,0.0,0.0,0.0,180.0,"left,right"
Recorder 6 - 0304 to 1004,04-10-2026,07:09:03,1.92448W,50.93973N,100%,2C,87%,6_20260410_070903.wav,AGC,48kHz,stereo,Part2,6_20260410_070903.wav,1020.0,1023.0,1022.3183333333334,1022.0683333333334,1022.5683333333334,0.0013020833333333333,0.0625,0.1705944566832045,179.8294055433168,"left,right"
Recorder 6 - 0304 to 1004,04-10-2026,07:09:03,1.92448W,50.93973N,100%,2C,87%,6_20260410_070903.wav,AGC,48kHz,stereo,Part2,6_20260410_070903.wav,1191.0,1194.0,1191.9400416666667,1191.6900416666667,1192.1900416666667,-0.20833333333333334,-10.0,331.5501809760295,208.44981902397052,"left,right"
Recorder 6 - 0304 to 1004,04-10-2026,07:09:03,1.92448W,50.93973N,100%,2C,87%,6_20260410_070903.wav,AGC,48kHz,stereo,Part2,6_20260410_070903.wav,1341.0,1344.0,1342.6342083333334,1342.3842083333334,1342.8842083333334,-0.0013020833333333333,-0.0625,359.8294055433168,180.1705944566832,"left,right"
Recorder 6 - 0304 to 1004,04-10-2026,07:09:03,1.92448W,50.93973N,100%,2C,87%,6_20260410_070903.wav,AGC,48kHz,stereo,Part2,6_20260410_070903.wav,1530.0,1533.0,1531.2172708333333,1530.9672708333333,1531.4672708333333,0.0013020833333333333,0.0625,0.1705944566832045,179.8294055433168,"left,right"
Recorder 6 - 0304 to 1004,04-10-2026,07:09:03,1.92448W,50.93973N,100%,2C,87%,6_20260410_070903.wav,AGC,48kHz,stereo,Part2,6_20260410_070903.wav,1551.0,1554.0,1551.8763125,1551.6263125,1552.1263125,0.0013020833333333333,0.0625,0.1705944566832045,179.8294055433168,"left,right"
Recorder 6 - 0304 to 1004,04-10-2026,07:09:03,1.92448W,50.93973N,100%,2C,87%,6_20260410_070903.wav,AGC,48kHz,stereo,Part2,6_20260410_070903.wav,1647.0,1650.0,1648.8244791666666,1648.5744791666666,1649.0744791666666,-0.0013020833333333333,-0.0625,359.8294055433168,180.1705944566832,"left,right"
Recorder 6 - 0304 to 1004,04-10-2026,07:09:03,1.92448W,50.93973N,100%,2C,87%,6_20260410_070903.wav,AGC,48kHz,stereo,Part2,6_20260410_070903.wav,1713.0,1716.0,1713.2092708333332,1713.0,1713.4592708333332,0.0013020833333333333,0.0625,0.1705944566832045,179.8294055433168,"left,right"
Recorder 6 - 0304 to 1004,04-10-2026,07:09:03,1.92448W,50.93973N,100%,2C,87%,6_20260410_070903.wav,AGC,48kHz,stereo,Part2,6_20260410_070903.wav,1776.0,1779.0,1778.4893125,1778.2393125,1778.7393125,0.0,0.0,0.0,180.0,"left,right"
